# OpenSmash static character mesh (bind pose)
mtllib thomasdimson.mtl
o thomasdimson
v -2419.0009765625 1169.0689697265625 102.08899688720703
v -2390.43408203125 1218.5909423828125 -39.4370002746582
v -2390.43408203125 1218.5909423828125 -39.4370002746582
v -2440.176025390625 1182.25 37.51100158691406
v -2433.263916015625 1009.8369750976562 84.72000122070312
v -2433.263916015625 1009.8369750976562 84.72000122070312
v -2433.263916015625 1009.8369750976562 84.72000122070312
v -2338.466064453125 1017.1719970703125 -74.16000366210938
v -2338.466064453125 1017.1719970703125 -74.16000366210938
v -2385.882080078125 1183.9730224609375 -47.9119987487793
v -2433.382080078125 1214.864990234375 33.36399841308594
v -2397.764892578125 1288.7120361328125 -16.25502586364746
v -2388.4580078125 1193.9859619140625 -47.60900115966797
v -2378.21142578125 1432.406005859375 -27.389240264892578
v -2404.281005859375 1097.8289794921875 70.41600036621094
v -2335.39697265625 1100.68896484375 -29.34600067138672
v -2335.39697265625 1100.68896484375 -29.34600067138672
v -2319.222900390625 1175.739013671875 -61.29899978637695
v -2368.300048828125 1046.883056640625 -12.979000091552734
v -2419.961669921875 1376.6629638671875 98.42557525634766
v -2419.961669921875 1376.6629638671875 98.42557525634766
v -2438.967041015625 1190.1109619140625 37.26300048828125
v -2415.308837890625 1298.9599609375 53.02432632446289
v -2375.64453125 1366.68603515625 -60.41077423095703
v -2410.758056640625 1286.4200439453125 30.73394203186035
v -2410.758056640625 1286.4200439453125 30.73394203186035
v -2389.3720703125 1065.7039794921875 32.72999954223633
v -2388.5029296875 1105.008056640625 18.503999710083008
v -2388.5029296875 1105.008056640625 18.503999710083008
v -2388.5029296875 1105.008056640625 18.503999710083008
v -2370.97900390625 1372.635986328125 -73.97760772705078
v -2370.97900390625 1372.635986328125 -73.97760772705078
v -2389.419677734375 1303.156005859375 -35.48106002807617
v -2382.693603515625 1439.5369873046875 -5.595582962036133
v -2382.693603515625 1439.5369873046875 -5.595582962036133
v -2375.5859375 1160.9239501953125 -37.55400085449219
v -2431.407958984375 1161.3380126953125 38.96900177001953
v -2364.916015625 1208.593994140625 -52.56700134277344
v -2364.916015625 1208.593994140625 -52.56700134277344
v -2431.7880859375 1200.14794921875 59.56100082397461
v -2431.7880859375 1200.14794921875 59.56100082397461
v -2420.77099609375 1149.2010498046875 44.279998779296875
v -2417.60009765625 1339.0589599609375 79.17333984375
v -2417.60009765625 1339.0589599609375 79.17333984375
v -2366.051025390625 1152.64599609375 -31.593000411987305
v -2368.12060546875 1395.0389404296875 -71.86851501464844
v -2435.133056640625 1178.77197265625 34.58300018310547
v -2378.36376953125 1344.489990234375 -55.10005187988281
v -2385.197998046875 1180.2099609375 -41.55500030517578
v -2369.20654296875 1437.39599609375 -51.0583610534668
v -2349.68603515625 1004.2830200195312 -59.59700012207031
v -2414.698486328125 1395.675048828125 92.87727355957031
v -2414.698486328125 1395.675048828125 92.87727355957031
v -2411.113037109375 1132.5570068359375 52.60499954223633
v -2397.740966796875 1045.1839599609375 39.150001525878906
v -2429.656005859375 1157.613037109375 41.05400085449219
v -2428.43896484375 1156.0040283203125 40.972999572753906
v -2379.7548828125 1168.0660400390625 -40.14400100708008
v -2363.123046875 1073.4720458984375 3.677999973297119
v -2414.836669921875 1336.3270263671875 71.67874145507812
v -2414.836669921875 1336.3270263671875 71.67874145507812
v -2370.581298828125 1389.06201171875 -63.12371063232422
v -2374.6279296875 1161.52197265625 -38.07099914550781
v -2380.1982421875 1341.5439453125 -47.326358795166016
v -2380.1982421875 1341.5439453125 -47.326358795166016
v -2396.50634765625 1428.77001953125 44.2840576171875
v -2396.50634765625 1428.77001953125 44.2840576171875
v -2396.50634765625 1428.77001953125 44.2840576171875
v -2426.864990234375 1008.9320068359375 76.00900268554688
v -2426.864990234375 1008.9320068359375 76.00900268554688
v -2341.2890625 1116.823974609375 -24.966999053955078
v -2430.695068359375 1206.404052734375 55.733001708984375
v -2430.695068359375 1206.404052734375 55.733001708984375
v -2415.7119140625 1001.0609741210938 49.48899841308594
v -2415.7119140625 1001.0609741210938 49.48899841308594
v -2403.257080078125 1114.239990234375 62.183998107910156
v -2403.257080078125 1114.239990234375 62.183998107910156
v -2422.177001953125 1068.125 84.55500030517578
v -2422.177001953125 1068.125 84.55500030517578
v -2425.014892578125 1004.0380249023438 71.94499969482422
v -2425.014892578125 1004.0380249023438 71.94499969482422
v -2336.277099609375 1068.7509765625 -53.74300003051758
v -2367.56005859375 1221.23095703125 -50.87099838256836
v -2420.7451171875 1067.9189453125 84.05500030517578
v -2427.14892578125 1185.2540283203125 69.18099975585938
v -2353.5849609375 1190.5260009765625 -53.1870002746582
v -2407.302978515625 1033.156005859375 42.63600158691406
v -2370.064453125 1403.177001953125 -51.54386901855469
v -2412.68359375 1312.3499755859375 64.2213363647461
v -2412.68359375 1312.3499755859375 64.2213363647461
v -2351.5029296875 1007.2999877929688 -51.5989990234375
v -2381.732177734375 1316.72802734375 -42.20585632324219
v -2381.732177734375 1316.72802734375 -42.20585632324219
v -2401.12890625 1156.7530517578125 123.04000091552734
v -2432.75 1016.3359985351562 97.125
v -2432.75 1016.3359985351562 97.125
v -2291.824951171875 1163.885009765625 -57.57899856567383
v -2394.635986328125 1046.1390380859375 42.68000030517578
v -2333.886962890625 1068.1629638671875 -50.5099983215332
v -2378.358154296875 1336.5999755859375 -44.484798431396484
v -2378.358154296875 1336.5999755859375 -44.484798431396484
v -2414.303955078125 1185.875 110.46399688720703
v -2311.16796875 1192.6719970703125 -60.94747543334961
v -2428.587890625 1207.4219970703125 55.72200012207031
v -2410.931640625 1331.4580078125 69.24095916748047
v -2366.662109375 1221.9429931640625 -49.78499984741211
v -2429.214599609375 1221.0269775390625 78.99348449707031
v -2429.214599609375 1221.0269775390625 78.99348449707031
v -2391.2919921875 1049.83203125 42.33000183105469
v -2391.2919921875 1049.83203125 42.33000183105469
v -2381.455322265625 1306.5379638671875 -43.17036056518555
v -2381.455322265625 1306.5379638671875 -43.17036056518555
v -2354.10009765625 1228.697998046875 -63.14607620239258
v -2412.30810546875 1013.1699829101562 49.67900085449219
v -2413.786376953125 1327.7840576171875 78.9330825805664
v -2369.1689453125 1414.77001953125 -43.97473907470703
v -2370.576904296875 1226.698974609375 -47.91400146484375
v -2394.756103515625 1045.6259765625 42.20800018310547
v -2408.822021484375 1031.97802734375 48.12900161743164
v -2375.245849609375 1333.39501953125 -53.73759078979492
v -2375.245849609375 1333.39501953125 -53.73759078979492
v -2375.245849609375 1333.39501953125 -53.73759078979492
v -2429.39501953125 1218.1490478515625 54.07500076293945
v -2365.27099609375 1031.4010009765625 -26.788000106811523
v -2378.664794921875 1327.114013671875 -42.356910705566406
v -2431.919921875 1020.89697265625 97.572998046875
v -2431.919921875 1020.89697265625 97.572998046875
v -2366.236083984375 1009.5770263671875 -31.940000534057617
v -2364.62109375 1097.3759765625 11.019000053405762
v -2364.62109375 1097.3759765625 11.019000053405762
v -2359.821044921875 1047.094970703125 -11.10099983215332
v -2381.39501953125 1096.1209716796875 25.006000518798828
v -2427.001953125 1230.0970458984375 41.37099838256836
v -2427.001953125 1230.0970458984375 41.37099838256836
v -2381.60400390625 1234.2879638671875 -37.1607666015625
v -2381.60400390625 1234.2879638671875 -37.1607666015625
v -2428.726318359375 1228.1009521484375 75.09368133544922
v -2416.781005859375 1007.6719970703125 64.02200317382812
v -2336.99609375 1051.5400390625 -63.915000915527344
v -2336.99609375 1051.5400390625 -63.915000915527344
v -2359.292724609375 1235.7149658203125 -61.21708679199219
v -2416.2890625 1067.4320068359375 85.94499969482422
v -2416.2890625 1067.4320068359375 85.94499969482422
v -2427.01806640625 1052.2440185546875 90.83300018310547
v -2427.01806640625 1052.2440185546875 90.83300018310547
v -2423.60107421875 1209.3189697265625 88.64656829833984
v -2427.35693359375 1054.613037109375 92.58100128173828
v -2338.89404296875 1215.4329833984375 -60.591217041015625
v -2338.89404296875 1215.4329833984375 -60.591217041015625
v -2266.047119140625 1157.155029296875 -53.9109992980957
v -2266.047119140625 1157.155029296875 -53.9109992980957
v -2409.9912109375 1300.9949951171875 62.488487243652344
v -2383.1669921875 1113.532958984375 15.715999603271484
v -2383.1669921875 1113.532958984375 15.715999603271484
v -2383.6220703125 1155.001953125 146.9010009765625
v -2261.986083984375 1163.5419921875 -53.40299987792969
v -2261.986083984375 1163.5419921875 -53.40299987792969
v -2331.85009765625 1030.136962890625 -70.83200073242188
v -2331.85009765625 1030.136962890625 -70.83200073242188
v -2358.1640625 1001.02001953125 -39.74100112915039
v -2421.48193359375 1063.47998046875 88.44999694824219
v -2379.927490234375 1306.73095703125 -39.82070541381836
v -2379.927490234375 1306.73095703125 -39.82070541381836
v -2430.22705078125 1029.9659423828125 98.18099975585938
v -2430.22705078125 1029.9659423828125 98.18099975585938
v -2409.74462890625 1348.93994140625 81.85039520263672
v -2409.74462890625 1348.93994140625 81.85039520263672
v -2385.583984375 1149.1839599609375 142.02499389648438
v -2385.583984375 1149.1839599609375 142.02499389648438
v -2411.422119140625 1173.9930419921875 102.67400360107422
v -2315.56103515625 1180.4720458984375 -54.68899917602539
v -2380.001953125 1305.7760009765625 -37.089324951171875
v -2380.001953125 1305.7760009765625 -37.089324951171875
v -2388.35498046875 1129.68505859375 7.78000020980835
v -2388.35498046875 1129.68505859375 7.78000020980835
v -2363.764892578125 1011.9039916992188 -31.195999145507812
v -2385.845947265625 1133.342041015625 11.029000282287598
v -2385.845947265625 1133.342041015625 11.029000282287598
v -2385.845947265625 1133.342041015625 11.029000282287598
v -2424.35009765625 1159.718994140625 43.54999923706055
v -2406.701416015625 1334.10205078125 69.3922348022461
v -2427.743896484375 1041.6109619140625 95.13700103759766
v -2427.743896484375 1041.6109619140625 95.13700103759766
v -2425.95556640625 1232.81103515625 77.29679870605469
v -2360.950439453125 1244.2349853515625 -62.6328239440918
v -2360.950439453125 1244.2349853515625 -62.6328239440918
v -2371.031005859375 1164.5169677734375 -35.36899948120117
v -2409.73193359375 1181.4730224609375 106.04399871826172
v -2409.73193359375 1181.4730224609375 106.04399871826172
v -2357.740966796875 1215.094970703125 -49.85541915893555
v -2357.740966796875 1215.094970703125 -49.85541915893555
v -2425.0146484375 1206.7750244140625 65.7430648803711
v -2425.0146484375 1206.7750244140625 65.7430648803711
v -2425.0146484375 1206.7750244140625 65.7430648803711
v -2361.47509765625 999.916015625 -33.15399932861328
v -2361.47509765625 999.916015625 -33.15399932861328
v -2311.090087890625 1187.7550048828125 -54.599998474121094
v -2311.090087890625 1187.7550048828125 -54.599998474121094
v -2362.376953125 1002.1799926757812 -31.708999633789062
v -2410.056884765625 1001.8330078125 54.64099884033203
v -2410.056884765625 1001.8330078125 54.64099884033203
v -2384.392333984375 1433.52001953125 32.90700912475586
v -2384.392333984375 1433.52001953125 32.90700912475586
v -2372.99609375 1339.072998046875 -43.27021789550781
v -2408.927978515625 1004.7940063476562 52.50199890136719
v -2373.683837890625 1338.6510009765625 -40.818634033203125
v -2421.9990234375 1155.696044921875 46.02000045776367
v -2426.701904296875 1008.801025390625 100.2239990234375
v -2361.177978515625 1003.9359741210938 -31.195999145507812
v -2361.177978515625 1003.9359741210938 -31.195999145507812
v -2408.75390625 1006.1799926757812 54.4630012512207
v -2408.75390625 1006.1799926757812 54.4630012512207
v -2408.75390625 1006.1799926757812 54.4630012512207
v -2344.4140625 1133.384033203125 -22.69300079345703
v -2419.44384765625 1258.031982421875 57.5221061706543
v -2367.061767578125 1359.614013671875 -52.214874267578125
v -2367.061767578125 1359.614013671875 -52.214874267578125
v -2379.147705078125 1262.7230224609375 -45.60923385620117
v -2379.147705078125 1262.7230224609375 -45.60923385620117
v -2400.1650390625 1086.2650146484375 80.86599731445312
v -2416.326904296875 1008.1640014648438 75.56099700927734
v -2416.326904296875 1008.1640014648438 75.56099700927734
v -2364.430908203125 1158.718017578125 -30.586999893188477
v -2352.632080078125 1070.2469482421875 5.59499979019165
v -2405.817626953125 1302.4859619140625 62.474796295166016
v -2405.817626953125 1302.4859619140625 62.474796295166016
v -2405.817626953125 1302.4859619140625 62.474796295166016
v -2379.39501953125 1068.0660400390625 40.20000076293945
v -2401.407958984375 1274.5069580078125 30.14900016784668
v -2389.039794921875 1271.470947265625 -14.737529754638672
v -2389.039794921875 1271.470947265625 -14.737529754638672
v -2389.039794921875 1271.470947265625 -14.737529754638672
v -2325.509033203125 1009.1069946289062 -68.72799682617188
v -2325.509033203125 1009.1069946289062 -68.72799682617188
v -2388.8740234375 1274.9010009765625 -12.090242385864258
v -2353.43701171875 1224.2130126953125 -54.18429183959961
v -2353.43701171875 1224.2130126953125 -54.18429183959961
v -2378.33935546875 1299.4189453125 -33.90518569946289
v -2423.278564453125 1215.406005859375 73.34773254394531
v -2423.278564453125 1215.406005859375 73.34773254394531
v -2378.89404296875 1295.6700439453125 -33.31344223022461
v -2379.7998046875 1293.1639404296875 -31.173049926757812
v -2366.791748046875 1351.7459716796875 -52.5316047668457
v -2366.791748046875 1351.7459716796875 -52.5316047668457
v -2273.529052734375 1172.4539794921875 -49.68199920654297
v -2371.4287109375 1429.4420166015625 -5.900548458099365
v -2376.029052734375 1305.876953125 -37.68181228637695
v -2376.029052734375 1305.876953125 -37.68181228637695
v -2376.029052734375 1305.876953125 -37.68181228637695
v -2362.048583984375 1395.385986328125 -51.42134475708008
v -2386.09912109375 1165.1710205078125 135.38800048828125
v -2404.1201171875 1289.343994140625 54.37860870361328
v -2404.1201171875 1289.343994140625 54.37860870361328
v -2427.330078125 1190.7889404296875 41.41999816894531
v -2328.194091796875 1066.9010009765625 -47.15399932861328
v -2404.279296875 1294.0269775390625 57.907039642333984
v -2404.279296875 1294.0269775390625 57.907039642333984
v -2401.76806640625 1133.0989990234375 58.45199966430664
v -2406.218017578125 1012.2319946289062 53.23699951171875
v -2406.218017578125 1012.2319946289062 53.23699951171875
v -2406.218017578125 1012.2319946289062 53.23699951171875
v -2417.508056640625 1154.3360595703125 47.334999084472656
v -2412.304931640625 1067.177978515625 88.19999694824219
v -2287.949951171875 1170.2469482421875 -49.54399871826172
v -2287.949951171875 1170.2469482421875 -49.54399871826172
v -2424.864013671875 1009.885986328125 103.60700225830078
v -2359.0390625 1031.592041015625 -25.09000015258789
v -2403.178955078125 1033.1700439453125 53.09199905395508
v -2368.688232421875 1429.7220458984375 -10.907447814941406
v -2362.637939453125 1159.385986328125 -30.81599998474121
v -2376.175537109375 1438.1610107421875 19.266618728637695
v -2359.59375 1434.1710205078125 -39.721046447753906
v -2402.095458984375 1323.373046875 66.96134185791016
v -2402.095458984375 1323.373046875 66.96134185791016
v -2402.095458984375 1323.373046875 66.96134185791016
v -2287.803955078125 1182.2950439453125 -50.14099884033203
v -2405.577880859375 1012.8709716796875 54.39799880981445
v -2413.291015625 1067.0870361328125 89.15499877929688
v -2413.291015625 1067.0870361328125 89.15499877929688
v -2371.5078125 1328.14794921875 -38.153011322021484
v -2420.1201171875 1052.0670166015625 92.02899932861328
v -2420.1201171875 1052.0670166015625 92.02899932861328
v -2328.319091796875 1066.2320556640625 -48.94200134277344
v -2394.2080078125 1175.7530517578125 123.7239990234375
v -2364.6591796875 1247.3570556640625 -55.381568908691406
v -2402.239501953125 1361.6949462890625 83.49805450439453
v -2402.239501953125 1361.6949462890625 83.49805450439453
v -2402.239501953125 1361.6949462890625 83.49805450439453
v -2363.8974609375 1366.843017578125 -48.65769577026367
v -2363.8974609375 1366.843017578125 -48.65769577026367
v -2403.350341796875 1335.1309814453125 77.59027099609375
v -2372.55810546875 1437.373046875 8.963247299194336
v -2372.55810546875 1437.373046875 8.963247299194336
v -2367.235107421875 1340.593017578125 -46.89579391479492
v -2367.235107421875 1340.593017578125 -46.89579391479492
v -2402.228515625 1375.41796875 89.32682800292969
v -2402.228515625 1375.41796875 89.32682800292969
v -2402.228515625 1375.41796875 89.32682800292969
v -2332.614013671875 1050.7139892578125 -58.459999084472656
v -2332.614013671875 1050.7139892578125 -58.459999084472656
v -2369.905029296875 1327.156005859375 -42.409912109375
v -2359.67138671875 1226.6810302734375 -46.69795608520508
v -2399.53759765625 1267.6419677734375 30.258716583251953
v -2358.81591796875 1009.0239868164062 -28.804000854492188
v -2358.81591796875 1009.0239868164062 -28.804000854492188
v -2420.723388671875 1213.9820556640625 62.338314056396484
v -2420.723388671875 1213.9820556640625 62.338314056396484
v -2347.08544921875 1199.7159423828125 -46.95685958862305
v -2347.08544921875 1199.7159423828125 -46.95685958862305
v -2347.08544921875 1199.7159423828125 -46.95685958862305
v -2417.334228515625 1194.3330078125 73.42002868652344
v -2417.334228515625 1194.3330078125 73.42002868652344
v -2401.10693359375 1159.9630126953125 105.2239990234375
v -2377.9951171875 1217.7860107421875 -31.91900062561035
v -2377.9951171875 1217.7860107421875 -31.91900062561035
v -2359.35009765625 1019.1829833984375 -26.858999252319336
v -2308.159912109375 1166.237060546875 -48.34000015258789
v -2418.427978515625 1157.6810302734375 47.15700149536133
v -2402.744140625 1322.364013671875 72.91303253173828
v -2402.744140625 1322.364013671875 72.91303253173828
v -2341.012451171875 1209.5179443359375 -50.74753189086914
v -2417.446533203125 1204.137939453125 80.94825744628906
v -2384.68505859375 1282.4560546875 -10.84913444519043
v -2385.958984375 1270.8480224609375 -13.407614707946777
v -2404.360107421875 1006.8829956054688 55.2130012512207
v -2404.360107421875 1006.8829956054688 55.2130012512207
v -2420.833984375 1214.35205078125 41.013999938964844
v -2420.833984375 1214.35205078125 41.013999938964844
v -2368.44384765625 1328.0389404296875 -44.02720642089844
v -2399.4677734375 1269.10302734375 32.06929016113281
v -2357.0009765625 1235.5469970703125 -51.93079376220703
v -2419.92041015625 1222.031005859375 69.62144470214844
v -2396.731689453125 1280.362060546875 32.41598892211914
v -2390.43701171875 1166.5660400390625 121.38899993896484
v -2390.43701171875 1166.5660400390625 121.38899993896484
v -2418.25 1229.9420166015625 41.7239990234375
v -2418.25 1229.9420166015625 41.7239990234375
v -2402.885009765625 1021.1370239257812 54.10200119018555
v -2402.885009765625 1021.1370239257812 54.10200119018555
v -2377.07763671875 1289.612060546875 -28.822492599487305
v -2386.51806640625 1046.6490478515625 50.362998962402344
v -2386.51806640625 1046.6490478515625 50.362998962402344
v -2389.416015625 1146.988037109375 121.66300201416016
v -2286.570068359375 1153.635009765625 -47.07500076293945
v -2334.531982421875 1007.1309814453125 -52.74399948120117
v -2334.531982421875 1007.1309814453125 -52.74399948120117
v -2350.430908203125 1046.3590087890625 -8.473999977111816
v -2377.10595703125 1289.5389404296875 -27.347919464111328
v -2418.7900390625 1214.9730224609375 62.373008728027344
v -2358.914794921875 1227.4129638671875 -45.30035400390625
v -2383.762939453125 1048.737060546875 50.57699966430664
v -2378.592041015625 1119.5489501953125 19.875
v -2378.592041015625 1119.5489501953125 19.875
v -2413.631103515625 1007.7999877929688 84.03900146484375
v -2387.31494140625 1045.89697265625 50.17499923706055
v -2387.31494140625 1045.89697265625 50.17499923706055
v -2351.947021484375 1045.300048828125 -9.265999794006348
v -2366.68603515625 1120.4560546875 16.000999450683594
v -2366.68603515625 1120.4560546875 16.000999450683594
v -2366.68603515625 1120.4560546875 16.000999450683594
v -2362.006591796875 1230.6949462890625 -42.269222259521484
v -2418.701904296875 1223.7550048828125 61.11377716064453
v -2289.205078125 1174.135986328125 -45.79199981689453
v -2289.205078125 1174.135986328125 -45.79199981689453
v -2389.74365234375 1429.449951171875 77.62893676757812
v -2392.643310546875 1404.9949951171875 78.80760192871094
v -2392.643310546875 1404.9949951171875 78.80760192871094
v -2355.6826171875 1238.322021484375 -52.00426483154297
v -2354.85400390625 1033.5670166015625 -23.65399932861328
v -2354.85400390625 1033.5670166015625 -23.65399932861328
v -2418.50732421875 1225.114013671875 71.52159881591797
v -2327.613037109375 1054.113037109375 -58.37900161743164
v -2327.613037109375 1054.113037109375 -58.37900161743164
v -2417.3291015625 1055.66796875 96.26000213623047
v -2417.3291015625 1055.66796875 96.26000213623047
v -2417.3291015625 1055.66796875 96.26000213623047
v -2417.3291015625 1055.66796875 96.26000213623047
v -2399.97607421875 1036.64697265625 55.83700180053711
v -2399.97607421875 1036.64697265625 55.83700180053711
v -2374.677001953125 1198.112060546875 -35.35200119018555
v -2384.227294921875 1430.29296875 62.01723861694336
v -2359.31689453125 1242.85400390625 -48.98448181152344
v -2417.9541015625 1235.1309814453125 69.75403594970703
v -2364.40380859375 1238.2889404296875 -40.85190963745117
v -2369.22412109375 1177.66796875 -31.91699981689453
v -2327.998046875 1062.9520263671875 -43.58100128173828
v -2420.175048828125 1175.4000244140625 44.3129997253418
v -2420.175048828125 1175.4000244140625 44.3129997253418
v -2406.839111328125 1064.29296875 87.27799987792969
v -2406.839111328125 1064.29296875 87.27799987792969
v -2377.8388671875 1458.093017578125 53.303871154785156
v -2377.8388671875 1458.093017578125 53.303871154785156
v -2404.73193359375 1063.7669677734375 85.96199798583984
v -2355.3740234375 1032.56201171875 -17.834999084472656
v -2365.8203125 1333.489990234375 -36.280235290527344
v -2365.8203125 1333.489990234375 -36.280235290527344
v -2373.08203125 1191.531005859375 -37.64699935913086
v -2355.5556640625 1378.5 -54.92631149291992
v -2355.5556640625 1378.5 -54.92631149291992
v -2355.5556640625 1378.5 -54.92631149291992
v -2393.3544921875 1395.1929931640625 84.11341094970703
v -2393.3544921875 1395.1929931640625 84.11341094970703
v -2393.3544921875 1395.1929931640625 84.11341094970703
v -2422.966064453125 1187.0009765625 45.95000076293945
v -2422.966064453125 1187.0009765625 45.95000076293945
v -2395.844970703125 1035.051025390625 52.43600082397461
v -2360.029541015625 1353.0689697265625 -48.78510284423828
v -2356.771484375 1414.6240234375 -36.436580657958984
v -2420.867919921875 1020.0780029296875 107.98899841308594
v -2397.686279296875 1357.6280517578125 86.11786651611328
v -2397.686279296875 1357.6280517578125 86.11786651611328
v -2401.580322265625 1266.1590576171875 40.024574279785156
v -2413.212890625 1154.9339599609375 50.29600143432617
v -2413.212890625 1154.9339599609375 50.29600143432617
v -2413.720947265625 1052.14697265625 92.05899810791016
v -2413.720947265625 1052.14697265625 92.05899810791016
v -2368.076904296875 1180.2039794921875 -35.64400100708008
v -2422.3720703125 1178.281005859375 47.23400115966797
v -2422.3720703125 1178.281005859375 47.23400115966797
v -2385.77197265625 1047.9560546875 55.98099899291992
v -2319.198974609375 1093.291015625 -23.295000076293945
v -2319.198974609375 1093.291015625 -23.295000076293945
v -2319.198974609375 1093.291015625 -23.295000076293945
v -2365.664794921875 1441.0140380859375 7.631768226623535
v -2365.664794921875 1441.0140380859375 7.631768226623535
v -2389.4560546875 1093.3310546875 81.68299865722656
v -2422.35888671875 1186.738037109375 46.685001373291016
v -2422.35888671875 1186.738037109375 46.685001373291016
v -2360.012939453125 1161.56298828125 -28.201000213623047
v -2371.675048828125 1190.717041015625 -36.939998626708984
v -2414.64892578125 1158.6719970703125 49.53799819946289
v -2414.64892578125 1158.6719970703125 49.53799819946289
v -2413.572021484375 1155.7559814453125 50.8380012512207
v -2413.572021484375 1155.7559814453125 50.8380012512207
v -2363.656005859375 1165.0479736328125 -30.382999420166016
v -2347.39208984375 1152.4820556640625 -19.85300064086914
v -2401.9951171875 1147.89599609375 55.35499954223633
v -2401.9951171875 1147.89599609375 55.35499954223633
v -2396.788818359375 1349.7459716796875 83.54389953613281
v -2316.6630859375 1019.9719848632812 -66.98799896240234
v -2316.6630859375 1019.9719848632812 -66.98799896240234
v -2292.416015625 1152.7349853515625 -42.9630012512207
v -2410.919677734375 1251.2509765625 53.7060432434082
v -2372.27880859375 1255.741943359375 -34.78917694091797
v -2360.98095703125 1163.237060546875 -30.40399932861328
v -2388.2958984375 1146.2850341796875 114.42500305175781
v -2327.01806640625 1061.3179931640625 -37.821998596191406
v -2396.669921875 1069.85400390625 81.35600280761719
v -2349.16552734375 1406.7060546875 -58.58794021606445
v -2349.16552734375 1406.7060546875 -58.58794021606445
v -2358.983642578125 1351.7449951171875 -44.89319610595703
v -2329.22900390625 1050.906005859375 -51.98400115966797
v -2329.22900390625 1050.906005859375 -51.98400115966797
v -2413.3095703125 1238.4189453125 49.69211959838867
v -2372.321044921875 1065.9019775390625 49.685001373291016
v -2370.85546875 1242.762939453125 -30.62187957763672
v -2313.02197265625 1010.9639892578125 -65.5260009765625
v -2313.02197265625 1010.9639892578125 -65.5260009765625
v -2313.02197265625 1010.9639892578125 -65.5260009765625
v -2391.044921875 1165.4739990234375 110.072998046875
v -2391.044921875 1165.4739990234375 110.072998046875
v -2298.779052734375 1171.6400146484375 -41.76599884033203
v -2298.779052734375 1171.6400146484375 -41.76599884033203
v -2418.5009765625 1016.551025390625 110.49099731445312
v -2417.527099609375 1040.6240234375 103.322998046875
v -2417.527099609375 1040.6240234375 103.322998046875
v -2394.44775390625 1279.64599609375 49.41713333129883
v -2321.794921875 1039.8089599609375 -62.42100143432617
v -2321.794921875 1039.8089599609375 -62.42100143432617
v -2393.955810546875 1280.6500244140625 48.297645568847656
v -2340.860107421875 1049.052978515625 -11.722999572753906
v -2348.986083984375 1036.2120361328125 -23.242000579833984
v -2348.986083984375 1036.2120361328125 -23.242000579833984
v -2335.544921875 1059.7330322265625 -4.007999897003174
v -2390.51708984375 1129.405029296875 64.61100006103516
v -2390.51708984375 1129.405029296875 64.61100006103516
v -2390.51708984375 1129.405029296875 64.61100006103516
v -2344.14208984375 1047.1070556640625 -12.640999794006348
v -2285.049072265625 1158.1240234375 -41.051998138427734
v -2398.527099609375 1013.14599609375 59.090999603271484
v -2398.527099609375 1013.14599609375 59.090999603271484
v -2331.6708984375 1129.990966796875 -14.175000190734863
v -2352.070068359375 1012.1370239257812 -24.937000274658203
v -2352.070068359375 1012.1370239257812 -24.937000274658203
v -2416.97412109375 1009.8099975585938 110.97799682617188
v -2416.97412109375 1009.8099975585938 110.97799682617188
v -2390.64404296875 1048.18798828125 58.35499954223633
v -2390.64404296875 1048.18798828125 58.35499954223633
v -2397.716064453125 1012.323974609375 58.31100082397461
v -2397.716064453125 1012.323974609375 58.31100082397461
v -2397.068359375 1373.5360107421875 102.34898376464844
v -2313.740966796875 1017.9979858398438 -66.41899871826172
v -2396.798095703125 1039.9739990234375 60.89099884033203
v -2396.798095703125 1039.9739990234375 60.89099884033203
v -2382.2900390625 1059.4439697265625 60.63800048828125
v -2378.145263671875 1267.842041015625 -12.637989044189453
v -2378.145263671875 1267.842041015625 -12.637989044189453
v -2368.81591796875 1099.0400390625 37.10100173950195
v -2368.81591796875 1099.0400390625 37.10100173950195
v -2416.0419921875 1008.1019897460938 109.50499725341797
v -2416.0419921875 1008.1019897460938 109.50499725341797
v -2339.201904296875 1070.47900390625 9.508000373840332
v -2409.718017578125 1052.3690185546875 91.95500183105469
v -2372.767333984375 1282.85498046875 -22.03173065185547
v -2386.220947265625 1050.7760009765625 62.27199935913086
v -2324.513916015625 1044.6180419921875 -56.73400115966797
v -2324.513916015625 1044.6180419921875 -56.73400115966797
v -2383.156982421875 1115.81103515625 71.9229965209961
v -2383.156982421875 1115.81103515625 71.9229965209961
v -2312.43701171875 1009.448974609375 -62.65299987792969
v -2323.153076171875 1116.93701171875 -12.15999984741211
v -2410.998046875 1162.052001953125 46.92599868774414
v -2413.929931640625 1044.56396484375 99.5270004272461
v -2413.929931640625 1044.56396484375 99.5270004272461
v -2353.50537109375 1351.4310302734375 -54.20640563964844
v -2369.982177734375 1441.2860107421875 38.451351165771484
v -2352.6123046875 1393.9759521484375 -40.615440368652344
v -2352.6123046875 1393.9759521484375 -40.615440368652344
v -2392.6005859375 1344.73095703125 81.06133270263672
v -2390.679931640625 1334.0069580078125 70.53762817382812
v -2376.8779296875 1135.60205078125 18.099000930786133
v -2411.073974609375 1048.574951171875 95.30999755859375
v -2416.576904296875 1027.4169921875 110.49800109863281
v -2360.10546875 1338.4599609375 -32.67451477050781
v -2360.10546875 1338.4599609375 -32.67451477050781
v -2323.258056640625 1070.3489990234375 -20.58099937438965
v -2323.258056640625 1070.3489990234375 -20.58099937438965
v -2323.258056640625 1070.3489990234375 -20.58099937438965
v -2389.5439453125 1334.6590576171875 69.51476287841797
v -2389.5439453125 1334.6590576171875 69.51476287841797
v -2313.9951171875 1028.2969970703125 -64.53700256347656
v -2326.98388671875 1049.573974609375 -50.26100158691406
v -2397.929931640625 1060.887939453125 84.14600372314453
v -2397.929931640625 1060.887939453125 84.14600372314453
v -2328.91796875 1049.4639892578125 -46.90700149536133
v -2326.592041015625 1051.093017578125 -47.81800079345703
v -2326.592041015625 1051.093017578125 -47.81800079345703
v -2325.64404296875 1059.501953125 -33.7140007019043
v -2325.64404296875 1059.501953125 -33.7140007019043
v -2382.48291015625 1150.39404296875 116.125
v -2380.255615234375 1263.113037109375 -0.6158818006515503
v -2380.255615234375 1263.113037109375 -0.6158818006515503
v -2325.10205078125 1045.863037109375 -52.85200119018555
v -2360.08251953125 1329.8890380859375 -32.73238754272461
v -2379.027587890625 1269.196044921875 0.17315781116485596
v -2407.2119140625 1052.8780517578125 91.53800201416016
v -2407.2119140625 1052.8780517578125 91.53800201416016
v -2407.2119140625 1052.8780517578125 91.53800201416016
v -2407.2119140625 1052.8780517578125 91.53800201416016
v -2354.837646484375 1351.5460205078125 -42.402374267578125
v -2354.837646484375 1351.5460205078125 -42.402374267578125
v -2408.60302734375 1050.531982421875 92.91999816894531
v -2387.14501953125 1262.720947265625 24.315954208374023
v -2385.890625 1269.0369873046875 25.301694869995117
v -2359.7041015625 1326.68701171875 -33.86597442626953
v -2393.282958984375 1041.33203125 62.928001403808594
v -2393.282958984375 1041.33203125 62.928001403808594
v -2344.801025390625 1037.697021484375 -20.975000381469727
v -2389.248046875 1320.7939453125 68.49026489257812
v -2362.535888671875 1168.886962890625 -23.641000747680664
v -2389.603515625 1320.6280517578125 69.78331756591797
v -2386.535888671875 1051.7779541015625 66.06700134277344
v -2392.4091796875 1341.259033203125 88.51058197021484
v -2289.757080078125 1156.6519775390625 -37.21500015258789
v -2357.243408203125 1338.7779541015625 -34.89802551269531
v -2357.243408203125 1338.7779541015625 -34.89802551269531
v -2357.243408203125 1338.7779541015625 -34.89802551269531
v -2406.841064453125 1160.988037109375 47.20899963378906
v -2351.286376953125 1412.68896484375 -27.077360153198242
v -2349.249267578125 1381.04296875 -46.38235092163086
v -2349.249267578125 1381.04296875 -46.38235092163086
v -2349.249267578125 1381.04296875 -46.38235092163086
v -2394.243896484375 1006.5560302734375 62.762001037597656
v -2394.243896484375 1006.5560302734375 62.762001037597656
v -2394.243896484375 1006.5560302734375 62.762001037597656
v -2407.81103515625 1051.9639892578125 93.8290023803711
v -2409.301025390625 1046.385986328125 96.83799743652344
v -2414.04296875 1185.2509765625 45.986000061035156
v -2414.04296875 1185.2509765625 45.986000061035156
v -2413.739990234375 1185.7509765625 45.11199951171875
v -2413.739990234375 1185.7509765625 45.11199951171875
v -2378.48193359375 1085.1610107421875 76.01100158691406
v -2325.718017578125 1050.291015625 -48.92300033569336
v -2404.6201171875 1050.51904296875 87.9209976196289
v -2405.7490234375 1161.2640380859375 45.590999603271484
v -2361.381103515625 1166.875 -22.238000869750977
v -2390.14501953125 1263.4219970703125 33.65277862548828
v -2388.365966796875 1366.3809814453125 87.06283569335938
v -2383.555908203125 1133.199951171875 59.46500015258789
v -2383.555908203125 1133.199951171875 59.46500015258789
v -2387.10009765625 1047.322021484375 66.24700164794922
v -2387.10009765625 1047.322021484375 66.24700164794922
v -2387.10009765625 1047.322021484375 66.24700164794922
v -2384.231689453125 1261.1939697265625 19.075624465942383
v -2386.254150390625 1263.9229736328125 25.819992065429688
v -2345.236083984375 1004.281982421875 -23.284000396728516
v -2345.236083984375 1004.281982421875 -23.284000396728516
v -2339.339111328125 1044.14794921875 -19.69300079345703
v -2339.339111328125 1044.14794921875 -19.69300079345703
v -2408.427978515625 1213.3170166015625 43.840999603271484
v -2408.427978515625 1213.3170166015625 43.840999603271484
v -2406.762939453125 1166.0830078125 43.83300018310547
v -2323.162109375 1048.634033203125 -51.604000091552734
v -2332.8369140625 1051.280029296875 -16.121000289916992
v -2332.8369140625 1051.280029296875 -16.121000289916992
v -2388.551513671875 1312.1939697265625 69.28509521484375
v -2388.551513671875 1312.1939697265625 69.28509521484375
v -2377.480224609375 1263.9840087890625 -0.5453924536705017
v -2340.31298828125 1040.7259521484375 -26.027999877929688
v -2340.31298828125 1040.7259521484375 -26.027999877929688
v -2408.076904296875 1047.2249755859375 97.03600311279297
v -2394.430908203125 1043.64697265625 69.625
v -2394.430908203125 1043.64697265625 69.625
v -2394.430908203125 1043.64697265625 69.625
v -2358.445556640625 1316.2569580078125 -33.40394592285156
v -2405.31201171875 1048.9599609375 91.46399688720703
v -2358.8623046875 1316.2010498046875 -31.682453155517578
v -2386.56884765625 1336.1090087890625 73.28518676757812
v -2386.56884765625 1336.1090087890625 73.28518676757812
v -2386.56884765625 1336.1090087890625 73.28518676757812
v -2323.64208984375 1045.77294921875 -50.59199905395508
v -2357.046875 1461.7080078125 18.38982582092285
v -2357.046875 1461.7080078125 18.38982582092285
v -2407.873046875 1050.0980224609375 97.70500183105469
v -2307.888916015625 1020.02001953125 -61.75199890136719
v -2368.55908203125 1189.136962890625 -27.298999786376953
v -2323.969970703125 1054.717041015625 -33.25899887084961
v -2405.863037109375 1171.987060546875 41.69200134277344
v -2385.006103515625 1054.1810302734375 72.19400024414062
v -2385.006103515625 1054.1810302734375 72.19400024414062
v -2374.3896484375 1276.2320556640625 0.918178141117096
v -2361.2041015625 1167.6240234375 -17.43199920654297
v -2400.9140625 1049.2879638671875 84.93399810791016
v -2411.443115234375 1018.1530151367188 114.83599853515625
v -2411.443115234375 1018.1530151367188 114.83599853515625
v -2381.896728515625 1274.9959716796875 27.734920501708984
v -2404.636962890625 1050.155029296875 92.40799713134766
v -2375.60107421875 1113.4229736328125 68.99600219726562
v -2348.8837890625 1370.1669921875 -41.46336364746094
v -2348.8837890625 1370.1669921875 -41.46336364746094
v -2405.181884765625 1166.2330322265625 44.957000732421875
v -2326.262939453125 1055.5419921875 -28.405000686645508
v -2326.262939453125 1055.5419921875 -28.405000686645508
v -2330.126953125 1046.8800048828125 -38.05099868774414
v -2325.31201171875 1047.47998046875 -45.319000244140625
v -2376.06982421875 1415.447021484375 72.9690933227539
v -2376.06982421875 1415.447021484375 72.9690933227539
v -2373.77294921875 1100.5760498046875 73.41999816894531
v -2365.834716796875 1232.8199462890625 -20.096481323242188
v -2365.834716796875 1232.8199462890625 -20.096481323242188
v -2363.070068359375 1088.43994140625 54.84000015258789
v -2353.789306640625 1341.7060546875 -32.145233154296875
v -2353.789306640625 1341.7060546875 -32.145233154296875
v -2333.0390625 1092.25 12.527000427246094
v -2410.383056640625 1020.0770263671875 114.36199951171875
v -2383.49853515625 1337.5999755859375 70.76466369628906
v -2383.49853515625 1337.5999755859375 70.76466369628906
v -2383.49853515625 1337.5999755859375 70.76466369628906
v -2379.484619140625 1262.1590576171875 12.346212387084961
v -2379.484619140625 1262.1590576171875 12.346212387084961
v -2379.484619140625 1262.1590576171875 12.346212387084961
v -2404.42919921875 1230.31298828125 47.53150177001953
v -2404.42919921875 1230.31298828125 47.53150177001953
v -2404.42919921875 1230.31298828125 47.53150177001953
v -2404.652099609375 1047.801025390625 94.26599884033203
v -2363.365966796875 1172.1949462890625 -16.916000366210938
v -2321.625 1073.031982421875 -8.210000038146973
v -2344.35302734375 1006.197998046875 -19.472999572753906
v -2344.35302734375 1006.197998046875 -19.472999572753906
v -2344.35302734375 1006.197998046875 -19.472999572753906
v -2376.2041015625 1074.2080078125 73.54199981689453
v -2376.2041015625 1074.2080078125 73.54199981689453
v -2324.412109375 1046.0810546875 -46.277000427246094
v -2340.52294921875 1101.95703125 17.71500015258789
v -2340.52294921875 1101.95703125 17.71500015258789
v -2364.055908203125 1101.800048828125 42.505001068115234
v -2364.055908203125 1101.800048828125 42.505001068115234
v -2386.35791015625 1054.4639892578125 73.97899627685547
v -2386.35791015625 1054.4639892578125 73.97899627685547
v -2388.955078125 1058.31298828125 80.91799926757812
v -2388.955078125 1058.31298828125 80.91799926757812
v -2348.8134765625 1422.9119873046875 -15.912955284118652
v -2348.8134765625 1422.9119873046875 -15.912955284118652
v -2398.030029296875 1048.029052734375 82.4749984741211
v -2390.777099609375 1014.781982421875 63.17900085449219
v -2390.777099609375 1014.781982421875 63.17900085449219
v -2326.52001953125 1045.6209716796875 -42.189998626708984
v -2345.236083984375 1011.781005859375 -19.69700050354004
v -2345.236083984375 1011.781005859375 -19.69700050354004
v -2314.590087890625 1037.85400390625 -56.47600173950195
v -2349.995361328125 1354.344970703125 -37.29356384277344
v -2354.409912109375 1441.4949951171875 12.03380012512207
v -2354.409912109375 1441.4949951171875 12.03380012512207
v -2354.409912109375 1441.4949951171875 12.03380012512207
v -2354.409912109375 1441.4949951171875 12.03380012512207
v -2369.482666015625 1432.4449462890625 61.724082946777344
v -2369.482666015625 1432.4449462890625 61.724082946777344
v -2328.5830078125 1125.9439697265625 -0.3199999928474426
v -2392.97607421875 1043.4930419921875 73.30899810791016
v -2392.97607421875 1043.4930419921875 73.30899810791016
v -2323.98388671875 1047.4930419921875 -45.87900161743164
v -2398.116943359375 1008.1320190429688 87.92900085449219
v -2398.116943359375 1008.1320190429688 87.92900085449219
v -2372.718017578125 1139.4229736328125 11.95199966430664
v -2344.541259765625 1405.7340087890625 -34.661495208740234
v -2344.541259765625 1405.7340087890625 -34.661495208740234
v -2344.541259765625 1405.7340087890625 -34.661495208740234
v -2398.64697265625 1051.4859619140625 86.63700103759766
v -2398.64697265625 1051.4859619140625 86.63700103759766
v -2403.072021484375 1046.68603515625 93.52400207519531
v -2346.595458984375 1451.7919921875 -9.36279296875
v -2374.868896484375 1140.0150146484375 22.621000289916992
v -2366.8759765625 1144.2020263671875 16.010000228881836
v -2366.8759765625 1144.2020263671875 16.010000228881836
v -2383.935302734375 1308.1400146484375 66.68058776855469
v -2362.199951171875 1140.1400146484375 18.94700050354004
v -2403.906005859375 1172.1689453125 40.78900146484375
v -2401.72509765625 1165.282958984375 44.34000015258789
v -2344.02490234375 1013.166015625 -19.865999221801758
v -2344.02490234375 1013.166015625 -19.865999221801758
v -2408.14697265625 1037.031005859375 108.04399871826172
v -2382.654541015625 1333.3389892578125 73.2540283203125
v -2376.432373046875 1268.623046875 14.425119400024414
v -2376.432373046875 1268.623046875 14.425119400024414
v -2332.596923828125 1043.14501953125 -31.08799934387207
v -2406.616943359375 1176.1500244140625 45.316001892089844
v -2388.825927734375 1013.7529907226562 63.40299987792969
v -2388.825927734375 1013.7529907226562 63.40299987792969
v -2388.825927734375 1013.7529907226562 63.40299987792969
v -2351.734375 1342.7989501953125 -29.240097045898438
v -2351.734375 1342.7989501953125 -29.240097045898438
v -2394.5419921875 1046.238037109375 78.96600341796875
v -2336.60205078125 1044.4539794921875 -26.090999603271484
v -2336.60205078125 1044.4539794921875 -26.090999603271484
v -2336.60205078125 1044.4539794921875 -26.090999603271484
v -2390.577880859375 1046.1689453125 73.93900299072266
v -2387.5849609375 1009.1389770507812 62.95199966430664
v -2387.5849609375 1009.1389770507812 62.95199966430664
v -2361.419921875 1172.43994140625 -15.32800006866455
v -2336.361083984375 1038.27294921875 -25.29400062561035
v -2336.361083984375 1038.27294921875 -25.29400062561035
v -2359.87939453125 1286.949951171875 -27.256391525268555
v -2359.87939453125 1286.949951171875 -27.256391525268555
v -2385.375244140625 1283.155029296875 60.399200439453125
v -2384.09375 1261.43994140625 30.52386474609375
v -2346.3203125 1365.8719482421875 -38.078487396240234
v -2346.3203125 1365.8719482421875 -38.078487396240234
v -2400.89697265625 1048.303955078125 92.08799743652344
v -2372.36669921875 1262.489990234375 -1.1000953912734985
v -2388.507080078125 1021.156005859375 63.54499816894531
v -2388.507080078125 1021.156005859375 63.54499816894531
v -2388.507080078125 1021.156005859375 63.54499816894531
v -2377.10498046875 1261.85302734375 14.203447341918945
v -2377.10498046875 1261.85302734375 14.203447341918945
v -2324.702880859375 1054.3380126953125 -22.02400016784668
v -2324.702880859375 1054.3380126953125 -22.02400016784668
v -2383.840087890625 1057.635986328125 80.00900268554688
v -2383.840087890625 1057.635986328125 80.00900268554688
v -2343.76806640625 1018.6170043945312 -18.711999893188477
v -2343.76806640625 1018.6170043945312 -18.711999893188477
v -2391.800048828125 1042.4659423828125 72.64900207519531
v -2398.85791015625 1047.8299560546875 89.5469970703125
v -2329.778076171875 1044.18701171875 -34.79399871826172
v -2398.9560546875 1167.2679443359375 41.48099899291992
v -2402.0380859375 1174.6939697265625 40.46500015258789
v -2335.70703125 1040.4310302734375 -23.325000762939453
v -2406.172119140625 1185.1190185546875 45.361000061035156
v -2354.23046875 1310.134033203125 -28.000778198242188
v -2378.010009765625 1391.8489990234375 87.46109008789062
v -2378.010009765625 1391.8489990234375 87.46109008789062
v -2378.010009765625 1391.8489990234375 87.46109008789062
v -2378.010009765625 1391.8489990234375 87.46109008789062
v -2362.537109375 1172.219970703125 -12.611000061035156
v -2325.702880859375 1053.5450439453125 -23.68199920654297
v -2325.702880859375 1053.5450439453125 -23.68199920654297
v -2397.323974609375 1045.68701171875 87.78199768066406
v -2363.72509765625 1176.300048828125 -13.217000007629395
v -2384.677978515625 1057.321044921875 80.62799835205078
v -2391.739013671875 1047.133056640625 76.96199798583984
v -2391.739013671875 1047.133056640625 76.96199798583984
v -2405.822998046875 1019.469970703125 117.5770034790039
v -2405.822998046875 1019.469970703125 117.5770034790039
v -2394.60498046875 1047.4730224609375 81.63800048828125
v -2360.669921875 1171.344970703125 -12.774999618530273
v -2400.10888671875 1173.364990234375 39.73400115966797
v -2361.928955078125 1178.3089599609375 -18.312000274658203
v -2373.126953125 1271.864990234375 15.510560989379883
v -2373.126953125 1271.864990234375 15.510560989379883
v -2398.72998046875 1167.81005859375 42.7130012512207
v -2378.451171875 1345.6240234375 74.23558807373047
v -2402.3349609375 1042.6949462890625 100.60299682617188
v -2385.821044921875 1152.7969970703125 28.405000686645508
v -2332.56103515625 1044.5810546875 -28.29199981689453
v -2332.56103515625 1044.5810546875 -28.29199981689453
v -2389.7880859375 1045.404052734375 72.02300262451172
v -2402.656005859375 1041.9749755859375 101.62100219726562
v -2340.05908203125 1032.949951171875 -21.360000610351562
v -2340.05908203125 1032.949951171875 -21.360000610351562
v -2388.700927734375 1035.654052734375 68.71700286865234
v -2388.700927734375 1035.654052734375 68.71700286865234
v -2405.7109375 1027.2340087890625 115.71399688720703
v -2405.7109375 1027.2340087890625 115.71399688720703
v -2400.493896484375 1173.1820068359375 41.619998931884766
v -2304.47802734375 1029.64404296875 -56.90299987792969
v -2392.537109375 1045.0999755859375 78.36399841308594
v -2404.833984375 1020.677978515625 117.1520004272461
v -2404.833984375 1020.677978515625 117.1520004272461
v -2354.299072265625 1144.8599853515625 10.755999565124512
v -2397.77099609375 1045.907958984375 89.88500213623047
v -2392.368896484375 1047.157958984375 78.12300109863281
v -2359.57275390625 1437.239013671875 45.366798400878906
v -2359.57275390625 1437.239013671875 45.366798400878906
v -2359.57275390625 1437.239013671875 45.366798400878906
v -2324.9189453125 1044.70703125 -39.573001861572266
v -2372.261962890625 1138.947998046875 38.47800064086914
v -2318.14111328125 1043.2080078125 -46.71699905395508
v -2393.509033203125 1044.9730224609375 80.67900085449219
v -2364.762939453125 1095.802001953125 68.74199676513672
v -2378.35498046875 1259.93994140625 23.177549362182617
v -2374.85107421875 1141.4339599609375 36.82600021362305
v -2331.428955078125 1042.0999755859375 -30.292999267578125
v -2403.944091796875 1011.7379760742188 118.71800231933594
v -2403.944091796875 1011.7379760742188 118.71800231933594
v -2396.368896484375 1047.6300048828125 87.58200073242188
v -2365.860107421875 1414.0830078125 60.41899871826172
v -2365.860107421875 1414.0830078125 60.41899871826172
v -2365.860107421875 1414.0830078125 60.41899871826172
v -2326.423095703125 1045.7049560546875 -36.834999084472656
v -2388.14599609375 1052.2060546875 81.84300231933594
v -2378.991455078125 1273.552001953125 43.07880783081055
v -2376.52001953125 1150.0770263671875 12.532999992370605
v -2399.89892578125 1044.0069580078125 97.5790023803711
v -2333.153076171875 1041.7320556640625 -26.683000564575195
v -2333.153076171875 1041.7320556640625 -26.683000564575195
v -2362.96533203125 1274.8079833984375 -11.22130298614502
v -2372.767822265625 1259.7769775390625 9.90857219696045
v -2371.533935546875 1132.5030517578125 48.016998291015625
v -2371.533935546875 1132.5030517578125 48.016998291015625
v -2331.85302734375 1044.1070556640625 -27.533000946044922
v -2331.85302734375 1044.1070556640625 -27.533000946044922
v -2362.85693359375 1159.758056640625 2.624000072479248
v -2375.789306640625 1352.72900390625 74.45618438720703
v -2401.256103515625 1044.574951171875 102.23300170898438
v -2374.878173828125 1352.93896484375 71.4933853149414
v -2374.878173828125 1352.93896484375 71.4933853149414
v -2374.878173828125 1352.93896484375 71.4933853149414
v -2394.87890625 1047.2679443359375 86.25700378417969
v -2390.64892578125 1044.4739990234375 77.20700073242188
v -2394.158935546875 1045.39794921875 84.78800201416016
v -2326.5859375 1045.0789794921875 -35.02799987792969
v -2346.830078125 1353.6629638671875 -26.15633201599121
v -2316.239013671875 1044.7139892578125 -47.23699951171875
v -2396.833984375 1047.384033203125 90.97000122070312
v -2328.011962890625 1042.7340087890625 -33.29100036621094
v -2338.63037109375 1398.56494140625 -36.787845611572266
v -2398.02490234375 1174.45703125 39.915000915527344
v -2299.388916015625 1021.7509765625 -56.0989990234375
v -2362.670654296875 1276.135009765625 -9.553739547729492
v -2378.096923828125 1153.3599853515625 15.454000473022461
v -2347.692138671875 1336.9410400390625 -27.159412384033203
v -2347.692138671875 1336.9410400390625 -27.159412384033203
v -2377.52001953125 1152.4830322265625 12.362000465393066
v -2375.923583984375 1333.0670166015625 71.07677459716797
v -2375.923583984375 1333.0670166015625 71.07677459716797
v -2375.923583984375 1333.0670166015625 71.07677459716797
v -2387.89111328125 1158.6400146484375 35.40800094604492
v -2390.2470703125 1050.56494140625 81.52999877929688
v -2390.2470703125 1050.56494140625 81.52999877929688
v -2332.617919921875 1042 -24.5939998626709
v -2336.948974609375 1005.8900146484375 -16.625999450683594
v -2319.403076171875 1045.81396484375 -42.731998443603516
v -2400.863037109375 1184.1510009765625 43.92399978637695
v -2398.885986328125 1045.5050048828125 99.0270004272461
v -2389.639892578125 1046.02001953125 78.2229995727539
v -2383.509033203125 1007.8720092773438 67.0739974975586
v -2383.509033203125 1007.8720092773438 67.0739974975586
v -2383.509033203125 1007.8720092773438 67.0739974975586
v -2326.0419921875 1045.1650390625 -27.368999481201172
v -2346.94384765625 1340.447021484375 -26.055450439453125
v -2346.94384765625 1340.447021484375 -26.055450439453125
v -2346.94384765625 1340.447021484375 -26.055450439453125
v -2377.89892578125 1153.718017578125 14.807999610900879
v -2376.115234375 1378.468994140625 91.21354675292969
v -2375.06201171875 1158.8050537109375 14.616999626159668
v -2375.06201171875 1158.8050537109375 14.616999626159668
v -2376.467041015625 1162.0760498046875 13.272000312805176
v -2376.467041015625 1162.0760498046875 13.272000312805176
v -2373.460693359375 1258.3260498046875 16.56110382080078
v -2373.460693359375 1258.3260498046875 16.56110382080078
v -2375.0830078125 1141.781982421875 48.994998931884766
v -2325.98388671875 1043.7850341796875 -34.44200134277344
v -2378.261962890625 1155.876953125 16.143999099731445
v -2373.006103515625 1136.31201171875 52.29399871826172
v -2366.625 1122.761962890625 58.94300079345703
v -2366.625 1122.761962890625 58.94300079345703
v -2380.98095703125 1160.3800048828125 18.85700035095215
v -2362.281982421875 1108.6500244140625 65.29100036621094
v -2318.90087890625 1107.9539794921875 9.10200023651123
v -2318.90087890625 1107.9539794921875 9.10200023651123
v -2338.693115234375 1144.0970458984375 6.256999969482422
v -2376.136962890625 1157.844970703125 9.585000038146973
v -2393.306884765625 1044.9420166015625 87.16899871826172
v -2395.18798828125 1044.8289794921875 91.83399963378906
v -2375.592041015625 1159.2110595703125 14.11400032043457
v -2376.846923828125 1144.3470458984375 48.67499923706055
v -2386.402099609375 1160.5140380859375 31.913999557495117
v -2321.846923828125 1044.7679443359375 -38.11399841308594
v -2393.376953125 1046.6240234375 87.76599884033203
v -2364.952880859375 1166.5389404296875 -1.1799999475479126
v -2314.087890625 1041.906982421875 -44.88999938964844
v -2365.23974609375 1249.553955078125 -4.529938220977783
v -2325.791015625 1044.0889892578125 -32.595001220703125
v -2385.9580078125 1168.0780029296875 25.783000946044922
v -2380.85888671875 1163.7259521484375 16.55699920654297
v -2390.986083984375 1163.9940185546875 40.332000732421875
v -2379.43408203125 1161.407958984375 14.616000175476074
v -2358.193115234375 1167.3389892578125 -4.171999931335449
v -2375.744873046875 1271.5810546875 43.96366500854492
v -2397.89111328125 1040.9320068359375 102.927001953125
v -2396.506103515625 1045.0460205078125 98.01399993896484
v -2342.313720703125 1422.9610595703125 -3.5054450035095215
v -2342.313720703125 1422.9610595703125 -3.5054450035095215
v -2374.031982421875 1336.5810546875 74.71309661865234
v -2318.212890625 1045.2449951171875 -40.87699890136719
v -2379.512939453125 1160.93701171875 16.62700080871582
v -2377.656982421875 1165.5050048828125 9.956999778747559
v -2375.904541015625 1300.800048828125 65.98223876953125
v -2375.904541015625 1300.800048828125 65.98223876953125
v -2318.756103515625 1043.5660400390625 -39.696998596191406
v -2395.35791015625 1043.530029296875 96.58300018310547
v -2374.97509765625 1313.6309814453125 70.26251983642578
v -2334.033203125 1384.032958984375 -46.198299407958984
v -2362.304931640625 1186.666015625 -15.302000045776367
v -2368.050048828125 1176.93505859375 -0.9409999847412109
v -2363.200927734375 1176.907958984375 -7.366000175476074
v -2349.10986328125 1304.072021484375 -24.978145599365234
v -2392.70703125 1173.156982421875 38.74700164794922
v -2388.527099609375 1174.4320068359375 29.91699981689453
v -2313.202880859375 1044.6400146484375 -44.7140007019043
v -2397.883056640625 1183.7020263671875 44.57899856567383
v -2377.111083984375 1165.491943359375 10.260000228881836
v -2346.212890625 1316.9560546875 -26.731658935546875
v -2375.98193359375 1166.740966796875 13.057000160217285
v -2397.76708984375 1037.6839599609375 107.95099639892578
v -2377.302001953125 1172.9759521484375 11.119000434875488
v -2377.302001953125 1172.9759521484375 11.119000434875488
v -2372.5361328125 1403.633056640625 99.6993179321289
v -2372.5361328125 1403.633056640625 99.6993179321289
v -2397.218017578125 1043.3699951171875 104.22000122070312
v -2380.091064453125 1166.175048828125 17.040000915527344
v -2341.095458984375 1437.0689697265625 3.0309691429138184
v -2341.095458984375 1437.0689697265625 3.0309691429138184
v -2328.64599609375 1040.5970458984375 -26.26799964904785
v -2370.8798828125 1270.7559814453125 32.338409423828125
v -2387.509033203125 1043.10498046875 80.37899780273438
v -2381.0791015625 1171.5479736328125 17.631000518798828
v -2389.464111328125 1043.81396484375 84.84400177001953
v -2308.695068359375 1039.35205078125 -46.316001892089844
v -2343.252685546875 1340.3590087890625 -25.3435001373291
v -2343.252685546875 1340.3590087890625 -25.3435001373291
v -2379.9951171875 1170.6639404296875 15.866999626159668
v -2377.8759765625 1173.291015625 11.479999542236328
v -2385.843994140625 1041.873046875 77.23100280761719
v -2330.3701171875 1039.1109619140625 -23.01099967956543
v -2330.3701171875 1039.1109619140625 -23.01099967956543
v -2373.3935546875 1358.81494140625 90.17467498779297
v -2373.3935546875 1358.81494140625 90.17467498779297
v -2373.3935546875 1358.81494140625 90.17467498779297
v -2293.52197265625 1016.0889892578125 -53.020999908447266
v -2293.52197265625 1016.0889892578125 -53.020999908447266
v -2328.5849609375 1043.508056640625 -25.825000762939453
v -2333.380126953125 1414.916015625 -27.993013381958008
v -2333.380126953125 1414.916015625 -27.993013381958008
v -2376.044921875 1177.1510009765625 11.51099967956543
v -2376.044921875 1177.1510009765625 11.51099967956543
v -2380.26806640625 1173.468994140625 17.875999450683594
v -2386.97900390625 1045.498046875 81.13800048828125
v -2377.322021484375 1174.3929443359375 11.916999816894531
v -2379.760009765625 1017.260986328125 67.55500030517578
v -2379.760009765625 1017.260986328125 67.55500030517578
v -2358.437255859375 1273.614013671875 -5.917515754699707
v -2376.087890625 1175.2430419921875 10.227999687194824
v -2377.1669921875 1176.6739501953125 12.321000099182129
v -2393.91796875 1044.1390380859375 99.94499969482422
v -2294.716064453125 1024.134033203125 -51.70199966430664
v -2380.221923828125 1175.887939453125 18.14299964904785
v -2393.291015625 1042.81201171875 98.98999786376953
v -2354.586181640625 1426.198974609375 53.061405181884766
v -2354.586181640625 1426.198974609375 53.061405181884766
v -2354.586181640625 1426.198974609375 53.061405181884766
v -2396.72998046875 1012.666015625 122.06700134277344
v -2315.741943359375 1043.7869873046875 -38.327999114990234
v -2397.447998046875 1020.7150268554688 121.37000274658203
v -2397.35107421875 1021.3049926757812 121.03299713134766
v -2347.215576171875 1301.6920166015625 -23.348892211914062
v -2396.58203125 1010.7490234375 120.72799682617188
v -2362.39697265625 1415.2530517578125 77.0524673461914
v -2362.39697265625 1415.2530517578125 77.0524673461914
v -2369.778076171875 1336.2230224609375 72.67259216308594
v -2369.778076171875 1336.2230224609375 72.67259216308594
v -2353.158935546875 1280.0360107421875 -17.154584884643555
v -2353.158935546875 1280.0360107421875 -17.154584884643555
v -2384.781005859375 1044.636962890625 77.1989974975586
v -2296.962890625 1031.0579833984375 -51.250999450683594
v -2294.2080078125 1014.1389770507812 -50.90800094604492
v -2315.97705078125 1045.2440185546875 -38.25400161743164
v -2372.754638671875 1297.6810302734375 65.18067932128906
v -2335.571044921875 1014.7730102539062 -12.392000198364258
v -2326.27099609375 1041.25 -26.575000762939453
v -2330.89794921875 1042.6600341796875 -21.851999282836914
v -2344.6494140625 1430.426025390625 21.967063903808594
v -2344.6494140625 1430.426025390625 21.967063903808594
v -2340.874267578125 1336.0760498046875 -27.385684967041016
v -2386.928955078125 1045.7840576171875 82.86499786376953
v -2397.26708984375 1027.740966796875 119.78199768066406
v -2397.26708984375 1027.740966796875 119.78199768066406
v -2335.8603515625 1348.865966796875 -39.7724494934082
v -2373.520263671875 1276.8990478515625 54.71527099609375
v -2346.505126953125 1436.8599853515625 32.32836151123047
v -2346.505126953125 1436.8599853515625 32.32836151123047
v -2386.513916015625 1043.8680419921875 83.13899993896484
v -2335.155517578125 1362.239990234375 -35.69700241088867
v -2335.155517578125 1362.239990234375 -35.69700241088867
v -2330.133056640625 1362.3330078125 -52.98916244506836
v -2330.199951171875 1038.6529541015625 -21.02400016784668
v -2330.199951171875 1038.6529541015625 -21.02400016784668
v -2391.0400390625 1044.9759521484375 96.33100128173828
v -2327.26904296875 1043.6510009765625 -24.924999237060547
v -2395.825927734375 1031.7469482421875 115.90399932861328
v -2395.825927734375 1031.7469482421875 115.90399932861328
v -2339.819091796875 1352.2120361328125 -21.693822860717773
v -2339.819091796875 1352.2120361328125 -21.693822860717773
v -2339.819091796875 1352.2120361328125 -21.693822860717773
v -2340.61083984375 1335.800048828125 -24.21172332763672
v -2383.4580078125 1236.4720458984375 45.66176223754883
v -2383.4580078125 1236.4720458984375 45.66176223754883
v -2358.221435546875 1238.8270263671875 -5.491541385650635
v -2358.221435546875 1238.8270263671875 -5.491541385650635
v -2390.337890625 1044.541015625 96.96499633789062
v -2303.007080078125 1037.906005859375 -45.05400085449219
v -2382.6201171875 1040.4169921875 77.98300170898438
v -2384.97705078125 1046.0009765625 82.08699798583984
v -2308.35693359375 1041.7349853515625 -40.95800018310547
v -2360.4150390625 1185.68798828125 -8.845000267028809
v -2392.470947265625 1039.636962890625 106.677001953125
v -2359.84912109375 1178.0009765625 -8.802000045776367
v -2391.639892578125 1175.2640380859375 43.12900161743164
v -2391.4150390625 1183.1109619140625 43.61600112915039
v -2365.124267578125 1343.5140380859375 70.64186096191406
v -2358.438232421875 1212.7110595703125 -4.75758171081543
v -2318.759033203125 1042.9949951171875 -30.731000900268555
v -2387.6923828125 1210.343994140625 45.041568756103516
v -2359.4599609375 1185.4620361328125 -8.480999946594238
v -2387.178955078125 1043.322021484375 92.45600128173828
v -2332.73486328125 1416.301025390625 -13.371805191040039
v -2385.544921875 1045.4599609375 87.49199676513672
v -2327.35205078125 1039.904052734375 -20.63800048828125
v -2382.659912109375 1042.8399658203125 81.26699829101562
v -2362.529052734375 1363.5489501953125 72.14749908447266
v -2362.529052734375 1363.5489501953125 72.14749908447266
v -2375.41796875 1016.7479858398438 68.74299621582031
v -2375.41796875 1016.7479858398438 68.74299621582031
v -2368.04296875 1176.9730224609375 6.460999965667725
v -2368.04296875 1176.9730224609375 6.460999965667725
v -2333.386962890625 1022.8170166015625 -10.793999671936035
v -2389.22705078125 1041.7889404296875 100.77100372314453
v -2376.19091796875 1024.56005859375 69.697998046875
v -2376.19091796875 1024.56005859375 69.697998046875
v -2344.962158203125 1298.6090087890625 -17.558813095092773
v -2344.962158203125 1298.6090087890625 -17.558813095092773
v -2339.173095703125 1423.946044921875 14.641016960144043
v -2339.173095703125 1423.946044921875 14.641016960144043
v -2323.797119140625 1042.781005859375 -24.385000228881836
v -2383.945068359375 1045.41796875 84.95099639892578
v -2387.656982421875 1043.072021484375 96.46900177001953
v -2380.450927734375 1175.3480224609375 26.957000732421875
v -2389.06005859375 1193.384033203125 44.654998779296875
v -2315.64990234375 1044.18505859375 -32.23099899291992
v -2358.4990234375 1195.77099609375 -6.144000053405762
v -2391.177978515625 1042.4560546875 107.19300079345703
v -2307.43896484375 1044.529052734375 -40.11000061035156
v -2386.986083984375 1044.7840576171875 94.33899688720703
v -2363.302978515625 1185.2159423828125 -0.40700000524520874
v -2361.656494140625 1392.85205078125 82.92281341552734
v -2361.656494140625 1392.85205078125 82.92281341552734
v -2361.656494140625 1392.85205078125 82.92281341552734
v -2323.01611328125 1044.0870361328125 -25.086000442504883
v -2385.742919921875 1175.531982421875 36.22100067138672
v -2385.3369140625 1183.373046875 36.47999954223633
v -2328.044921875 1042.8310546875 -19.39699935913086
v -2383.278076171875 1043.010009765625 85.5999984741211
v -2362.17431640625 1362.6390380859375 74.73072052001953
v -2362.17431640625 1362.6390380859375 74.73072052001953
v -2362.17431640625 1362.6390380859375 74.73072052001953
v -2362.17431640625 1362.6390380859375 74.73072052001953
v -2380.638916015625 1044.2540283203125 79.35600280761719
v -2386.125 1045.3360595703125 93.95800018310547
v -2317.259033203125 1045.7349853515625 -30.13599967956543
v -2387.81201171875 1044.134033203125 99.447998046875
v -2384.822998046875 1183.154052734375 37.25899887084961
v -2319.47607421875 1044.48095703125 -27.18899917602539
v -2391.361083984375 1021.5919799804688 121.93499755859375
v -2353.233642578125 1414.5040283203125 66.60995483398438
v -2353.233642578125 1414.5040283203125 66.60995483398438
v -2353.233642578125 1414.5040283203125 66.60995483398438
v -2385.304931640625 1041.97998046875 95.16799926757812
v -2377.244140625 1220.81103515625 35.371055603027344
v -2377.244140625 1220.81103515625 35.371055603027344
v -2365.934326171875 1294.02197265625 60.15730285644531
v -2365.934326171875 1294.02197265625 60.15730285644531
v -2362.3046875 1222.98095703125 9.037296295166016
v -2362.3046875 1222.98095703125 9.037296295166016
v -2362.3046875 1222.98095703125 9.037296295166016
v -2316.722900390625 1042.822998046875 -28.31800079345703
v -2381.612060546875 1180.291015625 32.790000915527344
v -2327.163818359375 1392.260986328125 -30.861671447753906
v -2363.56640625 1331.0999755859375 73.31060791015625
v -2383.04296875 1043.510009765625 89.7979965209961
v -2383.926025390625 1045.2640380859375 91.65299987792969
v -2337.25537109375 1330.6689453125 -18.284212112426758
v -2364.422119140625 1184.5269775390625 5.771999835968018
v -2327.205078125 1034.2130126953125 -15.35200023651123
v -2327.205078125 1034.2130126953125 -15.35200023651123
v -2379.12109375 1041.1309814453125 81.00800323486328
v -2379.12109375 1041.1309814453125 81.00800323486328
v -2362.099609375 1326.93994140625 69.00530242919922
v -2377.027099609375 1036.02099609375 77.62200164794922
v -2377.027099609375 1036.02099609375 77.62200164794922
v -2318.868896484375 1044.885009765625 -25.761999130249023
v -2376.44091796875 1175.614013671875 25.19300079345703
v -2310.135986328125 1043.3060302734375 -32.97700119018555
v -2315.669921875 1045.260986328125 -28.639999389648438
v -2382.842041015625 1042.0269775390625 92.51499938964844
v -2378.510986328125 1183.2950439453125 30.368000030517578
v -2384.6259765625 1044.3900146484375 96.77300262451172
v -2376.115966796875 1183.6939697265625 26.577999114990234
v -2367.6708984375 1184.364990234375 12.541999816894531
v -2367.6708984375 1184.364990234375 12.541999816894531
v -2320.343017578125 1042.3160400390625 -23.027000427246094
v -2366.718017578125 1364.5169677734375 101.6727523803711
v -2366.718017578125 1364.5169677734375 101.6727523803711
v -2311.091064453125 1045.3399658203125 -32.047000885009766
v -2385.97998046875 1040.9720458984375 103.7969970703125
v -2385.97998046875 1040.9720458984375 103.7969970703125
v -2386.347900390625 1042.18505859375 104.88600158691406
v -2386.347900390625 1042.18505859375 104.88600158691406
v -2388.66796875 1022.1069946289062 121.46700286865234
v -2350.9873046875 1406.2340087890625 64.8196029663086
v -2350.9873046875 1406.2340087890625 64.8196029663086
v -2387.43896484375 1041.1929931640625 108.72000122070312
v -2387.43896484375 1041.1929931640625 108.72000122070312
v -2366.800048828125 1183.8929443359375 12.45300006866455
v -2366.800048828125 1183.8929443359375 12.45300006866455
v -2375.8369140625 1189.592041015625 29.097000122070312
v -2342.04931640625 1295.3399658203125 -14.106075286865234
v -2342.04931640625 1295.3399658203125 -14.106075286865234
v -2342.04931640625 1295.3399658203125 -14.106075286865234
v -2381.761962890625 1044.302978515625 92.52100372314453
v -2374.01708984375 1183.281005859375 25.4060001373291
v -2369.0400390625 1183.9129638671875 17.195999145507812
v -2371.27392578125 1176.1290283203125 19.08799934387207
v -2371.27392578125 1176.1290283203125 19.08799934387207
v -2304.626953125 1044.074951171875 -36.16699981689453
v -2366.9208984375 1189.8280029296875 15.588000297546387
v -2366.9208984375 1189.8280029296875 15.588000297546387
v -2303.657958984375 1043.1400146484375 -36.3849983215332
v -2386.39208984375 1039.989990234375 109.04000091552734
v -2386.39208984375 1039.989990234375 109.04000091552734
v -2364.518310546875 1234.3470458984375 22.413330078125
v -2364.518310546875 1234.3470458984375 22.413330078125
v -2364.518310546875 1234.3470458984375 22.413330078125
v -2370.324951171875 1183.8590087890625 20.660999298095703
v -2324.509033203125 1411.3800048828125 -21.197467803955078
v -2370.05908203125 1183.2149658203125 20.969999313354492
v -2326.642333984375 1370.384033203125 -27.547719955444336
v -2326.642333984375 1370.384033203125 -27.547719955444336
v -2351.2939453125 1266.56005859375 5.039999485015869
v -2331.50439453125 1360.571044921875 -13.705663681030273
v -2331.50439453125 1360.571044921875 -13.705663681030273
v -2359.93408203125 1265.0909423828125 35.69166946411133
v -2378.594970703125 1041.5560302734375 89.77300262451172
v -2378.594970703125 1041.5560302734375 89.77300262451172
v -2378.594970703125 1041.5560302734375 89.77300262451172
v -2322.10302734375 1039.260986328125 -16.292999267578125
v -2375.612060546875 1041.7430419921875 81.87699890136719
v -2375.612060546875 1041.7430419921875 81.87699890136719
v -2346.616455078125 1274.7030029296875 -5.020441055297852
v -2346.616455078125 1274.7030029296875 -5.020441055297852
v -2355.625244140625 1400.9840087890625 89.1810531616211
v -2380.14697265625 1041.2020263671875 95.69400024414062
v -2380.14697265625 1041.2020263671875 95.69400024414062
v -2325.673095703125 1389.8389892578125 -19.877227783203125
v -2325.673095703125 1389.8389892578125 -19.877227783203125
v -2356.194580078125 1326.8199462890625 63.11630630493164
v -2334.74462890625 1331.614013671875 -10.254449844360352
v -2334.74462890625 1331.614013671875 -10.254449844360352
v -2331.579833984375 1451.9859619140625 25.600183486938477
v -2331.579833984375 1451.9859619140625 25.600183486938477
v -2317.94287109375 1401.031005859375 -40.93135070800781
v -2384.23193359375 1039.8919677734375 110.21700286865234
v -2384.23193359375 1039.8919677734375 110.21700286865234
v -2351.35595703125 1264.468017578125 9.75781536102295
v -2331.89697265625 1340.0550537109375 -14.06630802154541
v -2331.89697265625 1340.0550537109375 -14.06630802154541
v -2331.89697265625 1340.0550537109375 -14.06630802154541
v -2357.9345703125 1316.6099853515625 68.53426361083984
v -2357.510498046875 1263.218994140625 32.01720428466797
v -2339.648681640625 1432.0140380859375 50.158348083496094
v -2339.648681640625 1432.0140380859375 50.158348083496094
v -2333.02392578125 1320.385986328125 -15.907377243041992
v -2333.02392578125 1320.385986328125 -15.907377243041992
v -2318.156005859375 1042.8800048828125 -18.48200035095215
v -2374.677001953125 1044.0830078125 82.74500274658203
v -2374.677001953125 1044.0830078125 82.74500274658203
v -2321.60693359375 1042.2569580078125 -15.237000465393066
v -2355.010986328125 1336.2760009765625 68.69709014892578
v -2367.424072265625 1021.0670166015625 71.71399688720703
v -2353.431884765625 1263.7860107421875 20.38625144958496
v -2353.431884765625 1263.7860107421875 20.38625144958496
v -2350.601318359375 1396.8280029296875 77.03280639648438
v -2350.601318359375 1396.8280029296875 77.03280639648438
v -2350.601318359375 1396.8280029296875 77.03280639648438
v -2328.953125 1370.85400390625 -8.654853820800781
v -2328.953125 1370.85400390625 -8.654853820800781
v -2318.342041015625 1044.5880126953125 -18.125
v -2327.513916015625 1027.0360107421875 -4.479000091552734
v -2322.33984375 1373.4200439453125 -30.179935455322266
v -2365.8330078125 1013.5239868164062 71.56400299072266
v -2325.79931640625 1358.989013671875 -23.288789749145508
v -2300.923095703125 1043.625 -33.67599868774414
v -2375.626953125 1043.4189453125 88.08799743652344
v -2375.626953125 1043.4189453125 88.08799743652344
v -2324.0380859375 1011.781982421875 -3.0759999752044678
v -2367.89794921875 1027.8199462890625 72.50399780273438
v -2366.18603515625 1012.0089721679688 73.47200012207031
v -2366.18603515625 1012.0089721679688 73.47200012207031
v -2338.96826171875 1293.97802734375 -8.688922882080078
v -2326.676025390625 1020.1939697265625 -3.121000051498413
v -2359.0859375 1270.51904296875 45.344058990478516
v -2365.693115234375 1201.218994140625 24.228839874267578
v -2365.693115234375 1201.218994140625 24.228839874267578
v -2352.916015625 1262.458984375 20.267688751220703
v -2352.916015625 1262.458984375 20.267688751220703
v -2327.550048828125 1371.7330322265625 -11.273228645324707
v -2327.550048828125 1371.7330322265625 -11.273228645324707
v -2327.550048828125 1371.7330322265625 -11.273228645324707
v -2358.233154296875 1290.029052734375 57.351478576660156
v -2382.425048828125 1040.384033203125 110.22599792480469
v -2325.2451171875 1012.9569702148438 -1.8639999628067017
v -2357.486083984375 1291.4410400390625 56.52290725708008
v -2357.486083984375 1291.4410400390625 56.52290725708008
v -2380.797119140625 1039.7099609375 106.44100189208984
v -2356.692626953125 1306.3699951171875 66.33072662353516
v -2338.334228515625 1293.06298828125 -9.375387191772461
v -2338.334228515625 1293.06298828125 -9.375387191772461
v -2332.16015625 1321.092041015625 -11.77202033996582
v -2303.943115234375 1043.344970703125 -29.35300064086914
v -2357.893310546875 1279.0250244140625 49.864418029785156
v -2332.803466796875 1310.281982421875 -14.315220832824707
v -2332.803466796875 1310.281982421875 -14.315220832824707
v -2341.743896484375 1283.5419921875 -3.824791431427002
v -2290.722900390625 1034.35498046875 -38.19200134277344
v -2383.14990234375 1029.9520263671875 120.15399932861328
v -2319.467041015625 1039.0379638671875 -13.770999908447266
v -2319.467041015625 1039.0379638671875 -13.770999908447266
v -2379.699951171875 1040.8819580078125 105.01000213623047
v -2382.407958984375 1023.1900024414062 121.8270034790039
v -2286.427001953125 1018.5150146484375 -36.025001525878906
v -2353.526611328125 1335.5179443359375 71.21158599853516
v -2288.0869140625 1028.0799560546875 -37.8650016784668
v -2324.090087890625 1379.678955078125 -14.928258895874023
v -2324.090087890625 1379.678955078125 -14.928258895874023
v -2324.090087890625 1379.678955078125 -14.928258895874023
v -2380.2529296875 1013.43701171875 121.10700225830078
v -2331.74853515625 1314.9429931640625 -12.603926658630371
v -2353.666748046875 1317.0799560546875 65.28286743164062
v -2344.619140625 1271.614990234375 0.4241607189178467
v -2344.619140625 1271.614990234375 0.4241607189178467
v -2354.243408203125 1312.344970703125 65.50360107421875
v -2320.66796875 1043.708984375 -12.734999656677246
v -2382.33203125 1023.0079956054688 122.96399688720703
v -2287.093017578125 1028.010986328125 -38.32600021362305
v -2380.930908203125 1015.4019775390625 123.33499908447266
v -2285 1020.6640014648438 -37.32699966430664
v -2285 1020.6640014648438 -37.32699966430664
v -2351.14404296875 1357.7440185546875 73.61588287353516
v -2351.14404296875 1357.7440185546875 73.61588287353516
v -2332.053466796875 1324.865966796875 -5.798107147216797
v -2327.682373046875 1341.6739501953125 -14.247336387634277
v -2327.682373046875 1341.6739501953125 -14.247336387634277
v -2371.700927734375 1042.748046875 84.56199645996094
v -2364.510986328125 1021.7670288085938 72.8740005493164
v -2351.60791015625 1377.8709716796875 84.77001953125
v -2318.486083984375 1042.8399658203125 -13.222000122070312
v -2318.486083984375 1042.8399658203125 -13.222000122070312
v -2375.8369140625 1039.77099609375 98.73300170898438
v -2350.6669921875 1341.5780029296875 68.21746826171875
v -2329.40869140625 1320.72705078125 -14.171965599060059
v -2327.9130859375 1345.2010498046875 -9.89635944366455
v -2327.9130859375 1345.2010498046875 -9.89635944366455
v -2371.3701171875 1041.696044921875 85.73400115966797
v -2371.3701171875 1041.696044921875 85.73400115966797
v -2337.243408203125 1293.4189453125 -4.0906758308410645
v -2327.794921875 1338.366943359375 -11.978867530822754
v -2349.277099609375 1320.8609619140625 59.310203552246094
v -2322.92822265625 1425.907958984375 8.228055000305176
v -2339.7666015625 1282.52099609375 -0.6410930156707764
v -2339.7666015625 1282.52099609375 -0.6410930156707764
v -2339.7666015625 1282.52099609375 -0.6410930156707764
v -2373.618896484375 1041.154052734375 96.20800018310547
v -2309.989990234375 1043.4320068359375 -19.135000228881836
v -2322.041259765625 1397.2060546875 -4.781823635101318
v -2322.041259765625 1397.2060546875 -4.781823635101318
v -2363.013916015625 1023.9169921875 74.98200225830078
v -2311.485107421875 1042.27099609375 -16.805999755859375
v -2345.13134765625 1363.1419677734375 64.92557525634766
v -2345.13134765625 1363.1419677734375 64.92557525634766
v -2351.861083984375 1346.93896484375 82.29933166503906
v -2351.861083984375 1346.93896484375 82.29933166503906
v -2351.861083984375 1346.93896484375 82.29933166503906
v -2352.23486328125 1283.7779541015625 47.50241470336914
v -2352.23486328125 1283.7779541015625 47.50241470336914
v -2371.740966796875 1040.3079833984375 93.2959976196289
v -2316.969970703125 1399.468994140625 -19.3187255859375
v -2378.240966796875 1023.5980224609375 121.28099822998047
v -2324.905517578125 1423.261962890625 19.371505737304688
v -2324.905517578125 1423.261962890625 19.371505737304688
v -2324.905517578125 1423.261962890625 19.371505737304688
v -2334.304931640625 1297.3499755859375 -1.6821469068527222
v -2350.321044921875 1295.126953125 53.30790710449219
v -2368.97998046875 1041.1280517578125 87.5719985961914
v -2368.97998046875 1041.1280517578125 87.5719985961914
v -2360.406982421875 1016.4559936523438 75.71499633789062
v -2351.4013671875 1283.4150390625 48.96758270263672
v -2351.4013671875 1283.4150390625 48.96758270263672
v -2335.90087890625 1293.16796875 2.132915735244751
v -2349.65478515625 1290.7099609375 49.29259490966797
v -2330.2041015625 1321.0179443359375 2.425436496734619
v -2337.984619140625 1285.2750244140625 3.876631021499634
v -2345.624267578125 1332.501953125 61.28609848022461
v -2344.55517578125 1333.426025390625 58.53362274169922
v -2314.451904296875 1043.1209716796875 -11.595999717712402
v -2314.451904296875 1043.1209716796875 -11.595999717712402
v -2339.87451171875 1326.9539794921875 40.26262664794922
v -2368.323974609375 1041.458984375 88.68499755859375
v -2368.323974609375 1041.458984375 88.68499755859375
v -2344.92822265625 1318.572998046875 54.9159049987793
v -2329.2509765625 1320.22705078125 0.9981318712234497
v -2333.0634765625 1327.071044921875 17.644107818603516
v -2360.735107421875 1023.9739990234375 76.25900268554688
v -2349.193115234375 1290.5 51.69500732421875
v -2349.193115234375 1290.5 51.69500732421875
v -2349.193115234375 1290.5 51.69500732421875
v -2333.919677734375 1292.5250244140625 0.09887299686670303
v -2333.919677734375 1292.5250244140625 0.09887299686670303
v -2332.6015625 1296.9139404296875 -0.6105048060417175
v -2326.22802734375 1335.7740478515625 -1.088368535041809
v -2326.881103515625 1331.864990234375 -0.17211073637008667
v -2336.5654296875 1284.5450439453125 3.3152241706848145
v -2340.64990234375 1367.33203125 62.827152252197266
v -2371.889892578125 1038.9949951171875 103.56400299072266
v -2331.0224609375 1322.68603515625 12.51507568359375
v -2332.030029296875 1329.68896484375 19.11367416381836
v -2332.030029296875 1329.68896484375 19.11367416381836
v -2347.46728515625 1294.5579833984375 53.00908279418945
v -2343.371826171875 1323.2939453125 57.00008010864258
v -2327.342529296875 1325.594970703125 1.849226951599121
v -2365.4580078125 1038.366943359375 86.91799926757812
v -2340.95068359375 1319.8260498046875 47.96146011352539
v -2373.964111328125 1024.220947265625 118.67900085449219
v -2342.864501953125 1338.6519775390625 62.36252975463867
v -2342.836181640625 1328.56494140625 58.46541213989258
v -2328.898193359375 1310.1929931640625 1.8591407537460327
v -2324.185302734375 1341.1109619140625 -1.2660887241363525
v -2341.69189453125 1347.18701171875 63.14983367919922
v -2341.69189453125 1347.18701171875 63.14983367919922
v -2322.42431640625 1360.85302734375 1.1877166032791138
v -2322.928955078125 1349.5849609375 -1.0322818756103516
v -2343.571044921875 1306.98095703125 54.193016052246094
v -2329.37255859375 1320.739013671875 11.601940155029297
v -2327.95849609375 1334.074951171875 12.467411994934082
v -2346.00927734375 1363.22802734375 87.37782287597656
v -2338.500244140625 1332.301025390625 50.41070556640625
v -2341.279296875 1346.833984375 65.89872741699219
v -2326.016845703125 1336.530029296875 8.941741943359375
v -2334.82421875 1397.612060546875 63.665958404541016
v -2334.82421875 1397.612060546875 63.665958404541016
v -2345.648681640625 1277.6650390625 39.565345764160156
v -2345.648681640625 1277.6650390625 39.565345764160156
v -2321.202392578125 1349.43798828125 -1.5581129789352417
v -2321.202392578125 1349.43798828125 -1.5581129789352417
v -2326.77294921875 1327.2330322265625 9.542937278747559
v -2338.790771484375 1324.5009765625 50.74839782714844
v -2337.244873046875 1278.39404296875 11.806414604187012
v -2337.86376953125 1335.133056640625 52.05602264404297
v -2339.49072265625 1390.43896484375 79.14619445800781
v -2339.49072265625 1390.43896484375 79.14619445800781
v -2302.301025390625 1041.666015625 -16.572999954223633
v -2326.4052734375 1339.5069580078125 14.879595756530762
v -2336.291015625 1338.821044921875 49.521636962890625
v -2338.34765625 1267.009033203125 11.276755332946777
v -2338.34765625 1267.009033203125 11.276755332946777
v -2345.82958984375 1265.760009765625 37.12910079956055
v -2322.42626953125 1356.5059814453125 9.618511199951172
v -2342.732421875 1276.1650390625 34.449241638183594
v -2342.732421875 1276.1650390625 34.449241638183594
v -2337.29931640625 1277 16.498390197753906
v -2326.48291015625 1427.7969970703125 54.57844543457031
v -2341.135986328125 1285.0260009765625 38.18949890136719
v -2358.64794921875 1031.85205078125 83.49400329589844
v -2315.80224609375 1394.375 5.029723644256592
v -2315.80224609375 1394.375 5.029723644256592
v -2313.7783203125 1378.3310546875 -7.9949140548706055
v -2313.76611328125 1033.4820556640625 -0.1899999976158142
v -2331.255126953125 1364.1600341796875 48.06664276123047
v -2331.255126953125 1364.1600341796875 48.06664276123047
v -2331.255126953125 1364.1600341796875 48.06664276123047
v -2338.83642578125 1359.4439697265625 72.9756088256836
v -2338.83642578125 1359.4439697265625 72.9756088256836
v -2330.3173828125 1390.85498046875 55.23627471923828
v -2330.3173828125 1390.85498046875 55.23627471923828
v -2339.83544921875 1290.7130126953125 39.96845626831055
v -2369.741943359375 1034.9439697265625 114.68299865722656
v -2332.510498046875 1291.9420166015625 15.141668319702148
v -2334.336181640625 1285.781982421875 15.788268089294434
v -2355.9990234375 1015.9229736328125 84.29900360107422
v -2355.9990234375 1015.9229736328125 84.29900360107422
v -2316.429443359375 1337.751953125 -13.530396461486816
v -2316.429443359375 1337.751953125 -13.530396461486816
v -2316.429443359375 1337.751953125 -13.530396461486816
v -2316.429443359375 1337.751953125 -13.530396461486816
v -2343.059814453125 1274.886962890625 38.18110656738281
v -2290.69189453125 1039.7340087890625 -23.660999298095703
v -2309.85205078125 1018.0609741210938 1.9620000123977661
v -2342.354248046875 1321.6669921875 71.34552764892578
v -2318.486328125 1325.362060546875 -10.8951997756958
v -2342.861328125 1328.6820068359375 75.87823486328125
v -2327.732177734375 1322.4010009765625 20.64136505126953
v -2327.732177734375 1322.4010009765625 20.64136505126953
v -2285.615966796875 1020.68701171875 -21.343000411987305
v -2366.68701171875 1015.3980102539062 116.08300018310547
v -2342.53466796875 1315.5689697265625 70.4517822265625
v -2335.546875 1276.3280029296875 13.677655220031738
v -2338.3994140625 1299.208984375 45.122440338134766
v -2341.677734375 1334.843017578125 76.01453399658203
v -2341.677734375 1334.843017578125 76.01453399658203
v -2328.642822265625 1300.7099609375 13.14356517791748
v -2331.251953125 1406.9549560546875 67.65532684326172
v -2331.251953125 1406.9549560546875 67.65532684326172
v -2356.427978515625 1025.134033203125 83.22799682617188
v -2339.072265625 1264.89599609375 21.561784744262695
v -2339.072265625 1264.89599609375 21.561784744262695
v -2339.072265625 1264.89599609375 21.561784744262695
v -2319.922607421875 1316.988037109375 -6.47275972366333
v -2322.577880859375 1346.5050048828125 15.636795043945312
v -2322.577880859375 1346.5050048828125 15.636795043945312
v -2322.577880859375 1346.5050048828125 15.636795043945312
v -2322.577880859375 1346.5050048828125 15.636795043945312
v -2339.631103515625 1312.91796875 62.48691177368164
v -2339.631103515625 1312.91796875 62.48691177368164
v -2313.986572265625 1385.7760009765625 1.0760976076126099
v -2339.978271484375 1264.2950439453125 26.488094329833984
v -2339.978271484375 1264.2950439453125 26.488094329833984
v -2339.978271484375 1264.2950439453125 26.488094329833984
v -2311.85595703125 1026.8809814453125 2.374000072479248
v -2287.049072265625 1030.4090576171875 -21.97599983215332
v -2327.602294921875 1304.010009765625 15.094759941101074
v -2355.455078125 1024.885009765625 82.76899719238281
v -2286.449951171875 1030.4010009765625 -22.301000595092773
v -2315.525390625 1332.178955078125 -13.189753532409668
v -2315.525390625 1332.178955078125 -13.189753532409668
v -2315.525390625 1332.178955078125 -13.189753532409668
v -2338.52880859375 1337.5870361328125 69.6072006225586
v -2338.52880859375 1337.5870361328125 69.6072006225586
v -2338.52880859375 1337.5870361328125 69.6072006225586
v -2338.52880859375 1337.5870361328125 69.6072006225586
v -2335.756591796875 1302.7130126953125 43.777565002441406
v -2321.861328125 1313.9090576171875 1.9944936037063599
v -2366.922119140625 1025.3089599609375 116.12699890136719
v -2354.280029296875 1017.8200073242188 83.4010009765625
v -2366.04296875 1017.5120239257812 117.4729995727539
v -2316.1962890625 1338.9169921875 -7.410152912139893
v -2316.1962890625 1338.9169921875 -7.410152912139893
v -2316.1962890625 1338.9169921875 -7.410152912139893
v -2314.27734375 1337.85400390625 -14.543912887573242
v -2314.27734375 1337.85400390625 -14.543912887573242
v -2309.8740234375 1019.8820190429688 3.625999927520752
v -2338.240478515625 1308.636962890625 57.488651275634766
v -2338.240478515625 1308.636962890625 57.488651275634766
v -2338.240478515625 1308.636962890625 57.488651275634766
v -2284.387939453125 1022.791015625 -21.163999557495117
v -2284.387939453125 1022.791015625 -21.163999557495117
v -2326.4970703125 1315.574951171875 19.984329223632812
v -2322.387939453125 1310.875 3.3789665699005127
v -2366.906982421875 1025.1619873046875 116.91999816894531
v -2341.098388671875 1333.762939453125 78.70216369628906
v -2341.098388671875 1333.762939453125 78.70216369628906
v -2314.57275390625 1332.093017578125 -14.811593055725098
v -2314.57275390625 1332.093017578125 -14.811593055725098
v -2327.13525390625 1299.52294921875 12.011845588684082
v -2327.13525390625 1299.52294921875 12.011845588684082
v -2335.22265625 1312.3929443359375 50.734466552734375
v -2335.22265625 1312.3929443359375 50.734466552734375
v -2341.40673828125 1328.06103515625 78.61808776855469
v -2338.2705078125 1290.1190185546875 42.66740417480469
v -2338.2705078125 1290.1190185546875 42.66740417480469
v -2316.403564453125 1322.5679931640625 -11.015380859375
v -2316.8955078125 1323.31103515625 -8.744653701782227
v -2316.8955078125 1323.31103515625 -8.744653701782227
v -2331.228759765625 1320.1390380859375 40.483463287353516
v -2331.228759765625 1320.1390380859375 40.483463287353516
v -2331.206298828125 1338.1519775390625 47.375465393066406
v -2331.206298828125 1338.1519775390625 47.375465393066406
v -2331.206298828125 1338.1519775390625 47.375465393066406
v -2317.528076171875 1343.3179931640625 1.4515001773834229
v -2317.528076171875 1343.3179931640625 1.4515001773834229
v -2306.694091796875 1385.166015625 -19.93427848815918
v -2331.01904296875 1344.8389892578125 49.92900466918945
v -2324.287353515625 1316.1929931640625 15.40746021270752
v -2324.287353515625 1316.1929931640625 15.40746021270752
v -2339.82763671875 1313.969970703125 69.3340835571289
v -2339.82763671875 1313.969970703125 69.3340835571289
v -2339.82763671875 1313.969970703125 69.3340835571289
v -2321.208740234375 1366.7349853515625 24.517051696777344
v -2321.208740234375 1366.7349853515625 24.517051696777344
v -2326.465087890625 1359.6080322265625 40.24541473388672
v -2322.290283203125 1339.3890380859375 18.054744720458984
v -2322.290283203125 1339.3890380859375 18.054744720458984
v -2322.290283203125 1339.3890380859375 18.054744720458984
v -2322.290283203125 1339.3890380859375 18.054744720458984
v -2339.038330078125 1332.697021484375 74.223388671875
v -2339.038330078125 1332.697021484375 74.223388671875
v -2339.038330078125 1332.697021484375 74.223388671875
v -2339.038330078125 1332.697021484375 74.223388671875
v -2325.449462890625 1317.998046875 21.128128051757812
v -2330.818359375 1318.3299560546875 40.58159255981445
v -2330.818359375 1318.3299560546875 40.58159255981445
v -2330.818359375 1318.3299560546875 40.58159255981445
v -2330.818359375 1318.3299560546875 40.58159255981445
v -2324.6875 1313.6080322265625 17.221820831298828
v -2324.6875 1313.6080322265625 17.221820831298828
v -2336.44921875 1281.907958984375 31.193044662475586
v -2334.4814453125 1274.947998046875 19.05618667602539
v -2334.4814453125 1274.947998046875 19.05618667602539
v -2332.490478515625 1312.0909423828125 45.229705810546875
v -2322.794189453125 1338.050048828125 21.521299362182617
v -2322.794189453125 1338.050048828125 21.521299362182617
v -2322.794189453125 1338.050048828125 21.521299362182617
v -2338.609375 1274.43994140625 33.876548767089844
v -2338.609375 1274.43994140625 33.876548767089844
v -2333.85107421875 1282.2979736328125 23.533611297607422
v -2333.85107421875 1282.2979736328125 23.533611297607422
v -2327.60205078125 1301.22705078125 20.215164184570312
v -2323.356201171875 1337.6280517578125 24.017824172973633
v -2323.356201171875 1337.6280517578125 24.017824172973633
v -2323.356201171875 1337.6280517578125 24.017824172973633
v -2323.356201171875 1337.6280517578125 24.017824172973633
v -2323.356201171875 1337.6280517578125 24.017824172973633
v -2329.10986328125 1291.5369873046875 16.044313430786133
v -2315.31298828125 1340.7440185546875 -2.819336175918579
v -2315.31298828125 1340.7440185546875 -2.819336175918579
v -2321.62744140625 1339.58203125 18.971424102783203
v -2321.62744140625 1339.58203125 18.971424102783203
v -2321.62744140625 1339.58203125 18.971424102783203
v -2324.135498046875 1324.0889892578125 22.129186630249023
v -2324.135498046875 1324.0889892578125 22.129186630249023
v -2324.93359375 1330.41796875 27.64361000061035
v -2324.93359375 1330.41796875 27.64361000061035
v -2329.713134765625 1323.0830078125 41.62715530395508
v -2329.713134765625 1323.0830078125 41.62715530395508
v -2329.713134765625 1323.0830078125 41.62715530395508
v -2329.713134765625 1323.0830078125 41.62715530395508
v -2329.713134765625 1323.0830078125 41.62715530395508
v -2322.409912109375 1341.81005859375 23.295299530029297
v -2322.409912109375 1341.81005859375 23.295299530029297
v -2319.452880859375 1313.844970703125 2.126690626144409
v -2319.452880859375 1313.844970703125 2.126690626144409
v -2327.3310546875 1330.967041015625 36.73495864868164
v -2327.3310546875 1330.967041015625 36.73495864868164
v -2327.3310546875 1330.967041015625 36.73495864868164
v -2328.783935546875 1334.6820068359375 43.30587387084961
v -2328.783935546875 1334.6820068359375 43.30587387084961
v -2328.783935546875 1334.6820068359375 43.30587387084961
v -2328.783935546875 1334.6820068359375 43.30587387084961
v -2327.947998046875 1338.220947265625 41.761924743652344
v -2327.947998046875 1338.220947265625 41.761924743652344
v -2327.947998046875 1338.220947265625 41.761924743652344
v -2327.947998046875 1338.220947265625 41.761924743652344
v -2324.383544921875 1334.616943359375 28.12362289428711
v -2324.383544921875 1334.616943359375 28.12362289428711
v -2324.383544921875 1334.616943359375 28.12362289428711
v -2319.87548828125 1310.2750244140625 2.500807523727417
v -2326.7626953125 1335.4549560546875 37.12199401855469
v -2326.7626953125 1335.4549560546875 37.12199401855469
v -2312.289794921875 1418.9169921875 18.566925048828125
v -2323.1337890625 1358.030029296875 33.799598693847656
v -2323.1337890625 1358.030029296875 33.799598693847656
v -2323.1337890625 1358.030029296875 33.799598693847656
v -2335.062255859375 1309.4749755859375 56.526275634765625
v -2314.1552734375 1427.9339599609375 29.46713638305664
v -2362.944091796875 1025.385009765625 112.81900024414062
v -2331.570556640625 1340.5830078125 57.552555084228516
v -2322.345458984375 1334.865966796875 23.014047622680664
v -2322.345458984375 1334.865966796875 23.014047622680664
v -2322.345458984375 1334.865966796875 23.014047622680664
v -2354.544921875 1025.1700439453125 89.07099914550781
v -2322.12255859375 1315.93994140625 16.017976760864258
v -2322.12255859375 1315.93994140625 16.017976760864258
v -2322.12255859375 1315.93994140625 16.017976760864258
v -2322.12255859375 1315.93994140625 16.017976760864258
v -2334.62646484375 1280.5419921875 29.769786834716797
v -2334.62646484375 1280.5419921875 29.769786834716797
v -2331.18798828125 1299.260986328125 36.5053596496582
v -2361.5869140625 1025.593017578125 110.35700225830078
v -2330.1875 1289.988037109375 23.400911331176758
v -2330.1875 1289.988037109375 23.400911331176758
v -2330.41259765625 1315.1719970703125 45.631622314453125
v -2323.421875 1347.384033203125 33.833309173583984
v -2323.421875 1347.384033203125 33.833309173583984
v -2323.421875 1347.384033203125 33.833309173583984
v -2325.11328125 1382.387939453125 53.54679870605469
v -2307.269287109375 1355.9239501953125 -17.99738311767578
v -2307.269287109375 1355.9239501953125 -17.99738311767578
v -2354.75390625 1025.6190185546875 92.62799835205078
v -2332.31640625 1289.0279541015625 32.90883255004883
v -2302.16552734375 1420.4969482421875 -10.138591766357422
v -2327.020263671875 1338.6739501953125 45.858360290527344
v -2327.020263671875 1338.6739501953125 45.858360290527344
v -2327.020263671875 1338.6739501953125 45.858360290527344
v -2320.46337890625 1388.18896484375 41.93049621582031
v -2320.46337890625 1388.18896484375 41.93049621582031
v -2318.338134765625 1338.7120361328125 15.842488288879395
v -2318.338134765625 1338.7120361328125 15.842488288879395
v -2322.148681640625 1320.5279541015625 22.31941032409668
v -2322.148681640625 1320.5279541015625 22.31941032409668
v -2322.148681640625 1320.5279541015625 22.31941032409668
v -2327.145263671875 1322.824951171875 40.94114685058594
v -2329.5595703125 1386.3489990234375 73.93318939208984
v -2325.806396484375 1300.0560302734375 22.261112213134766
v -2325.806396484375 1300.0560302734375 22.261112213134766
v -2325.806396484375 1300.0560302734375 22.261112213134766
v -2321.23291015625 1330.0379638671875 23.530683517456055
v -2321.23291015625 1330.0379638671875 23.530683517456055
v -2290.64794921875 1030.1610107421875 -11.866999626159668
v -2319.215087890625 1339.6839599609375 20.556062698364258
v -2319.215087890625 1339.6839599609375 20.556062698364258
v -2326.388671875 1336.1400146484375 44.603111267089844
v -2326.388671875 1336.1400146484375 44.603111267089844
v -2326.388671875 1336.1400146484375 44.603111267089844
v -2326.388671875 1336.1400146484375 44.603111267089844
v -2301.56103515625 1028.72900390625 -0.8799999952316284
v -2329.89892578125 1299.3900146484375 38.129024505615234
v -2358.215087890625 1017.93701171875 109.31999969482422
v -2358.77001953125 1027.7989501953125 106.31400299072266
v -2323.447021484375 1329.8699951171875 33.279945373535156
v -2323.447021484375 1329.8699951171875 33.279945373535156
v -2323.447021484375 1329.8699951171875 33.279945373535156
v -2352.81005859375 1018.22900390625 94.05999755859375
v -2321.68896484375 1333.864990234375 29.31685447692871
v -2321.68896484375 1333.864990234375 29.31685447692871
v -2321.68896484375 1333.864990234375 29.31685447692871
v -2321.68896484375 1333.864990234375 29.31685447692871
v -2321.68896484375 1333.864990234375 29.31685447692871
v -2321.68896484375 1333.864990234375 29.31685447692871
v -2327.69189453125 1297.68994140625 30.145790100097656
v -2327.69189453125 1297.68994140625 30.145790100097656
v -2357.97705078125 1036.0689697265625 101.01399993896484
v -2327.047607421875 1378.592041015625 65.93657684326172
v -2315.69921875 1406.3349609375 37.63715362548828
v -2315.69921875 1406.3349609375 37.63715362548828
v -2315.69921875 1406.3349609375 37.63715362548828
v -2310.954833984375 1385.4329833984375 13.503863334655762
v -2310.954833984375 1385.4329833984375 13.503863334655762
v -2322.803466796875 1369.405029296875 49.42864227294922
v -2322.803466796875 1369.405029296875 49.42864227294922
v -2318.939697265625 1400.8360595703125 48.11174392700195
v -2333.526123046875 1364.1710205078125 85.39124298095703
v -2333.526123046875 1364.1710205078125 85.39124298095703
v -2356.928955078125 1025.7039794921875 105.33499908447266
v -2299.5810546875 1040.010009765625 -4.922999858856201
v -2299.5810546875 1040.010009765625 -4.922999858856201
v -2356.35693359375 1036.3060302734375 98.927001953125
v -2356.35693359375 1036.3060302734375 98.927001953125
v -2315.8486328125 1381.9969482421875 31.948974609375
v -2315.8486328125 1381.9969482421875 31.948974609375
v -2315.8486328125 1381.9969482421875 31.948974609375
v -2315.8486328125 1381.9969482421875 31.948974609375
v -2313.615478515625 1413.404052734375 36.234004974365234
v -2313.615478515625 1413.404052734375 36.234004974365234
v -2317.332275390625 1419.137939453125 51.865638732910156
v -2353.35595703125 1025.6519775390625 96.31900024414062
v -2311.561767578125 1360.6190185546875 9.554360389709473
v -2317.577880859375 1391.2569580078125 42.53422546386719
v -2313.593994140625 1429.6739501953125 43.454463958740234
v -2313.593994140625 1429.6739501953125 43.454463958740234
v -2320.700927734375 1320.6419677734375 26.597522735595703
v -2320.700927734375 1320.6419677734375 26.597522735595703
v -2320.700927734375 1320.6419677734375 26.597522735595703
v -2320.700927734375 1320.6419677734375 26.597522735595703
v -2326.78125 1291.010986328125 25.724430084228516
v -2326.78125 1291.010986328125 25.724430084228516
v -2326.78125 1291.010986328125 25.724430084228516
v -2356.051025390625 1025.64404296875 105.33000183105469
v -2329.107421875 1290.52294921875 34.24793243408203
v -2329.107421875 1290.52294921875 34.24793243408203
v -2353.06005859375 1017.0070190429688 101.63400268554688
v -2353.06005859375 1017.0070190429688 101.63400268554688
v -2292.654052734375 1021.8280029296875 -1.7430000305175781
v -2292.654052734375 1021.8280029296875 -1.7430000305175781
v -2352.993896484375 1026.050048828125 100.97200012207031
v -2352.993896484375 1026.050048828125 100.97200012207031
v -2294.623046875 1029.9649658203125 -2.5
v -2294.623046875 1029.9649658203125 -2.5
v -2351.51806640625 1018.5170288085938 101.98999786376953
v -2351.51806640625 1018.5170288085938 101.98999786376953
v -2304.21826171875 1377.4110107421875 -0.4366742670536041
v -2352.490966796875 1025.6259765625 101.427001953125
v -2352.490966796875 1025.6259765625 101.427001953125
v -2321.264404296875 1380.3599853515625 61.91887664794922
v -2305.325439453125 1401.8270263671875 17.539403915405273
v -2309.39501953125 1381.0670166015625 26.793983459472656
v -2309.39501953125 1381.0670166015625 26.793983459472656
v -2309.39501953125 1381.0670166015625 26.793983459472656
v -2309.39501953125 1381.0670166015625 26.793983459472656
v -2306.994384765625 1405.541015625 29.099254608154297
v -2306.994384765625 1405.541015625 29.099254608154297
v -2317.53515625 1395.7900390625 62.81938934326172
v -2314.532470703125 1403.23095703125 55.15509033203125
v -2320.474365234375 1363.760009765625 63.943416595458984
v -2314.81884765625 1304.7760009765625 24.18178367614746
v -2314.81884765625 1304.7760009765625 24.18178367614746
v -2320.23095703125 1304.051025390625 43.17266845703125
v -2320.23095703125 1304.051025390625 43.17266845703125
v -2318.011474609375 1351.4100341796875 57.093528747558594
v -2312.09130859375 1360.0830078125 41.790870666503906
v -2300.892333984375 1369.7230224609375 7.892289638519287
v -2300.892333984375 1369.7230224609375 7.892289638519287
v -2307.052734375 1362.8349609375 28.20587730407715
v -2308.32080078125 1346.64697265625 28.233034133911133
v -2311.494873046875 1403.5589599609375 68.57414245605469
v -2302.689453125 1396.1419677734375 35.347965240478516
v -2302.689453125 1396.1419677734375 35.347965240478516
v -2304.47900390625 1409.3310546875 47.11821365356445
v -2304.47900390625 1409.3310546875 47.11821365356445
v -2312.969482421875 1303.032958984375 35.129146575927734
v -2312.969482421875 1303.032958984375 35.129146575927734
v -2306.7763671875 1376.5479736328125 45.70458984375
v -2306.7763671875 1376.5479736328125 45.70458984375
v -2305.13427734375 1376.0469970703125 39.8087158203125
v -2305.13427734375 1376.0469970703125 39.8087158203125
v -2293.193359375 1390.8199462890625 10.2168550491333
v -2304.05810546875 1361.73095703125 37.867034912109375
v -2303.456787109375 1388.0909423828125 47.1124153137207
v -2419.32763671875 1361.39501953125 86.09429931640625
v -2418.737060546875 1072.1099853515625 81.16300201416016
v -2418.737060546875 1072.1099853515625 81.16300201416016
v -2392.472900390625 1133.60302734375 3.390000104904175
v -2395.958984375 1131.8160400390625 8.491000175476074
v -2395.958984375 1131.8160400390625 8.491000175476074
v -2395.958984375 1131.8160400390625 8.491000175476074
v -2415.48681640625 1277.31298828125 31.894384384155273
v -2415.48681640625 1277.31298828125 31.894384384155273
v -2341.69189453125 1030.8740234375 -74.19000244140625
v -2400.11767578125 1279.4090576171875 -16.593612670898438
v -2438.4150390625 1030.47802734375 90.91899871826172
v -2395.11474609375 1295.2540283203125 -27.383113861083984
v -2415.458251953125 1292.06103515625 42.89275360107422
v -2415.458251953125 1292.06103515625 42.89275360107422
v -2404.2109375 1179.81201171875 133.6909942626953
v -2285.680908203125 1187.2449951171875 -64.53600311279297
v -2373.875 1020.5960083007812 -32.61600112915039
v -2421.711181640625 1270.9940185546875 40.08711624145508
v -2421.711181640625 1270.9940185546875 40.08711624145508
v -2398.5224609375 1274.8909912109375 -29.810806274414062
v -2414.306884765625 1083.635986328125 75.6709976196289
v -2414.306884765625 1083.635986328125 75.6709976196289
v -2417.8916015625 1273.0350341796875 33.888736724853516
v -2417.8916015625 1273.0350341796875 33.888736724853516
v -2417.8916015625 1273.0350341796875 33.888736724853516
v -2341.178955078125 1010.2260131835938 -73.77400207519531
v -2345.7548828125 1049.281005859375 -67.74400329589844
v -2437.618896484375 1010.1300048828125 89.91400146484375
v -2437.618896484375 1010.1300048828125 89.91400146484375
v -2419.06005859375 1010.8380126953125 43.49399948120117
v -2417.76708984375 1021.0440063476562 42.89500045776367
v -2311.1630859375 1193.4090576171875 -67.7467269897461
v -2340.56396484375 1011.0999755859375 -74.91500091552734
v -2340.56396484375 1011.0999755859375 -74.91500091552734
v -2365.0390625 1237.1519775390625 -69.38157653808594
v -2401.624267578125 1275.782958984375 -20.906631469726562
v -2401.624267578125 1275.782958984375 -20.906631469726562
v -2274.14990234375 1178.220947265625 -64.70999908447266
v -2437.680419921875 1228.697021484375 75.9267349243164
v -2437.680419921875 1228.697021484375 75.9267349243164
v -2420.49609375 1186.2039794921875 113.45899963378906
v -2438.487060546875 1011.198974609375 90.9260025024414
v -2438.487060546875 1011.198974609375 90.9260025024414
v -2439.6240234375 1006.3900146484375 89.62000274658203
v -2437.37548828125 1219.7349853515625 80.21768951416016
v -2437.37548828125 1219.7349853515625 80.21768951416016
v -2342.02099609375 1006.3989868164062 -74.85399627685547
v -2258.3759765625 1165.8890380859375 -64.3740005493164
v -2258.3759765625 1165.8890380859375 -64.3740005493164
v -2340.79833984375 1216.6419677734375 -70.56207275390625
v -2340.79833984375 1216.6419677734375 -70.56207275390625
v -2357.278076171875 1229.0469970703125 -70.47225189208984
v -2357.278076171875 1229.0469970703125 -70.47225189208984
v -2433.431640625 1210.16796875 91.72813415527344
v -2339.23095703125 1074.04296875 -50.69900131225586
v -2375.64697265625 1011.0650024414062 -35.380001068115234
v -2382.510009765625 1162.7320556640625 -40.691001892089844
v -2402.199951171875 1045.4000244140625 35.12699890136719
v -2370.52197265625 1047.884033203125 -13.996999740600586
v -2401.31103515625 1045.7969970703125 36.43199920654297
v -2401.31103515625 1045.7969970703125 36.43199920654297
v -2424.206787109375 1307.3800048828125 70.22328186035156
v -2436.715087890625 1049.1920166015625 83.09300231933594
v -2434.1259765625 1156.5870361328125 36.33599853515625
v -2440.157958984375 1017.1259765625 89.90799713134766
v -2372.56396484375 1047.532958984375 -14.414999961853027
v -2344.384033203125 1055.675048828125 -70.94000244140625
v -2440.908935546875 1008.1890258789062 90.29399871826172
v -2342.256103515625 1008.6729736328125 -76.21700286865234
v -2438.154052734375 1055.3900146484375 86.93599700927734
v -2375.7490234375 1000.1099853515625 -37.52799987792969
v -2437.063232421875 1236.134033203125 78.83576965332031
v -2437.063232421875 1236.134033203125 78.83576965332031
v -2429.049072265625 1068.635009765625 80.302001953125
v -2429.049072265625 1068.635009765625 80.302001953125
v -2371.25927734375 1248.947998046875 -72.49134063720703
v -2371.25927734375 1248.947998046875 -72.49134063720703
v -2432.746826171875 1260.3060302734375 56.11971664428711
v -2432.746826171875 1260.3060302734375 56.11971664428711
v -2431.4951171875 1068.583984375 81.01300048828125
v -2390.278076171875 1264.7939453125 -54.927127838134766
v -2388.693359375 1313.531005859375 -54.85108947753906
v -2388.693359375 1313.531005859375 -54.85108947753906
v -2388.693359375 1313.531005859375 -54.85108947753906
v -2343.35009765625 1070.3280029296875 -58.939998626708984
v -2417.39404296875 1031.2159423828125 41.65599822998047
v -2393.263916015625 1156.56201171875 156.19500732421875
v -2375.1259765625 1032.199951171875 -30.475000381469727
v -2387.989990234375 1326.8509521484375 -53.72162628173828
v -2387.989990234375 1326.8509521484375 -53.72162628173828
v -2343.031005859375 1070.156005859375 -56.6879997253418
v -2393.701904296875 1194.6259765625 -48.58300018310547
v -2414.291015625 1031.8680419921875 35.78900146484375
v -2260.699951171875 1157.02001953125 -66.5459976196289
v -2441.06396484375 1019.5360107421875 88.4020004272461
v -2377.14697265625 1033.612060546875 -22.84600067138672
v -2399.682861328125 1440.8499755859375 29.040788650512695
v -2393.36376953125 1307.5660400390625 -45.53691101074219
v -2386.786376953125 1341.83203125 -56.153987884521484
v -2292.98193359375 1165.16796875 -68.02400207519531
v -2385.99658203125 1342.4749755859375 -59.44245147705078
v -2418.4541015625 1126.56396484375 47.150001525878906
v -2418.4541015625 1126.56396484375 47.150001525878906
v -2426.247314453125 1336.4410400390625 78.40213775634766
v -2426.247314453125 1336.4410400390625 78.40213775634766
v -2425.43212890625 1336.1309814453125 75.13895416259766
v -2390.97900390625 1125.4930419921875 -0.20200000703334808
v -2416.607421875 1409.9759521484375 71.44509887695312
v -2416.607421875 1409.9759521484375 71.44509887695312
v -2423.657958984375 1000.218017578125 42.1150016784668
v -2423.657958984375 1000.218017578125 42.1150016784668
v -2383.973388671875 1415.0279541015625 -41.9345588684082
v -2383.973388671875 1415.0279541015625 -41.9345588684082
v -2423.053466796875 1305.1099853515625 52.66243362426758
v -2415.194091796875 1441.3079833984375 75.20541381835938
v -2407.2939453125 1045.75 33.89799880981445
v -2399.360107421875 1061.1800537109375 31.77400016784668
v -2399.360107421875 1061.1800537109375 31.77400016784668
v -2392.156982421875 1233.6650390625 -45.75400161743164
v -2392.156982421875 1233.6650390625 -45.75400161743164
v -2392.156982421875 1233.6650390625 -45.75400161743164
v -2439.613037109375 1229.385009765625 35.191001892089844
v -2439.613037109375 1229.385009765625 35.191001892089844
v -2397.073486328125 1309.760986328125 -39.410980224609375
v -2397.115966796875 1204.322021484375 -45.97100067138672
v -2352.0029296875 1049.9549560546875 -68.65899658203125
v -2405.252685546875 1275.4639892578125 -28.883317947387695
v -2431.85302734375 1068.0870361328125 77.03600311279297
v -2431.85302734375 1068.0870361328125 77.03600311279297
v -2379.715087890625 999.3569946289062 -40.051998138427734
v -2379.715087890625 999.3569946289062 -40.051998138427734
v -2427.604736328125 1305.10400390625 62.375328063964844
v -2371.40087890625 1066.8609619140625 -7.953000068664551
v -2407.55908203125 1046.93701171875 34.48699951171875
v -2402.09716796875 1443.010986328125 23.61581802368164
v -2429.46533203125 1326.6700439453125 74.81165313720703
v -2429.46533203125 1326.6700439453125 74.81165313720703
v -2429.46533203125 1326.6700439453125 74.81165313720703
v -2434.568115234375 1068.759033203125 76.58399963378906
v -2308.0400390625 1169.5169677734375 -70.91899871826172
v -2430.712158203125 1318.0570068359375 74.27302551269531
v -2398.552978515625 1195.302978515625 -49.54600143432617
v -2391.9873046875 1324.8680419921875 -60.25156021118164
v -2391.9873046875 1324.8680419921875 -60.25156021118164
v -2417.617919921875 1159.9599609375 123.9219970703125
v -2398.386962890625 1147.9969482421875 156.5989990234375
v -2398.386962890625 1147.9969482421875 156.5989990234375
v -2382.008056640625 1011.198974609375 -38.02199935913086
v -2426.785888671875 1000.7789916992188 40.051998138427734
v -2381.85595703125 1000.4990234375 -40.29800033569336
v -2376.64404296875 1049.39697265625 -18.222999572753906
v -2412.9755859375 1426.791015625 50.585330963134766
v -2412.9755859375 1426.791015625 50.585330963134766
v -2351.739990234375 1021.5280151367188 -77.86100006103516
v -2396.525146484375 1313.64501953125 -51.872535705566406
v -2396.525146484375 1313.64501953125 -51.872535705566406
v -2427.80419921875 1293.47998046875 51.933135986328125
v -2426.22802734375 1010.8709716796875 38.665000915527344
v -2349.220947265625 1070.262939453125 -58.742000579833984
v -2408.06494140625 1445.155029296875 38.39702606201172
v -2434.377197265625 1346.136962890625 92.60213470458984
v -2380.60498046875 1034.7130126953125 -31.73699951171875
v -2422.177001953125 1032.7349853515625 37.46699905395508
v -2446.364013671875 1191.5479736328125 27.56599998474121
v -2390.8779296875 1162.1600341796875 -43.630001068115234
v -2400.2080078125 1195.2449951171875 -49.2760009765625
v -2396.44384765625 1465.5880126953125 5.103834629058838
v -2396.44384765625 1465.5880126953125 5.103834629058838
v -2396.44384765625 1465.5880126953125 5.103834629058838
v -2382.626953125 1021.8790283203125 -35.55099868774414
v -2387.676025390625 1454.7640380859375 -29.943653106689453
v -2401.07958984375 1297.738037109375 -41.704280853271484
v -2386.0556640625 1353.843017578125 -74.98995208740234
v -2427.93994140625 1183.7490234375 114.48899841308594
v -2381.93701171875 1220.7120361328125 -57.92100143432617
v -2381.93701171875 1220.7120361328125 -57.92100143432617
v -2424.833984375 1020.9530029296875 37.387001037597656
v -2398.14599609375 1314.428955078125 -48.083980560302734
v -2398.14599609375 1314.428955078125 -48.083980560302734
v -2376 1211.011962890625 -60.020999908447266
v -2376 1211.011962890625 -60.020999908447266
v -2443.669921875 1204.240966796875 52.2400016784668
v -2378.2470703125 1215.6689453125 -59.45800018310547
v -2378.2470703125 1215.6689453125 -59.45800018310547
v -2399.05322265625 1314.030029296875 -45.98358917236328
v -2399.05322265625 1314.030029296875 -45.98358917236328
v -2371.85107421875 1206.2840576171875 -62.39799880981445
v -2371.85107421875 1206.2840576171875 -62.39799880981445
v -2371.85107421875 1206.2840576171875 -62.39799880981445
v -2441.5029296875 1160.1090087890625 28.979999542236328
v -2416.993896484375 1086.1209716796875 66.06099700927734
v -2416.993896484375 1086.1209716796875 66.06099700927734
v -2313.35888671875 1190.9339599609375 -74.9749984741211
v -2443.611083984375 1198.18994140625 59.01300048828125
v -2391.234375 1424.14501953125 -32.25030517578125
v -2391.234375 1424.14501953125 -32.25030517578125
v -2444.406982421875 1203.3480224609375 54.249000549316406
v -2444.406982421875 1203.3480224609375 54.249000549316406
v -2430.390625 1309.4110107421875 60.50564956665039
v -2429.7333984375 1309.135986328125 57.858341217041016
v -2399.177978515625 1180.4940185546875 -45.0359992980957
v -2399.177978515625 1180.4940185546875 -45.0359992980957
v -2438.535888671875 1150.5780029296875 32.16999816894531
v -2443.635009765625 1176.448974609375 24.950000762939453
v -2442.89892578125 1048.1710205078125 75.94499969482422
v -2389.22900390625 1156.822021484375 -43.33700180053711
v -2389.22900390625 1156.822021484375 -43.33700180053711
v -2389.409912109375 1375.208984375 -59.901710510253906
v -2349.7490234375 1070.3060302734375 -56.28099822998047
v -2321.60302734375 1176.77099609375 -73.0780029296875
v -2430.5849609375 1170.0560302734375 104.7030029296875
v -2447.7490234375 1031.300048828125 81.0199966430664
v -2392.572021484375 1162.4510498046875 -44.53499984741211
v -2424.152099609375 1129.7149658203125 40.88100051879883
v -2430.012939453125 1369.8900146484375 79.34795379638672
v -2370.31201171875 1132.425048828125 -33.65599822998047
v -2416.87890625 1177.135009765625 135.99600219726562
v -2433.026611328125 1345.6800537109375 80.30973815917969
v -2442.56591796875 1160.35302734375 28.05500030517578
v -2347.68603515625 1087.5789794921875 -40.16600036621094
v -2347.68603515625 1087.5789794921875 -40.16600036621094
v -2391.320068359375 1352.095947265625 -64.03207397460938
v -2400.5849609375 1133.321044921875 -5.376999855041504
v -2409.85888671875 1129.178955078125 2.486999988555908
v -2355.64208984375 1032.6319580078125 -77.09100341796875
v -2404.607421875 1306.1209716796875 -35.11471176147461
v -2412.575439453125 1276.10302734375 -19.144250869750977
v -2412.575439453125 1276.10302734375 -19.144250869750977
v -2405.426025390625 1131.1729736328125 1.4470000267028809
v -2405.426025390625 1131.1729736328125 1.4470000267028809
v -2388.704833984375 1389.89697265625 -60.51198959350586
v -2415.8779296875 1108.3489990234375 49.75
v -2415.8779296875 1108.3489990234375 49.75
v -2403.74609375 1116.3310546875 8.793999671936035
v -2431.21533203125 1378.593994140625 83.81230163574219
v -2431.21533203125 1378.593994140625 83.81230163574219
v -2358.66796875 1112.791015625 -29.899999618530273
v -2358.66796875 1112.791015625 -29.899999618530273
v -2410.673095703125 1048.698974609375 33.11199951171875
v -2428.1025390625 1302.2099609375 44.34377670288086
v -2288.1220703125 1185.259033203125 -76.5250015258789
v -2422.433349609375 1415.342041015625 65.43204498291016
v -2422.433349609375 1415.342041015625 65.43204498291016
v -2422.433349609375 1415.342041015625 65.43204498291016
v -2413.218994140625 1292.0670166015625 -12.96511173248291
v -2413.218994140625 1292.0670166015625 -12.96511173248291
v -2413.218994140625 1292.0670166015625 -12.96511173248291
v -2422.797607421875 1290.3330078125 19.755943298339844
v -2402.14990234375 1095.512939453125 19.665000915527344
v -2402.14990234375 1095.512939453125 19.665000915527344
v -2402.14990234375 1095.512939453125 19.665000915527344
v -2264.1259765625 1166.77001953125 -75.9800033569336
v -2427.30224609375 1274.39501953125 24.80489158630371
v -2427.30224609375 1274.39501953125 24.80489158630371
v -2379.320068359375 1099.0260009765625 -3.878000020980835
v -2379.320068359375 1099.0260009765625 -3.878000020980835
v -2398.99755859375 1440.79296875 -8.928324699401855
v -2389.80712890625 1384.6939697265625 -63.40525436401367
v -2389.80712890625 1384.6939697265625 -63.40525436401367
v -2397.15380859375 1332.3780517578125 -58.36817169189453
v -2385.22509765625 1011.5700073242188 -41.316001892089844
v -2414.43798828125 1103.428955078125 52.50299835205078
v -2443.06396484375 1183.6810302734375 71.65499877929688
v -2358.580078125 1189.6209716796875 -68.73799896240234
v -2364.23291015625 1224.85498046875 -78.04120635986328
v -2364.23291015625 1224.85498046875 -78.04120635986328
v -2364.23291015625 1224.85498046875 -78.04120635986328
v -2378.491943359375 1051.1529541015625 -21.187000274658203
v -2448.192626953125 1215.9849853515625 78.39207458496094
v -2448.192626953125 1215.9849853515625 78.39207458496094
v -2448.192626953125 1215.9849853515625 78.39207458496094
v -2449.7060546875 1020.5659790039062 80.54900360107422
v -2360.06494140625 1050.4300537109375 -69.6780014038086
v -2355.39599609375 1018.1400146484375 -80.19000244140625
v -2414.201416015625 1278.550048828125 -20.815372467041016
v -2413.919921875 1046.5579833984375 31.820999145507812
v -2385.39697265625 1012.6790161132812 -42.207000732421875
v -2399.50927734375 1323.3809814453125 -56.67688751220703
v -2399.50927734375 1323.3809814453125 -56.67688751220703
v -2266.81201171875 1159.0849609375 -77.14099884033203
v -2266.81201171875 1159.0849609375 -77.14099884033203
v -2429.67578125 1275.759033203125 27.087465286254883
v -2425.484375 1282.3489990234375 18.40636444091797
v -2424.514892578125 1034.2430419921875 32.361000061035156
v -2416.188720703125 1282.7349853515625 -12.800904273986816
v -2380.489013671875 1051.0159912109375 -21.636999130249023
v -2435.142333984375 1314.06494140625 62.80073547363281
v -2436.06884765625 1325.72705078125 69.67474365234375
v -2436.06884765625 1325.72705078125 69.67474365234375
v -2374.35693359375 1233.1510009765625 -77.36811065673828
v -2374.35693359375 1233.1510009765625 -77.36811065673828
v -2450.30859375 1223.9820556640625 73.19819641113281
v -2440.43994140625 1151.2330322265625 24.788000106811523
v -2403.361083984375 1168.708984375 -44.83300018310547
v -2356.486083984375 1006.760986328125 -80.78399658203125
v -2423.721923828125 1124.7769775390625 32.90299987792969
v -2405.509033203125 1303.239990234375 -47.2695198059082
v -2434.340087890625 1067.385986328125 70.06700134277344
v -2438.85302734375 1067.6650390625 70.38200378417969
v -2393.451904296875 1235.623046875 -57.86399841308594
v -2445.931396484375 1205.8819580078125 92.05522155761719
v -2344.746826171875 1212.5389404296875 -81.22936248779297
v -2404.339111328125 1074.8719482421875 26.145999908447266
v -2404.339111328125 1074.8719482421875 26.145999908447266
v -2404.339111328125 1074.8719482421875 26.145999908447266
v -2379.800048828125 1127.85302734375 -29.920000076293945
v -2379.800048828125 1127.85302734375 -29.920000076293945
v -2385.73095703125 1118.321044921875 -11.074999809265137
v -2411.491943359375 1113.126953125 17.47599983215332
v -2411.491943359375 1113.126953125 17.47599983215332
v -2394.14013671875 1401.572998046875 -54.00651931762695
v -2431.25634765625 1396.3900146484375 74.03887939453125
v -2445.93310546875 1215.6719970703125 19.141000747680664
v -2433.827880859375 1012.6309814453125 37.35900115966797
v -2441.30126953125 1324.1309814453125 80.44602966308594
v -2441.30126953125 1324.1309814453125 80.44602966308594
v -2408.509033203125 1218.9630126953125 -43.58700180053711
v -2435.498046875 1176.7950439453125 111.39700317382812
v -2435.498046875 1176.7950439453125 111.39700317382812
v -2397.84423828125 1330.7039794921875 -70.34557342529297
v -2436.489013671875 1173.998046875 107.51300048828125
v -2397.19140625 1360.04296875 -62.070613861083984
v -2403.35791015625 1326.385986328125 -53.552371978759766
v -2403.35791015625 1326.385986328125 -53.552371978759766
v -2320.87109375 1182.989013671875 -79.89299774169922
v -2320.87109375 1182.989013671875 -79.89299774169922
v -2437.538818359375 1355.166015625 77.0939712524414
v -2403.22998046875 1162.866943359375 -43.08399963378906
v -2445.72705078125 1164.7659912109375 17.641000747680664
v -2416.0498046875 1276.281005859375 -29.470340728759766
v -2402.592529296875 1331.85205078125 -56.14376449584961
v -2448.155029296875 1054.946044921875 73.80500030517578
v -2435.299560546875 1272.8470458984375 30.72471809387207
v -2422.8017578125 1292.343017578125 1.8126296997070312
v -2422.8017578125 1292.343017578125 1.8126296997070312
v -2422.8017578125 1292.343017578125 1.8126296997070312
v -2402.080322265625 1435.0030517578125 -18.82159423828125
v -2402.080322265625 1435.0030517578125 -18.82159423828125
v -2453.569091796875 1007.5540161132812 79.25900268554688
v -2403.87109375 1164.0059814453125 -44.81800079345703
v -2403.87109375 1164.0059814453125 -44.81800079345703
v -2406.08056640625 1431.77197265625 -7.01803731918335
v -2406.08056640625 1431.77197265625 -7.01803731918335
v -2406.08056640625 1431.77197265625 -7.01803731918335
v -2388.52294921875 1012.8980102539062 -44.76300048828125
v -2445.0029296875 1157.873046875 19.864999771118164
v -2451.6181640625 1203.8089599609375 64.21968841552734
v -2451.6181640625 1203.8089599609375 64.21968841552734
v -2451.6181640625 1203.8089599609375 64.21968841552734
v -2448.513916015625 1048.1719970703125 69.58699798583984
v -2374.35498046875 1212.8289794921875 -72.23272705078125
v -2374.35498046875 1212.8289794921875 -72.23272705078125
v -2356.33203125 1086.1500244140625 -43.847999572753906
v -2388.468017578125 1014.4130249023438 -45.28900146484375
v -2397.5556640625 1422.760009765625 -43.10715866088867
v -2431.919921875 1034.5450439453125 35.30500030517578
v -2427.10693359375 1079.2049560546875 61.608001708984375
v -2427.10693359375 1079.2049560546875 61.608001708984375
v -2439.78076171875 1345.698974609375 73.7492904663086
v -2405.13330078125 1334.1309814453125 -52.5672607421875
v -2405.13330078125 1334.1309814453125 -52.5672607421875
v -2453.158203125 1227.8380126953125 73.52027130126953
v -2382.275390625 1240.4189453125 -79.9279556274414
v -2438.67724609375 1328.81298828125 61.73637390136719
v -2421.952880859375 1276.2359619140625 -14.419148445129395
v -2421.952880859375 1276.2359619140625 -14.419148445129395
v -2430.416259765625 1275.405029296875 14.589775085449219
v -2430.416259765625 1275.405029296875 14.589775085449219
v -2410.527099609375 1196.31103515625 -51.38100051879883
v -2410.527099609375 1196.31103515625 -51.38100051879883
v -2452.986083984375 1192.9029541015625 19.26099967956543
v -2382.51220703125 1224.2039794921875 -70.81651306152344
v -2424.626953125 1132.655029296875 8.29800033569336
v -2453.414306640625 1209.6820068359375 57.270301818847656
v -2453.414306640625 1209.6820068359375 57.270301818847656
v -2453.441650390625 1210.06494140625 72.03016662597656
v -2453.441650390625 1210.06494140625 72.03016662597656
v -2453.441650390625 1210.06494140625 72.03016662597656
v -2448.169921875 1180.6429443359375 12.133000373840332
v -2372.164306640625 1219.8349609375 -78.65603637695312
v -2372.164306640625 1219.8349609375 -78.65603637695312
v -2420.571533203125 1445.3580322265625 40.65907287597656
v -2408.428955078125 1185.47998046875 -52.23099899291992
v -2408.428955078125 1185.47998046875 -52.23099899291992
v -2407.087646484375 1262.73095703125 -58.39163589477539
v -2454.239013671875 1185.113037109375 19.45599937438965
v -2402.407958984375 1138.52001953125 -21.4060001373291
v -2408.803955078125 1168.510009765625 -44.3390007019043
v -2448.290771484375 1258.35205078125 47.02788543701172
v -2403.920654296875 1242.112060546875 -53.32133483886719
v -2403.920654296875 1242.112060546875 -53.32133483886719
v -2452.140625 1235.01904296875 30.422779083251953
v -2452.140625 1235.01904296875 30.422779083251953
v -2452.140625 1235.01904296875 30.422779083251953
v -2417.801025390625 1268.6280517578125 -38.745052337646484
v -2374.097900390625 1104.91796875 -20.618000030517578
v -2374.097900390625 1104.91796875 -20.618000030517578
v -2374.097900390625 1104.91796875 -20.618000030517578
v -2374.097900390625 1104.91796875 -20.618000030517578
v -2415.319091796875 1099.72705078125 32.380001068115234
v -2415.319091796875 1099.72705078125 32.380001068115234
v -2383.5419921875 1052.98095703125 -25.62299919128418
v -2419.48193359375 1049.2459716796875 30.452999114990234
v -2419.48193359375 1049.2459716796875 30.452999114990234
v -2391.61767578125 1232.1510009765625 -67.54169464111328
v -2455.146484375 1220.98095703125 49.55595397949219
v -2455.146484375 1220.98095703125 49.55595397949219
v -2385.072509765625 1224.18896484375 -71.47925567626953
v -2292.81396484375 1182.3179931640625 -85.34100341796875
v -2292.81396484375 1182.3179931640625 -85.34100341796875
v -2454.203125 1209.8380126953125 55.61174011230469
v -2454.203125 1209.8380126953125 55.61174011230469
v -2428.094970703125 1173.657958984375 136.00999450683594
v -2428.094970703125 1173.657958984375 136.00999450683594
v -2441.973876953125 1264.6800537109375 32.60885238647461
v -2412.347900390625 1439.1390380859375 3.6236605644226074
v -2412.347900390625 1439.1390380859375 3.6236605644226074
v -2412.347900390625 1439.1390380859375 3.6236605644226074
v -2386.22509765625 1053.0579833984375 -27.020999908447266
v -2422.181884765625 1048.47802734375 29.202999114990234
v -2413.610107421875 1074.6390380859375 32.073001861572266
v -2413.610107421875 1074.6390380859375 32.073001861572266
v -2414.587890625 1196.4520263671875 -49.14799880981445
v -2360.701904296875 1070.2430419921875 -57.7239990234375
v -2434.33349609375 1276.68603515625 16.677858352661133
v -2448.302978515625 1165.3709716796875 13.036999702453613
v -2375.7041015625 1078.8409423828125 -20.31999969482422
v -2444.580810546875 1332.06396484375 72.76612854003906
v -2444.580810546875 1332.06396484375 72.76612854003906
v -2274.06298828125 1171.5419921875 -85.21800231933594
v -2274.06298828125 1171.5419921875 -85.21800231933594
v -2383.11865234375 1230.6669921875 -76.7517318725586
v -2404.674560546875 1337.501953125 -65.49861907958984
v -2424.97265625 1278.8399658203125 -14.04156494140625
v -2441.35693359375 1066.08203125 65.13500213623047
v -2362.530029296875 1070.0899658203125 -60.47800064086914
v -2450.425048828125 1049.3699951171875 65.76300048828125
v -2369.12890625 1052.33203125 -70.94000244140625
v -2418.458984375 1161.1629638671875 152.32000732421875
v -2418.458984375 1161.1629638671875 152.32000732421875
v -2383.718017578125 1117.2950439453125 -23.55699920654297
v -2416.52490234375 1434.833984375 11.657499313354492
v -2416.52490234375 1434.833984375 11.657499313354492
v -2359.437255859375 1196.906982421875 -80.29749298095703
v -2359.437255859375 1196.906982421875 -80.29749298095703
v -2436.031005859375 1036.281982421875 34.26300048828125
v -2389.425048828125 1039.780029296875 -41.23400115966797
v -2389.425048828125 1039.780029296875 -41.23400115966797
v -2452.566650390625 1190.3890380859375 77.93431854248047
v -2429.965576171875 1274.27001953125 -1.1108695268630981
v -2429.965576171875 1274.27001953125 -1.1108695268630981
v -2429.965576171875 1274.27001953125 -1.1108695268630981
v -2429.965576171875 1274.27001953125 -1.1108695268630981
v -2418.158935546875 1293.166015625 -34.612152099609375
v -2438.486083984375 1290.25 35.86016082763672
v -2422.326904296875 1050.1669921875 33.409000396728516
v -2398.983642578125 1416.7760009765625 -59.6948127746582
v -2441.72802734375 1065.260986328125 62.17499923706055
v -2416.76416015625 1262.8609619140625 -47.09237289428711
v -2458.501953125 1006.1920166015625 73.94200134277344
v -2423.636962890625 1049.7509765625 31.881999969482422
v -2391.006103515625 1040.0799560546875 -35.22200012207031
v -2433.47509765625 1036.35498046875 29.42099952697754
v -2457.743408203125 1216.656005859375 64.3001708984375
v -2439.145263671875 1410.81005859375 77.48097229003906
v -2367.090087890625 1057.43994140625 -73.41000366210938
v -2453.3603515625 1197.470947265625 85.7701416015625
v -2453.3603515625 1197.470947265625 85.7701416015625
v -2354.15283203125 1203.9730224609375 -85.35197448730469
v -2354.15283203125 1203.9730224609375 -85.35197448730469
v -2354.15283203125 1203.9730224609375 -85.35197448730469
v -2451.85595703125 1054.220947265625 68.48100280761719
v -2457.860107421875 1031.4649658203125 70.39600372314453
v -2416.5009765625 1172.4930419921875 -42.430999755859375
v -2366.406982421875 1081.81201171875 -36.09000015258789
v -2366.406982421875 1081.81201171875 -36.09000015258789
v -2366.0048828125 1009.2930297851562 -84.76799774169922
v -2369.824951171875 1035.3370361328125 -79.51799774169922
v -2432.156005859375 1163.125 129.4499969482422
v -2425.999755859375 1434.7769775390625 39.41770935058594
v -2459.35009765625 1007.2949829101562 74.34300231933594
v -2299.97900390625 1171.45703125 -86.80999755859375
v -2278.837890625 1165.552978515625 -87.05699920654297
v -2421.739013671875 1155.448974609375 148.3780059814453
v -2459.132080078125 1020.4910278320312 72.19499969482422
v -2448.988037109375 1168.968017578125 7.870999813079834
v -2414.56298828125 1304.02197265625 -50.71039962768555
v -2449.745361328125 1256.2469482421875 35.84934616088867
v -2459.387939453125 1017.9739990234375 72.90699768066406
v -2449.614990234375 1180.6590576171875 5.124000072479248
v -2389.14990234375 1234.3890380859375 -77.90381622314453
v -2453.823974609375 1193.4990234375 10.548999786376953
v -2423.081787109375 1270.0479736328125 -31.567501068115234
v -2421.887939453125 1138.363037109375 -11.006999969482422
v -2421.887939453125 1138.363037109375 -11.006999969482422
v -2368.60400390625 1021.4959716796875 -83.11199951171875
v -2420.087890625 1183.552978515625 -42.05400085449219
v -2420.087890625 1183.552978515625 -42.05400085449219
v -2448.0859375 1164.4549560546875 7.629000186920166
v -2385.056884765625 1055.7349853515625 -33.05099868774414
v -2444.7451171875 1298.613037109375 52.065303802490234
v -2367.452880859375 1068.64794921875 -57.270999908447266
v -2430.137939453125 1132.1820068359375 15.199000358581543
v -2458.967041015625 1231.4840087890625 55.13763427734375
v -2416.825927734375 1168.9949951171875 -41.31399917602539
v -2417.756103515625 1173.0560302734375 -43.375
v -2431.9384765625 1276.865966796875 -1.6579097509384155
v -2431.9384765625 1276.865966796875 -1.6579097509384155
v -2447.782470703125 1300.512939453125 61.76801300048828
v -2399.260009765625 1136.56494140625 -29.54599952697754
v -2449.342041015625 1176.594970703125 3.8970000743865967
v -2413.27587890625 1154.18798828125 -38.268001556396484
v -2444.7470703125 1150.114990234375 7.894000053405762
v -2445.134033203125 1001.1110229492188 37.71099853515625
v -2421.156982421875 1180.5810546875 -41.334999084472656
v -2437.29150390625 1302.863037109375 23.793798446655273
v -2441.575927734375 1023.4840087890625 33.957000732421875
v -2413.27734375 1305.1290283203125 -60.07218551635742
v -2413.27734375 1305.1290283203125 -60.07218551635742
v -2393.425048828125 1026.02001953125 -47.88800048828125
v -2393.425048828125 1026.02001953125 -47.88800048828125
v -2439.3740234375 1273.501953125 17.7735538482666
v -2449.9189453125 1166.3509521484375 7.208000183105469
v -2392.844970703125 1002.6439819335938 -54.10599899291992
v -2392.844970703125 1002.6439819335938 -54.10599899291992
v -2393.427978515625 1015.7919921875 -51.055999755859375
v -2393.427978515625 1015.7919921875 -51.055999755859375
v -2417.5849609375 1169.7779541015625 -42.858001708984375
v -2417.5849609375 1169.7779541015625 -42.858001708984375
v -2444.02392578125 1013.2739868164062 35.62699890136719
v -2424.63232421875 1304.6949462890625 -21.582767486572266
v -2424.63232421875 1304.6949462890625 -21.582767486572266
v -2419.9248046875 1262.321044921875 -45.09777069091797
v -2445.408935546875 1001.7750244140625 36.22700119018555
v -2421.875 1185.115966796875 -43.310001373291016
v -2421.875 1185.115966796875 -43.310001373291016
v -2382.52392578125 1057.0140380859375 -35.263999938964844
v -2421.366943359375 1078.7840576171875 38.4630012512207
v -2421.366943359375 1078.7840576171875 38.4630012512207
v -2459.64111328125 1020.1320190429688 68.18299865722656
v -2451.506103515625 1181.6529541015625 4.5980000495910645
v -2393.910888671875 1014.135009765625 -51.34400177001953
v -2393.910888671875 1014.135009765625 -51.34400177001953
v -2444.011962890625 1012.4010009765625 34.76599884033203
v -2440.368896484375 1062.803955078125 54.97700119018555
v -2427.412841796875 1276.345947265625 -19.93231964111328
v -2428.679931640625 1151.404052734375 -15.878000259399414
v -2428.679931640625 1151.404052734375 -15.878000259399414
v -2439.126953125 1274.072998046875 11.944090843200684
v -2408.2578125 1354.22705078125 -65.40608215332031
v -2421.77587890625 1463.7659912109375 24.009441375732422
v -2448.310302734375 1348.321044921875 72.63287353515625
v -2448.310302734375 1348.321044921875 72.63287353515625
v -2455.76806640625 1037.91796875 60.720001220703125
v -2456.667236328125 1247.873046875 34.450721740722656
v -2422.805908203125 1182.739013671875 -42.56399917602539
v -2422.805908203125 1182.739013671875 -42.56399917602539
v -2412.1572265625 1252.197998046875 -57.66004180908203
v -2449.153076171875 1166.116943359375 2.927000045776367
v -2451.19091796875 1181.16796875 2.2929999828338623
v -2421.201904296875 1169.7860107421875 -40.4370002746582
v -2374.22900390625 1023.2750244140625 -80.42500305175781
v -2442.590087890625 1062.6409912109375 53.5620002746582
v -2449.693115234375 1174.740966796875 0.2980000078678131
v -2374.5380859375 1078.884033203125 -32.46099853515625
v -2374.5380859375 1078.884033203125 -32.46099853515625
v -2391.909912109375 1016.5469970703125 -56.23699951171875
v -2430.301513671875 1275.364013671875 -15.891298294067383
v -2450.115966796875 1182.4439697265625 -1
v -2426.032958984375 1179.6939697265625 -40.430999755859375
v -2372.18896484375 1066.0789794921875 -52.11800003051758
v -2439.35791015625 1039.675048828125 34.047000885009766
v -2427.510009765625 1186.510986328125 -39.034000396728516
v -2431.39794921875 1068.968017578125 44.87099838256836
v -2431.39794921875 1068.968017578125 44.87099838256836
v -2430.6279296875 1052.948974609375 37.78200149536133
v -2424.02490234375 1196.5870361328125 -46.01499938964844
v -2447.906005859375 1259.666015625 23.164871215820312
v -2448.2880859375 1214.8599853515625 -0.9419999718666077
v -2438.5107421875 1274.489990234375 7.53606653213501
v -2420.37060546875 1292.614990234375 -47.14274215698242
v -2427.306884765625 1216.25 -36.220001220703125
v -2427.306884765625 1216.25 -36.220001220703125
v -2427.306884765625 1216.25 -36.220001220703125
v -2447.2724609375 1287.989990234375 45.89414978027344
v -2426.85400390625 1186.1729736328125 -41.119998931884766
v -2426.85400390625 1186.1729736328125 -41.119998931884766
v -2432.193115234375 1053.26904296875 36.814998626708984
v -2391.85205078125 1015.9249877929688 -58.10300064086914
v -2425.662353515625 1262.2640380859375 -37.38589859008789
v -2383.885986328125 1045.8909912109375 -58.95899963378906
v -2383.885986328125 1045.8909912109375 -58.95899963378906
v -2450.14501953125 1014.781005859375 40.542999267578125
v -2449.090576171875 1310.0240478515625 52.1333122253418
v -2450.64501953125 1041.39404296875 47.16899871826172
v -2461.089111328125 1018.6950073242188 63.89899826049805
v -2442.072021484375 1169.489013671875 -16.67099952697754
v -2434.145263671875 1437.7149658203125 47.54377365112305
v -2460.76611328125 1019.2230224609375 62.665000915527344
v -2419.210693359375 1314.7569580078125 -52.27271270751953
v -2419.210693359375 1314.7569580078125 -52.27271270751953
v -2451.85693359375 1016.6799926757812 43.26599884033203
v -2461.7080078125 1007.0770263671875 64.43399810791016
v -2438.885009765625 1059.447021484375 48.37099838256836
v -2441.10205078125 1187.6700439453125 -22.3700008392334
v -2441.10205078125 1187.6700439453125 -22.3700008392334
v -2439.675048828125 1174.4129638671875 -22.361000061035156
v -2439.675048828125 1174.4129638671875 -22.361000061035156
v -2454.573974609375 1003.219970703125 47.87699890136719
v -2452.782958984375 1046.1590576171875 50.775001525878906
v -2435.399658203125 1302.77294921875 -0.5275222063064575
v -2435.399658203125 1302.77294921875 -0.5275222063064575
v -2435.399658203125 1302.77294921875 -0.5275222063064575
v -2453.89697265625 1004.0449829101562 44.94599914550781
v -2383.241943359375 1049.66796875 -64.16699981689453
v -2412.4609375 1441.02001953125 -30.694446563720703
v -2436.917724609375 1273.3919677734375 -4.910831928253174
v -2436.917724609375 1273.3919677734375 -4.910831928253174
v -2438.9951171875 1416.1009521484375 52.04644012451172
v -2438.9951171875 1416.1009521484375 52.04644012451172
v -2438.9951171875 1416.1009521484375 52.04644012451172
v -2389.205078125 1019.35302734375 -64.71800231933594
v -2417.76611328125 1435.0860595703125 -15.666288375854492
v -2417.76611328125 1435.0860595703125 -15.666288375854492
v -2454.864990234375 1194.2349853515625 0.5770000219345093
v -2426.205322265625 1294.8909912109375 -35.84877014160156
v -2413.633544921875 1419.5849609375 -37.18820571899414
v -2440.573974609375 1058.9310302734375 46.900001525878906
v -2437.795654296875 1273.9720458984375 -4.236319541931152
v -2437.795654296875 1273.9720458984375 -4.236319541931152
v -2446.1875 1291.9150390625 32.676937103271484
v -2440.85302734375 1212.7490234375 -20.680999755859375
v -2440.85302734375 1212.7490234375 -20.680999755859375
v -2451.08203125 1187.3489990234375 -10.348999977111816
v -2429.407958984375 1440.011962890625 19.651256561279297
v -2429.407958984375 1440.011962890625 19.651256561279297
v -2451.05908203125 1241.4429931640625 2.694486141204834
v -2451.05908203125 1241.4429931640625 2.694486141204834
v -2439.568115234375 1188.7099609375 -30.968000411987305
v -2428.843505859375 1243.02197265625 -36.79801940917969
v -2428.843505859375 1243.02197265625 -36.79801940917969
v -2388.14208984375 1019.8889770507812 -70.37699890136719
v -2385.89111328125 1006.802001953125 -74.49099731445312
v -2431.625 1199.73095703125 -41.7760009765625
v -2438.794921875 1056.7659912109375 41.696998596191406
v -2382.31396484375 1062.4410400390625 -47.3120002746582
v -2382.31396484375 1062.4410400390625 -47.3120002746582
v -2458.97607421875 1016.5269775390625 49.529998779296875
v -2453.60107421875 1320.112060546875 55.008689880371094
v -2462.443115234375 1004.9669799804688 55.9640007019043
v -2450.458251953125 1301.404052734375 39.20162582397461
v -2421.7451171875 1325.0140380859375 -55.64982986450195
v -2421.7451171875 1325.0140380859375 -55.64982986450195
v -2449.062744140625 1398.1920166015625 68.28751373291016
v -2434.441650390625 1432.2840576171875 30.07839012145996
v -2434.441650390625 1432.2840576171875 30.07839012145996
v -2453.383544921875 1373.5050048828125 72.446533203125
v -2450.740478515625 1258.2679443359375 9.874737739562988
v -2429.845458984375 1260.177001953125 -35.02985763549805
v -2455.845947265625 1195.0689697265625 -4.208000183105469
v -2386.597900390625 1034.0140380859375 -72.06400299072266
v -2460.299072265625 1030.3189697265625 51.457000732421875
v -2432.73193359375 1196.864990234375 -43.11199951171875
v -2456.40673828125 1324.1669921875 62.372764587402344
v -2452.39794921875 1195.72998046875 -10.607999801635742
v -2413.61376953125 1403.8089599609375 -57.21365737915039
v -2462.486083984375 1019.3259887695312 53.54600143432617
v -2433.479736328125 1252.678955078125 -29.0410099029541
v -2385.759033203125 1021.3150024414062 -76.34100341796875
v -2420.3798828125 1329.4339599609375 -63.598045349121094
v -2464.14501953125 1006.344970703125 55.347999572753906
v -2384.64697265625 1008.2069702148438 -79.00199890136719
v -2462.8720703125 1018.7890014648438 53.775001525878906
v -2414.54931640625 1378.9580078125 -66.53104400634766
v -2429.183349609375 1303.3489990234375 -41.430179595947266
v -2433.232421875 1287.2569580078125 -27.880510330200195
v -2438.68701171875 1196.386962890625 -35.138999938964844
v -2449.77001953125 1195.345947265625 -16.922000885009766
v -2447.8125 1284.8680419921875 22.08771514892578
v -2442.218017578125 1242.9310302734375 -17.597238540649414
v -2442.218017578125 1242.9310302734375 -17.597238540649414
v -2442.218017578125 1242.9310302734375 -17.597238540649414
v -2442.218017578125 1242.9310302734375 -17.597238540649414
v -2442.259765625 1258.5340576171875 -11.650318145751953
v -2442.259765625 1258.5340576171875 -11.650318145751953
v -2457.758056640625 1188.7349853515625 -5.790999889373779
v -2434.201904296875 1190.010009765625 -44.57899856567383
v -2450.799072265625 1195.4610595703125 -16.507999420166016
v -2389.06201171875 1051.218994140625 -58.37699890136719
v -2389.06201171875 1051.218994140625 -58.37699890136719
v -2453.821044921875 1045.8409423828125 42.49599838256836
v -2446.2958984375 1195.93798828125 -24.93899917602539
v -2446.2958984375 1195.93798828125 -24.93899917602539
v -2447.22705078125 1290.427001953125 15.528722763061523
v -2437.10400390625 1292.470947265625 -19.726646423339844
v -2446.705078125 1195.8580322265625 -25.461000442504883
v -2446.705078125 1195.8580322265625 -25.461000442504883
v -2460.390869140625 1347.7110595703125 71.94197845458984
v -2439.25634765625 1432.0760498046875 29.79067611694336
v -2439.25634765625 1432.0760498046875 29.79067611694336
v -2439.25634765625 1432.0760498046875 29.79067611694336
v -2425.604736328125 1434.123046875 -17.669767379760742
v -2425.604736328125 1434.123046875 -17.669767379760742
v -2425.604736328125 1434.123046875 -17.669767379760742
v -2454.2412109375 1301.5760498046875 34.1972541809082
v -2413.298095703125 1419.6639404296875 -67.7307357788086
v -2450.92578125 1399.64501953125 56.11395263671875
v -2450.92578125 1399.64501953125 56.11395263671875
v -2448.5439453125 1189.68505859375 -26.694000244140625
v -2448.5439453125 1189.68505859375 -26.694000244140625
v -2455.8330078125 1413.280029296875 78.10639190673828
v -2427.452392578125 1333.5660400390625 -52.95589828491211
v -2421.958251953125 1349.571044921875 -66.10391998291016
v -2460.234375 1343.7220458984375 65.52070617675781
v -2460.234375 1343.7220458984375 65.52070617675781
v -2419.307373046875 1442.1939697265625 -40.3349494934082
v -2419.307373046875 1442.1939697265625 -40.3349494934082
v -2456.8271484375 1301.8790283203125 40.27977752685547
v -2421.266357421875 1403.16796875 -48.78175735473633
v -2464.570556640625 1323.43994140625 71.45413970947266
v -2464.570556640625 1323.43994140625 71.45413970947266
v -2422.2763671875 1329.758056640625 -74.94169616699219
v -2446.7568359375 1437.6820068359375 51.99872589111328
v -2418.56787109375 1357.906982421875 -78.63851165771484
v -2450.543701171875 1411.134033203125 53.88097381591797
v -2450.543701171875 1411.134033203125 53.88097381591797
v -2421.708251953125 1415.5400390625 -46.262508392333984
v -2459.07421875 1351.7840576171875 58.885337829589844
v -2422.5234375 1376.5 -60.34744644165039
v -2458.173828125 1371.4329833984375 62.091514587402344
v -2465.141845703125 1351.3310546875 78.7413330078125
v -2426.116943359375 1422.3470458984375 -31.381389617919922
v -2426.116943359375 1422.3470458984375 -31.381389617919922
v -2446.800537109375 1419.2750244140625 39.83966827392578
v -2446.800537109375 1419.2750244140625 39.83966827392578
v -2434.3623046875 1441.70703125 4.4837446212768555
v -2443.93505859375 1287.154052734375 -13.940443992614746
v -2443.93505859375 1287.154052734375 -13.940443992614746
v -2443.93505859375 1287.154052734375 -13.940443992614746
v -2459.46142578125 1329.1949462890625 46.99330520629883
v -2459.46142578125 1329.1949462890625 46.99330520629883
v -2449.338134765625 1286.344970703125 4.563445091247559
v -2446.938720703125 1289.3349609375 -4.88135290145874
v -2441.483642578125 1297.7869873046875 -24.20261001586914
v -2430.348388671875 1421.2449951171875 -22.16726303100586
v -2426.525146484375 1366.7139892578125 -59.20481491088867
v -2426.525146484375 1366.7139892578125 -59.20481491088867
v -2433.736572265625 1307.4840087890625 -55.308631896972656
v -2461.62158203125 1361.97900390625 59.010902404785156
v -2463.604736328125 1336.6400146484375 55.69316482543945
v -2463.604736328125 1336.6400146484375 55.69316482543945
v -2430.00244140625 1341.8409423828125 -60.18524932861328
v -2430.00244140625 1341.8409423828125 -60.18524932861328
v -2441.016845703125 1441.7020263671875 16.477733612060547
v -2464.560546875 1301.7349853515625 46.81395721435547
v -2448.102783203125 1418.56103515625 28.882375717163086
v -2434.987060546875 1451.7840576171875 -7.3290910720825195
v -2458.25390625 1295.697998046875 19.8209285736084
v -2441.279541015625 1314.79296875 -39.01518249511719
v -2441.279541015625 1314.79296875 -39.01518249511719
v -2460.127197265625 1286.8900146484375 25.533430099487305
v -2436.665771484375 1442.4239501953125 -7.725106239318848
v -2436.665771484375 1442.4239501953125 -7.725106239318848
v -2442.2294921875 1289.8299560546875 -37.30606460571289
v -2437.562744140625 1329.2430419921875 -49.037628173828125
v -2437.562744140625 1329.2430419921875 -49.037628173828125
v -2437.562744140625 1329.2430419921875 -49.037628173828125
v -2461.907470703125 1313.06103515625 30.4693546295166
v -2461.199462890625 1310.4439697265625 27.27735137939453
v -2430.608154296875 1382.053955078125 -57.04444885253906
v -2430.608154296875 1382.053955078125 -57.04444885253906
v -2464.624267578125 1326.8570556640625 40.328468322753906
v -2464.624267578125 1326.8570556640625 40.328468322753906
v -2464.624267578125 1326.8570556640625 40.328468322753906
v -2464.624267578125 1326.8570556640625 40.328468322753906
v -2463.531982421875 1378.14501953125 55.32783889770508
v -2447.595703125 1310.3079833984375 -25.994747161865234
v -2447.595703125 1310.3079833984375 -25.994747161865234
v -2444.267333984375 1423.4549560546875 2.044196367263794
v -2443.424072265625 1435.2550048828125 3.4830071926116943
v -2443.424072265625 1435.2550048828125 3.4830071926116943
v -2454.545654296875 1297.2130126953125 -4.532647609710693
v -2454.545654296875 1297.2130126953125 -4.532647609710693
v -2439.87841796875 1424.02197265625 -13.915539741516113
v -2439.87841796875 1424.02197265625 -13.915539741516113
v -2449.13232421875 1422.737060546875 17.31989288330078
v -2460.336669921875 1308.762939453125 13.67043399810791
v -2430.544677734375 1390.6650390625 -61.05762481689453
v -2430.544677734375 1390.6650390625 -61.05762481689453
v -2465.443115234375 1327.35205078125 36.7742805480957
v -2465.443115234375 1327.35205078125 36.7742805480957
v -2465.83056640625 1385.3780517578125 60.21839141845703
v -2465.83056640625 1385.3780517578125 60.21839141845703
v -2442.372314453125 1328.9090576171875 -43.90496063232422
v -2442.372314453125 1328.9090576171875 -43.90496063232422
v -2470.831298828125 1384.0770263671875 74.33882141113281
v -2470.831298828125 1384.0770263671875 74.33882141113281
v -2427.2060546875 1390.635986328125 -76.20794677734375
v -2427.2060546875 1390.635986328125 -76.20794677734375
v -2470.42236328125 1332.1009521484375 51.96772384643555
v -2470.42236328125 1332.1009521484375 51.96772384643555
v -2441.960693359375 1331.3759765625 -53.50455093383789
v -2453.327392578125 1289.9959716796875 -19.964824676513672
v -2453.327392578125 1289.9959716796875 -19.964824676513672
v -2453.327392578125 1289.9959716796875 -19.964824676513672
v -2465.403076171875 1384.0830078125 48.073970794677734
v -2465.403076171875 1384.0830078125 48.073970794677734
v -2465.403076171875 1384.0830078125 48.073970794677734
v -2460.693115234375 1289.06005859375 4.6130452156066895
v -2460.79736328125 1417.60595703125 42.096221923828125
v -2454.108642578125 1314.8480224609375 -20.639610290527344
v -2454.108642578125 1314.8480224609375 -20.639610290527344
v -2436.95458984375 1420.97705078125 -41.01879119873047
v -2436.95458984375 1420.97705078125 -41.01879119873047
v -2437.70068359375 1386.4110107421875 -51.95124435424805
v -2437.70068359375 1386.4110107421875 -51.95124435424805
v -2437.70068359375 1386.4110107421875 -51.95124435424805
v -2462.509033203125 1313.4510498046875 7.452795505523682
v -2462.509033203125 1313.4510498046875 7.452795505523682
v -2465.692138671875 1308.905029296875 15.950202941894531
v -2447.59716796875 1334.6180419921875 -39.82460403442383
v -2467.335693359375 1333.0350341796875 28.47844886779785
v -2467.335693359375 1333.0350341796875 28.47844886779785
v -2459.835693359375 1310.9420166015625 -6.764568328857422
v -2459.835693359375 1310.9420166015625 -6.764568328857422
v -2459.835693359375 1310.9420166015625 -6.764568328857422
v -2466.94482421875 1404.9229736328125 50.19013214111328
v -2437.569091796875 1409.5030517578125 -52.07449722290039
v -2444.2412109375 1417.1109619140625 -28.227031707763672
v -2460.290771484375 1414.7440185546875 26.89724349975586
v -2460.618896484375 1311.1910400390625 -11.059192657470703
v -2460.618896484375 1311.1910400390625 -11.059192657470703
v -2443.510009765625 1352.8690185546875 -57.103214263916016
v -2446.463623046875 1444.1180419921875 -12.384998321533203
v -2446.463623046875 1444.1180419921875 -12.384998321533203
v -2446.463623046875 1444.1180419921875 -12.384998321533203
v -2454.406982421875 1442.81396484375 14.828165054321289
v -2454.406982421875 1442.81396484375 14.828165054321289
v -2474.36865234375 1347.6910400390625 45.89418411254883
v -2474.36865234375 1347.6910400390625 45.89418411254883
v -2464.9189453125 1312.842041015625 -1.6879366636276245
v -2473.0869140625 1339.02001953125 31.25147247314453
v -2451.155517578125 1342.281982421875 -44.51959991455078
v -2447.77587890625 1330.56298828125 -62.10456085205078
v -2470.136474609375 1391.9849853515625 39.45746612548828
v -2445.607421875 1396.18603515625 -45.74015426635742
v -2445.607421875 1396.18603515625 -45.74015426635742
v -2480.0224609375 1325.2960205078125 47.42045211791992
v -2480.0224609375 1325.2960205078125 47.42045211791992
v -2480.0224609375 1325.2960205078125 47.42045211791992
v -2469.089599609375 1318.468994140625 5.5273637771606445
v -2469.089599609375 1318.468994140625 5.5273637771606445
v -2461.241455078125 1319.4520263671875 -22.237987518310547
v -2461.241455078125 1319.4520263671875 -22.237987518310547
v -2461.241455078125 1319.4520263671875 -22.237987518310547
v -2469.4091796875 1387.6309814453125 31.566314697265625
v -2447.840576171875 1397.0889892578125 -40.7750244140625
v -2447.444580078125 1353.9560546875 -58.951873779296875
v -2450.927001953125 1363.468017578125 -43.260868072509766
v -2449.051513671875 1390.52294921875 -39.47218322753906
v -2472.755615234375 1360.781982421875 32.13273239135742
v -2468.8095703125 1332.1240234375 5.119985580444336
v -2469.994384765625 1394.81005859375 32.97481918334961
v -2461.291748046875 1333.31494140625 -21.293785095214844
v -2461.291748046875 1333.31494140625 -21.293785095214844
v -2473.591552734375 1327.89501953125 18.503692626953125
v -2473.591552734375 1327.89501953125 18.503692626953125
v -2458.212646484375 1330.4549560546875 -35.02458572387695
v -2458.212646484375 1330.4549560546875 -35.02458572387695
v -2453.41259765625 1408.73095703125 -24.904054641723633
v -2453.41259765625 1408.73095703125 -24.904054641723633
v -2466.906494140625 1406.344970703125 18.337871551513672
v -2477.373291015625 1305.7840576171875 18.333717346191406
v -2461.083251953125 1308.14794921875 -38.683250427246094
v -2461.083251953125 1308.14794921875 -38.683250427246094
v -2461.083251953125 1308.14794921875 -38.683250427246094
v -2461.083251953125 1308.14794921875 -38.683250427246094
v -2453.43603515625 1374.9659423828125 -46.264854431152344
v -2476.724609375 1371.77099609375 33.96128845214844
v -2476.724609375 1371.77099609375 33.96128845214844
v -2462.075439453125 1416.18896484375 -3.2159311771392822
v -2485.42333984375 1355.218994140625 50.964046478271484
v -2485.42333984375 1355.218994140625 50.964046478271484
v -2485.42333984375 1355.218994140625 50.964046478271484
v -2451.78515625 1359.717041015625 -66.20664978027344
v -2463.069091796875 1407.6929931640625 -9.083721160888672
v -2459.476806640625 1423.89599609375 -17.236286163330078
v -2459.476806640625 1423.89599609375 -17.236286163330078
v -2461.41455078125 1400.5970458984375 -19.654129028320312
v -2461.41455078125 1400.5970458984375 -19.654129028320312
v -2461.41455078125 1400.5970458984375 -19.654129028320312
v -2470.1396484375 1400.3699951171875 10.031600952148438
v -2467.984375 1422.5400390625 10.204682350158691
v -2472.572265625 1328.698974609375 -10.244647979736328
v -2472.572265625 1328.698974609375 -10.244647979736328
v -2473.779541015625 1358.7110595703125 5.109959125518799
v -2468.23046875 1405.14501953125 2.277271270751953
v -2467.831298828125 1341.7960205078125 -23.843067169189453
v -2467.831298828125 1341.7960205078125 -23.843067169189453
v -2467.831298828125 1341.7960205078125 -23.843067169189453
v -2476.09521484375 1340.52197265625 4.573056697845459
v -2480.331298828125 1404.6510009765625 43.442893981933594
v -2473.06591796875 1382.3919677734375 8.352758407592773
v -2464.417236328125 1384.14794921875 -21.70694351196289
v -2464.417236328125 1384.14794921875 -21.70694351196289
v -2467.67822265625 1360.3759765625 -20.15397071838379
v -2467.67822265625 1360.3759765625 -20.15397071838379
v -2480.503662109375 1350.6259765625 18.3701229095459
v -2453.51318359375 1407.9029541015625 -54.871150970458984
v -2453.51318359375 1407.9029541015625 -54.871150970458984
v -2453.51318359375 1407.9029541015625 -54.871150970458984
v -2464.749755859375 1352.7879638671875 -36.69144058227539
v -2478.645263671875 1380.592041015625 19.019269943237305
v -2478.645263671875 1380.592041015625 19.019269943237305
v -2463.40380859375 1382.2960205078125 -34.02495574951172
v -2461.77978515625 1418.030029296875 -26.388032913208008
v -2477.14306640625 1308.970947265625 -12.485030174255371
v -2477.14306640625 1308.970947265625 -12.485030174255371
v -2467.55810546875 1330.373046875 -42.200260162353516
v -2485.415283203125 1327.77099609375 19.42327308654785
v -2478.059326171875 1369.2449951171875 5.673888683319092
v -2469.765625 1370.5 -23.49664306640625
v -2469.765625 1370.5 -23.49664306640625
v -2475.79150390625 1392.81494140625 4.968914031982422
v -2475.79150390625 1392.81494140625 4.968914031982422
v -2468.630615234375 1393.7889404296875 -20.605865478515625
v -2468.630615234375 1393.7889404296875 -20.605865478515625
v -2468.630615234375 1393.7889404296875 -20.605865478515625
v -2478.2890625 1354.5360107421875 -9.030718803405762
v -2478.5009765625 1379.7330322265625 -10.305252075195312
v -2484.878173828125 1331.1219482421875 -13.689041137695312
v -2484.878173828125 1331.1219482421875 -13.689041137695312
v -2482.2236328125 1417.4189453125 8.191472053527832
v -2474.652099609375 1358.43701171875 -43.560604095458984
v -2493.00048828125 1355.678955078125 19.150146484375
v -2493.00048828125 1355.678955078125 19.150146484375
v -2474.492919921875 1418.4000244140625 -22.693777084350586
v -2474.492919921875 1418.4000244140625 -22.693777084350586
v -2485.225830078125 1389.0050048828125 -11.146394729614258
v -2485.225830078125 1389.0050048828125 -11.146394729614258
v -2477.75341796875 1390.7740478515625 -39.955020904541016
v -2494.314453125 1388.2889404296875 17.109678268432617
v -2494.314453125 1388.2889404296875 17.109678268432617
v -2491.801513671875 1361.4730224609375 -14.251283645629883
vt 0.80731201171875 0.86480712890625
vt 0.38580322265625 0.88641357421875
vt 0.4608154296875 0.981201171875
vt 0.1771240234375 0.8726806640625
vt 0.48919677734375 0.6412353515625
vt 0.85650634765625 0.92559814453125
vt 0.885498046875 0.64697265625
vt 0.37255859375 0.49969482421875
vt 0.41619873046875 0.37841796875
vt 0.3857421875 0.8427734375
vt 0.12646484375 0.85986328125
vt 0.554443359375 0.6806640625
vt 0.38409423828125 0.85107421875
vt 0.03399658203125 0.2379150390625
vt 0.60211181640625 0.56610107421875
vt 0.3883056640625 0.7587890625
vt 0.4224853515625 0.2481689453125
vt 0.2235107421875 0.71661376953125
vt 0.14404296875 0.24310302734375
vt 0.01910400390625 0.915771484375
vt 0.0955810546875 0.597412109375
vt 0.16650390625 0.87158203125
vt 0.864990234375 0.7508544921875
vt 0.0308837890625 0.330322265625
vt 0.7991943359375 0.35211181640625
vt 0.8665771484375 0.7862548828125
vt 0.5751953125 0.368896484375
vt 0.2891845703125 0.8240966796875
vt 0.6422119140625 0.728515625
vt 0.64898681640625 0.3536376953125
vt 0.01739501953125 0.331787109375
vt 0.1436767578125 0.54510498046875
vt 0.5291748046875 0.70098876953125
vt 0.03741455078125 0.2081298828125
vt 0.83758544921875 0.00030517578125
vt 0.3857421875 0.8228759765625
vt 0.19549560546875 0.87890625
vt 0.145263671875 0.34991455078125
vt 0.197265625 0.6334228515625
vt 0.637939453125 0.3203125
vt 0.72265625 0.86248779296875
vt 0.204345703125 0.88360595703125
vt 0.04443359375 0.5911865234375
vt 0.8837890625 0.94439697265625
vt 0.3868408203125 0.8148193359375
vt 0.1348876953125 0.5208740234375
vt 0.1849365234375 0.8748779296875
vt 0.057861328125 0.3209228515625
vt 0.385009765625 0.8355712890625
vt 0.033935546875 0.2569580078125
vt 0.38848876953125 0.41949462890625
vt 0.04290771484375 0.91668701171875
vt 0.6429443359375 0.077392578125
vt 0.21923828125 0.8951416015625
vt 0.734619140625 0.4520263671875
vt 0.197265625 0.8809814453125
vt 0.19830322265625 0.88128662109375
vt 0.384521484375 0.8265380859375
vt 0.164306640625 0.2095947265625
vt 0.04168701171875 0.583984375
vt 0.8983154296875 0.95379638671875
vt 0.1390380859375 0.5281982421875
vt 0.3841552734375 0.82391357421875
vt 0.02850341796875 0.6976318359375
vt 0.064208984375 0.316162109375
vt 0.106201171875 0.11639404296875
vt 0.5694580078125 0.059326171875
vt 0.853759765625 0.0484619140625
vt 0.82879638671875 0.933837890625
vt 0.89959716796875 0.62091064453125
vt 0.38800048828125 0.7762451171875
vt 0.645263671875 0.3148193359375
vt 0.7120361328125 0.8626708984375
vt 0.7431640625 0.972900390625
vt 0.89300537109375 0.51470947265625
vt 0.23638916015625 0.90960693359375
vt 0.63916015625 0.5733642578125
vt 0.5330810546875 0.5528564453125
vt 0.71160888671875 0.6854248046875
vt 0.8170166015625 0.9459228515625
vt 0.89349365234375 0.5999755859375
vt 0.4259033203125 0.2994384765625
vt 0.14080810546875 0.35870361328125
vt 0.7105712890625 0.68548583984375
vt 0.7493896484375 0.8602294921875
vt 0.203857421875 0.66009521484375
vt 0.76910400390625 0.4539794921875
vt 0.1331787109375 0.5054931640625
vt 0.8455810546875 0.724609375
vt 0.9190673828125 0.9901123046875
vt 0.396728515625 0.42718505859375
vt 0.02679443359375 0.733154296875
vt 0.50421142578125 0.70721435546875
vt 0.8604736328125 0.86199951171875
vt 0.4920654296875 0.59869384765625
vt 0.84698486328125 0.6810302734375
vt 0.2344970703125 0.7626953125
vt 0.73370361328125 0.44378662109375
vt 0.427490234375 0.297607421875
vt 0.03448486328125 0.700927734375
vt 0.06781005859375 0.31280517578125
vt 0.12890625 0.635009765625
vt 0.960205078125 0.19921875
vt 0.6514892578125 0.312744140625
vt 0.89453125 0.968505859375
vt 0.139892578125 0.362060546875
vt 0.13031005859375 0.55731201171875
vt 0.6689453125 0.357177734375
vt 0.55218505859375 0.38140869140625
vt 0.7265625 0.4417724609375
vt 0.02197265625 0.74560546875
vt 0.51519775390625 0.70220947265625
vt 0.187255859375 0.35870361328125
vt 0.8380126953125 0.4598388671875
vt 0.88409423828125 0.95928955078125
vt 0.03515625 0.2735595703125
vt 0.1343994140625 0.371337890625
vt 0.7366943359375 0.442138671875
vt 0.784423828125 0.454345703125
vt 0.033935546875 0.6915283203125
vt 0.0601806640625 0.3128662109375
vt 0.0870361328125 0.6890869140625
vt 0.6612548828125 0.304443359375
vt 0.12188720703125 0.264892578125
vt 0.0338134765625 0.7203369140625
vt 0.4959716796875 0.587890625
vt 0.8363037109375 0.6900634765625
vt 0.10699462890625 0.29541015625
vt 0.175537109375 0.1807861328125
vt 0.980224609375 0.5228271484375
vt 0.13671875 0.23541259765625
vt 0.6241455078125 0.3753662109375
vt 0.0894775390625 0.8668212890625
vt 0.6815185546875 0.2855224609375
vt 0.1107177734375 0.399169921875
vt 0.3670654296875 0.90960693359375
vt 0.6810302734375 0.35150146484375
vt 0.78961181640625 0.9439697265625
vt 0.293212890625 0.553466796875
vt 0.4298095703125 0.32861328125
vt 0.1866455078125 0.372802734375
vt 0.5367431640625 0.5450439453125
vt 0.7076416015625 0.6923828125
vt 0.5206298828125 0.51806640625
vt 0.7581787109375 0.69287109375
vt 0.129638671875 0.58270263671875
vt 0.74639892578125 0.6922607421875
vt 0.188720703125 0.3392333984375
vt 0.9591064453125 0.1439208984375
vt 0.2542724609375 0.7945556640625
vt 0.97430419921875 0.2813720703125
vt 0.8533935546875 0.7403564453125
vt 0.65576171875 0.7340087890625
vt 0.6605224609375 0.3624267578125
vt 0.1318359375 0.70947265625
vt 0.2606201171875 0.8067626953125
vt 0.96337890625 0.27801513671875
vt 0.3243408203125 0.5291748046875
vt 0.4273681640625 0.36260986328125
vt 0.367431640625 0.44110107421875
vt 0.7249755859375 0.695068359375
vt 0.0257568359375 0.7464599609375
vt 0.51513671875 0.6983642578125
vt 0.493896484375 0.56610107421875
vt 0.812744140625 0.6983642578125
vt 0.0531005859375 0.579833984375
vt 0.859375 0.94189453125
vt 0.1158447265625 0.71258544921875
vt 0.8929443359375 0.8558349609375
vt 0.8070068359375 0.84619140625
vt 0.20379638671875 0.720703125
vt 0.02569580078125 0.750244140625
vt 0.5174560546875 0.6962890625
vt 0.27899169921875 0.8118896484375
vt 0.66900634765625 0.7314453125
vt 0.10546875 0.29052734375
vt 0.293701171875 0.7843017578125
vt 0.6668701171875 0.7227783203125
vt 0.9859619140625 0.5452880859375
vt 0.1939697265625 0.888916015625
vt 0.8868408203125 0.9744873046875
vt 0.509521484375 0.54779052734375
vt 0.7808837890625 0.7008056640625
vt 0.684814453125 0.34930419921875
vt 0.18719482421875 0.3763427734375
vt 0.56591796875 0.9390869140625
vt 0.37646484375 0.8236083984375
vt 0.1153564453125 0.635498046875
vt 0.8070068359375 0.831298828125
vt 0.159912109375 0.358642578125
vt 0.17950439453125 0.6387939453125
vt 0.0992431640625 0.5552978515625
vt 0.6514892578125 0.3331298828125
vt 0.7237548828125 0.844482421875
vt 0.09368896484375 0.30731201171875
vt 0.3587646484375 0.4486083984375
vt 0.18798828125 0.72760009765625
vt 0.973388671875 0.201171875
vt 0.097900390625 0.30389404296875
vt 0.755859375 0.95556640625
vt 0.9019775390625 0.528076171875
vt 0.1033935546875 0.134521484375
vt 0.842041015625 0.0396728515625
vt 0.042724609375 0.702392578125
vt 0.74560546875 0.95220947265625
vt 0.0408935546875 0.705322265625
vt 0.196044921875 0.891357421875
vt 0.46630859375 0.61309814453125
vt 0.0977783203125 0.301025390625
vt 0.3643798828125 0.45318603515625
vt 0.0504150390625 0.515380859375
vt 0.4625244140625 0.7325439453125
vt 0.75408935546875 0.94720458984375
vt 0.3787841796875 0.7930908203125
vt 0.732421875 0.3328857421875
vt 0.03729248046875 0.3175048828125
vt 0.1060791015625 0.714111328125
vt 0.173828125 0.417236328125
vt 0.54229736328125 0.902099609375
vt 0.5751953125 0.5455322265625
vt 0.4669189453125 0.6771240234375
vt 0.811279296875 0.9295654296875
vt 0.37579345703125 0.818603515625
vt 0.14739990234375 0.20550537109375
vt 0.40069580078125 0.173095703125
vt 0.846923828125 0.744384765625
vt 0.84869384765625 0.3790283203125
vt 0.5826416015625 0.39520263671875
vt 0.78729248046875 0.326904296875
vt 0.174560546875 0.4610595703125
vt 0.5281982421875 0.8743896484375
vt 0.569580078125 0.65509033203125
vt 0.407470703125 0.73046875
vt 0.4212646484375 0.4083251953125
vt 0.56329345703125 0.6561279296875
vt 0.17529296875 0.3629150390625
vt 0.9801025390625 0.1217041015625
vt 0.5206298828125 0.68670654296875
vt 0.114990234375 0.557861328125
vt 0.660888671875 0.34320068359375
vt 0.52301025390625 0.6820068359375
vt 0.5267333984375 0.6807861328125
vt 0.0465087890625 0.31500244140625
vt 0.095458984375 0.7099609375
vt 0.9666748046875 0.25738525390625
vt 0.0474853515625 0.219482421875
vt 0.03173828125 0.7496337890625
vt 0.12841796875 0.076171875
vt 0.513916015625 0.69268798828125
vt 0.14691162109375 0.510986328125
vt 0.122802734375 0.68896484375
vt 0.8326416015625 0.3641357421875
vt 0.845458984375 0.7596435546875
vt 0.157958984375 0.8848876953125
vt 0.43890380859375 0.295166015625
vt 0.83880615234375 0.36968994140625
vt 0.84478759765625 0.75439453125
vt 0.21551513671875 0.90869140625
vt 0.02301025390625 0.4921875
vt 0.7310791015625 0.940185546875
vt 0.85040283203125 0.44989013671875
vt 0.19659423828125 0.894775390625
vt 0.5390625 0.5325927734375
vt 0.2100830078125 0.780517578125
vt 0.9825439453125 0.24560546875
vt 0.4637451171875 0.6036376953125
vt 0.1129150390625 0.25909423828125
vt 0.788818359375 0.4388427734375
vt 0.0479736328125 0.2269287109375
vt 0.3739013671875 0.8197021484375
vt 0.8323974609375 0.0262451171875
vt 0.0457763671875 0.2537841796875
vt 0.38409423828125 0.1563720703125
vt 0.83203125 0.72589111328125
vt 0.89410400390625 0.99029541015625
vt 0.9683837890625 0.2340087890625
vt 0.848388671875 0.447021484375
vt 0.536865234375 0.5328369140625
vt 0.7142333984375 0.70849609375
vt 0.044189453125 0.724609375
vt 0.526123046875 0.498779296875
vt 0.752197265625 0.705078125
vt 0.441162109375 0.29833984375
vt 0.1207275390625 0.666015625
vt 0.1751708984375 0.386962890625
vt 0.0604248046875 0.016845703125
vt 0.0765380859375 0.5791015625
vt 0.83880615234375 0.93701171875
vt 0.0308837890625 0.31591796875
vt 0.1182861328125 0.724609375
vt 0.86920166015625 0.9718017578125
vt 0.05169677734375 0.2041015625
vt 0.8284912109375 0.015380859375
vt 0.05059814453125 0.697265625
vt 0.0809326171875 0.7069091796875
vt 0.0277099609375 0.89691162109375
vt 0.0361328125 0.0098876953125
vt 0.08709716796875 0.57769775390625
vt 0.27099609375 0.55450439453125
vt 0.43951416015625 0.3228759765625
vt 0.0487060546875 0.7177734375
vt 0.15679931640625 0.3692626953125
vt 0.780029296875 0.3160400390625
vt 0.0950927734375 0.29339599609375
vt 0.4195556640625 0.5992431640625
vt 0.6622314453125 0.325439453125
vt 0.7108154296875 0.84210205078125
vt 0.1663818359375 0.341796875
vt 0.18121337890625 0.664794921875
vt 0.993896484375 0.14300537109375
vt 0.096435546875 0.58099365234375
vt 0.7493896484375 0.83758544921875
vt 0.825927734375 0.8502197265625
vt 0.08349609375 0.38623046875
vt 0.36920166015625 0.885986328125
vt 0.1041259765625 0.27679443359375
vt 0.2110595703125 0.738525390625
vt 0.1934814453125 0.896484375
vt 0.3875732421875 0.1470947265625
vt 0.88360595703125 0.991943359375
vt 0.975341796875 0.144775390625
vt 0.11358642578125 0.58270263671875
vt 0.55108642578125 0.6591796875
vt 0.17230224609375 0.4603271484375
vt 0.04669189453125 0.50531005859375
vt 0.74261474609375 0.9390869140625
vt 0.12060546875 0.8775634765625
vt 0.796142578125 0.8248291015625
vt 0.05078125 0.7144775390625
vt 0.77587890625 0.31781005859375
vt 0.1705322265625 0.3734130859375
vt 0.67236328125 0.3359375
vt 0.803466796875 0.33050537109375
vt 0.1102294921875 0.6744384765625
vt 0.86090087890625 0.82330322265625
vt 0.091796875 0.87744140625
vt 0.6895751953125 0.2789306640625
vt 0.0040283203125 0.48309326171875
vt 0.82220458984375 0.43939208984375
vt 0.528076171875 0.673828125
vt 0.55108642578125 0.4034423828125
vt 0.73760986328125 0.42120361328125
vt 0.84912109375 0.8433837890625
vt 0.2137451171875 0.7637939453125
vt 0.41119384765625 0.4342041015625
vt 0.4190673828125 0.68499755859375
vt 0.12353515625 0.22930908203125
vt 0.5299072265625 0.67333984375
vt 0.6651611328125 0.3221435546875
vt 0.15411376953125 0.37188720703125
vt 0.553466796875 0.40399169921875
vt 0.6640625 0.7437744140625
vt 0.6658935546875 0.3873291015625
vt 0.455322265625 0.66448974609375
vt 0.5491943359375 0.402099609375
vt 0.7421875 0.4207763671875
vt 0.12310791015625 0.2318115234375
vt 0.1773681640625 0.14788818359375
vt 0.30230712890625 0.7763671875
vt 0.9908447265625 0.527587890625
vt 0.1480712890625 0.3795166015625
vt 0.6741943359375 0.3153076171875
vt 0.1954345703125 0.7816162109375
vt 0.98199462890625 0.2379150390625
vt 0.59490966796875 0.0885009765625
vt 0.01300048828125 0.1705322265625
vt 0.619140625 0.0966796875
vt 0.1708984375 0.376708984375
vt 0.1064453125 0.2529296875
vt 0.4208984375 0.53619384765625
vt 0.676513671875 0.3349609375
vt 0.263671875 0.563720703125
vt 0.440185546875 0.3179931640625
vt 0.5155029296875 0.531005859375
vt 0.532958984375 0.490234375
vt 0.74249267578125 0.71337890625
vt 0.96820068359375 0.34869384765625
vt 0.5167236328125 0.34710693359375
vt 0.7901611328125 0.4287109375
vt 0.3648681640625 0.859375
vt 0.576171875 0.0875244140625
vt 0.16748046875 0.385986328125
vt 0.6876220703125 0.328857421875
vt 0.143310546875 0.3890380859375
vt 0.365478515625 0.833984375
vt 0.4500732421875 0.29681396484375
vt 0.1793212890625 0.894775390625
vt 0.7275390625 0.8153076171875
vt 0.53466796875 0.5147705078125
vt 0.9779052734375 0.37579345703125
vt 0.548583984375 0.08758544921875
vt 0.8388671875 0.0703125
vt 0.5386962890625 0.51568603515625
vt 0.1119384765625 0.2486572265625
vt 0.059326171875 0.7218017578125
vt 0.172119140625 0.08099365234375
vt 0.36260986328125 0.8511962890625
vt 0.018310546875 0.3126220703125
vt 0.1357421875 0.739990234375
vt 0.1552734375 0.52197265625
vt 0 0.02630615234375
vt 0.0404052734375 0.89410400390625
vt 0.6304931640625 0.09710693359375
vt 0.161865234375 0.8936767578125
vt 0.7490234375 0.8175048828125
vt 0.774169921875 0.4263916015625
vt 0.09100341796875 0.7197265625
vt 0.0543212890625 0.268798828125
vt 0.46380615234375 0.572998046875
vt 0.06390380859375 0.02899169921875
vt 0.836669921875 0.9482421875
vt 0.76348876953125 0.31298828125
vt 0.19488525390625 0.90289306640625
vt 0.7088623046875 0.81451416015625
vt 0.51904296875 0.49261474609375
vt 0.748779296875 0.718017578125
vt 0.3651123046875 0.84051513671875
vt 0.173828125 0.894775390625
vt 0.73193359375 0.8182373046875
vt 0.5494384765625 0.41229248046875
vt 0.079833984375 0.1571044921875
vt 0.3699951171875 0.75299072265625
vt 0.45550537109375 0.2576904296875
vt 0.057373046875 0.2064208984375
vt 0.8204345703125 0.013916015625
vt 0.5936279296875 0.5260009765625
vt 0.1627197265625 0.894287109375
vt 0.739501953125 0.81500244140625
vt 0.364990234375 0.816162109375
vt 0.36090087890625 0.84979248046875
vt 0.1917724609375 0.9033203125
vt 0.7122802734375 0.8153076171875
vt 0.1939697265625 0.903076171875
vt 0.709716796875 0.8153076171875
vt 0.3648681640625 0.819580078125
vt 0.3668212890625 0.81060791015625
vt 0.198974609375 0.90789794921875
vt 0.70208740234375 0.8133544921875
vt 0.8455810546875 0.959716796875
vt 0.3289794921875 0.495361328125
vt 0.4368896484375 0.37799072265625
vt 0.206787109375 0.7569580078125
vt 0.724609375 0.311279296875
vt 0.15509033203125 0.4171142578125
vt 0.3656005859375 0.81768798828125
vt 0.84051513671875 0.8392333984375
vt 0.4573974609375 0.293212890625
vt 0.55609130859375 0.5068359375
vt 0.05889892578125 0.2911376953125
vt 0.15460205078125 0.4984130859375
vt 0.08538818359375 0.72265625
vt 0.2603759765625 0.551513671875
vt 0.44891357421875 0.32110595703125
vt 0.7044677734375 0.29559326171875
vt 0.58221435546875 0.4171142578125
vt 0.135498046875 0.40948486328125
vt 0.34326171875 0.47900390625
vt 0.384033203125 0.7388916015625
vt 0.4312744140625 0.3973388671875
vt 0.10101318359375 0.6644287109375
vt 0.82879638671875 0.81219482421875
vt 0.1861572265625 0.75750732421875
vt 0.990966796875 0.22821044921875
vt 0.4539794921875 0.5780029296875
vt 0.49530029296875 0.5260009765625
vt 0.7789306640625 0.72711181640625
vt 0.82940673828125 0.3446044921875
vt 0.289794921875 0.52288818359375
vt 0.4444580078125 0.3504638671875
vt 0.82659912109375 0.3427734375
vt 0.110107421875 0.2222900390625
vt 0.10040283203125 0.245361328125
vt 0.400390625 0.5228271484375
vt 0.113037109375 0.21099853515625
vt 0.21649169921875 0.92138671875
vt 0.6693115234375 0.53759765625
vt 0.6805419921875 0.8157958984375
vt 0.1112060546875 0.2254638671875
vt 0.2030029296875 0.76580810546875
vt 0.0313720703125 0.4837646484375
vt 0.8533935546875 0.4315185546875
vt 0.366943359375 0.78857421875
vt 0.0872802734375 0.2894287109375
vt 0.408935546875 0.592529296875
vt 0.44268798828125 0.58990478515625
vt 0.54248046875 0.30828857421875
vt 0.54669189453125 0.4168701171875
vt 0.7486572265625 0.4033203125
vt 0.03466796875 0.48699951171875
vt 0.719970703125 0.91900634765625
vt 0.0318603515625 0.03118896484375
vt 0.3319091796875 0.48858642578125
vt 0.51849365234375 0.38629150390625
vt 0.78680419921875 0.41668701171875
vt 0.56298828125 0.4285888671875
vt 0.16571044921875 0.4525146484375
vt 0.54071044921875 0.8692626953125
vt 0.63800048828125 0.410400390625
vt 0.640869140625 0.7340087890625
vt 0.4407958984375 0.59588623046875
vt 0.53399658203125 0.3060302734375
vt 0.13128662109375 0.195556640625
vt 0.51959228515625 0.48529052734375
vt 0.5316162109375 0.659912109375
vt 0.54998779296875 0.42431640625
vt 0.27520751953125 0.5340576171875
vt 0.451171875 0.32269287109375
vt 0.65301513671875 0.5250244140625
vt 0.669189453125 0.8212890625
vt 0.3782958984375 0.73199462890625
vt 0.36639404296875 0.7764892578125
vt 0.71630859375 0.8076171875
vt 0.49859619140625 0.50970458984375
vt 0.7535400390625 0.7269287109375
vt 0.0950927734375 0.7294921875
vt 0.8287353515625 0.0484619140625
vt 0.15960693359375 0.51318359375
vt 0.5789794921875 0.868896484375
vt 0.8460693359375 0.9737548828125
vt 0.3623046875 0.1451416015625
vt 0.68109130859375 0.7420654296875
vt 0.50640869140625 0.49530029296875
vt 0.4630126953125 0.54901123046875
vt 0.0711669921875 0.7236328125
vt 0.18603515625 0.0933837890625
vt 0.087158203125 0.182373046875
vt 0.19940185546875 0.599609375
vt 0.4647216796875 0.27899169921875
vt 0.35546875 0.1427001953125
vt 0.9560546875 0.4278564453125
vt 0.30938720703125 0.497802734375
vt 0.25750732421875 0.544921875
vt 0.3699951171875 0.9501953125
vt 0.5396728515625 0.50299072265625
vt 0.2486572265625 0.54931640625
vt 0.25140380859375 0.55389404296875
vt 0.4576416015625 0.30938720703125
vt 0.23876953125 0.5780029296875
vt 0.4644775390625 0.29290771484375
vt 0.8446044921875 0.83251953125
vt 0.1683349609375 0.4732666015625
vt 0.56878662109375 0.6298828125
vt 0.26690673828125 0.53515625
vt 0.17449951171875 0.0953369140625
vt 0.5631103515625 0.6373291015625
vt 0.38580322265625 0.9136962890625
vt 0.51739501953125 0.510009765625
vt 0.522705078125 0.47918701171875
vt 0.9931640625 0.3548583984375
vt 0.07659912109375 0.6910400390625
vt 0.0819091796875 0.72979736328125
vt 0.5130615234375 0.48431396484375
vt 0.7886962890625 0.2919921875
vt 0.80120849609375 0.30218505859375
vt 0.1688232421875 0.09326171875
vt 0.443603515625 0.98760986328125
vt 0.7843017578125 0.40679931640625
vt 0.09930419921875 0.2371826171875
vt 0.361572265625 0.1629638671875
vt 0.356689453125 0.82110595703125
vt 0.364990234375 0.163330078125
vt 0.54888916015625 0.4302978515625
vt 0.83538818359375 0.968017578125
vt 0.2017822265625 0.76123046875
vt 0.061767578125 0.7294921875
vt 0.07373046875 0.71923828125
vt 0.1912841796875 0.09539794921875
vt 0.71533203125 0.803466796875
vt 0.0634765625 0.26123046875
vt 0.1297607421875 0.75079345703125
vt 0.163330078125 0.5216064453125
vt 0.5999755859375 0.848876953125
vt 0.067626953125 0.4833984375
vt 0.3951416015625 0.215576171875
vt 0.4271240234375 0.724365234375
vt 0.5096435546875 0.4840087890625
vt 0.4976806640625 0.4957275390625
vt 0.16448974609375 0.90240478515625
vt 0.742919921875 0.80780029296875
vt 0.1600341796875 0.90179443359375
vt 0.7445068359375 0.8076171875
vt 0.5888671875 0.490234375
vt 0.25579833984375 0.5401611328125
vt 0.517578125 0.468994140625
vt 0.7147216796875 0.80029296875
vt 0.354736328125 0.818359375
vt 0.7720947265625 0.29669189453125
vt 0.0526123046875 0.0418701171875
vt 0.68310546875 0.5078125
vt 0.68603515625 0.8035888671875
vt 0.42401123046875 0.988037109375
vt 0.5408935546875 0.423583984375
vt 0.7664794921875 0.3929443359375
vt 0.794921875 0.2841796875
vt 0.78570556640625 0.291015625
vt 0.37701416015625 0.47100830078125
vt 0.4027099609375 0.620361328125
vt 0.097900390625 0.2255859375
vt 0.1842041015625 0.5599365234375
vt 0.11767578125 0.8935546875
vt 0.7999267578125 0.80828857421875
vt 0.7205810546875 0.80029296875
vt 0.26080322265625 0.53466796875
vt 0.097900390625 0.21539306640625
vt 0.188232421875 0.5897216796875
vt 0.368408203125 0.1781005859375
vt 0.8770751953125 0.38018798828125
vt 0.1654052734375 0.4725341796875
vt 0.09130859375 0.2369384765625
vt 0.388916015625 0.521484375
vt 0.4967041015625 0.4921875
vt 0.4365234375 0.97601318359375
vt 0.51129150390625 0.40478515625
vt 0.789794921875 0.396240234375
vt 0.15460205078125 0.09600830078125
vt 0.5103759765625 0.4747314453125
vt 0.157470703125 0.0982666015625
vt 0.361572265625 0.1392822265625
vt 0.84759521484375 0.9942626953125
vt 0.9613037109375 0.4259033203125
vt 0.2623291015625 0.5291748046875
vt 0.78228759765625 0.13031005859375
vt 0.80029296875 0.031005859375
vt 0.5020751953125 0.48809814453125
vt 0.3223876953125 0.4788818359375
vt 0.35101318359375 0.84979248046875
vt 0.23089599609375 0.567626953125
vt 0.7275390625 0.79901123046875
vt 0.401611328125 0.97979736328125
vt 0.55078125 0.4400634765625
vt 0.553955078125 0.6383056640625
vt 0.3497314453125 0.818359375
vt 0.5150146484375 0.457763671875
vt 0.4393310546875 0.5648193359375
vt 0.59051513671875 0.2969970703125
vt 0.8148193359375 0.3084716796875
vt 0.506591796875 0.475830078125
vt 0.64691162109375 0.503662109375
vt 0.113037109375 0.7523193359375
vt 0.6214599609375 0.8431396484375
vt 0.719970703125 0.798095703125
vt 0.21759033203125 0.5762939453125
vt 0.4735107421875 0.2896728515625
vt 0.2298583984375 0.54559326171875
vt 0.2476806640625 0.53759765625
vt 0.042724609375 0.1737060546875
vt 0.60150146484375 0.1044921875
vt 0.6214599609375 0.497802734375
vt 0.116943359375 0.423828125
vt 0.3497314453125 0.90570068359375
vt 0.6187744140625 0.440185546875
vt 0.063232421875 0.7354736328125
vt 0.1978759765625 0.083984375
vt 0.129638671875 0.167236328125
vt 0.4429931640625 0.5587158203125
vt 0.33935546875 0.1414794921875
vt 0.84259033203125 0.999755859375
vt 0.9755859375 0.42230224609375
vt 0.16790771484375 0.4891357421875
vt 0.5675048828125 0.615966796875
vt 0.8021240234375 0.271728515625
vt 0.0941162109375 0.89404296875
vt 0.703369140625 0.2618408203125
vt 0.8197021484375 0.8104248046875
vt 0.49530029296875 0.4815673828125
vt 0.3505859375 0.825439453125
vt 0.102294921875 0.1842041015625
vt 0.079833984375 0.31298828125
vt 0.3759765625 0.4764404296875
vt 0.396484375 0.61767578125
vt 0.3580322265625 0.990234375
vt 0.577880859375 0.46337890625
vt 0.2523193359375 0.52978515625
vt 0.1414794921875 0.157470703125
vt 0.3204345703125 0.76190185546875
vt 0.6434326171875 0.4266357421875
vt 0.653076171875 0.76251220703125
vt 0.40179443359375 0.9765625
vt 0.547119140625 0.4429931640625
vt 0.3819580078125 0.9638671875
vt 0.54278564453125 0.4840087890625
vt 0.0654296875 0.24267578125
vt 0.4967041015625 0.869873046875
vt 0.51239013671875 0.448486328125
vt 0.04071044921875 0.4652099609375
vt 0.4859619140625 0.3359375
vt 0.2401123046875 0.53741455078125
vt 0.0811767578125 0.29669189453125
vt 0.399658203125 0.5985107421875
vt 0.2822265625 0.50531005859375
vt 0.08270263671875 0.74371337890625
vt 0.0703125 0.20330810546875
vt 0.4339599609375 0.8707275390625
vt 0.806640625 0.0108642578125
vt 0.816162109375 0.13409423828125
vt 0.56689453125 0.1002197265625
vt 0.8583984375 0.04736328125
vt 0.35260009765625 0.7847900390625
vt 0.43121337890625 0.97021484375
vt 0.510498046875 0.4112548828125
vt 0.25030517578125 0.53289794921875
vt 0.423095703125 0.6600341796875
vt 0.45941162109375 0.252197265625
vt 0.6888427734375 0.7349853515625
vt 0.069580078125 0.271728515625
vt 0.1722412109375 0.5087890625
vt 0.5631103515625 0.8687744140625
vt 0.40350341796875 0.9329833984375
vt 0.5234375 0.45703125
vt 0.4930419921875 0.47711181640625
vt 0.07049560546875 0.221923828125
vt 0.6893310546875 0.7510986328125
vt 0.3118896484375 0.7994384765625
vt 0.6912841796875 0.7215576171875
vt 0.359375 0.18438720703125
vt 0.3134765625 0.7969970703125
vt 0.72509765625 0.79345703125
vt 0.7193603515625 0.79449462890625
vt 0.07940673828125 0.2874755859375
vt 0.39569091796875 0.593994140625
vt 0.46649169921875 0.5185546875
vt 0.96038818359375 0.414794921875
vt 0.5589599609375 0.614013671875
vt 0.81451416015625 0.281982421875
vt 0.21319580078125 0.5413818359375
vt 0.733154296875 0.79779052734375
vt 0.04669189453125 0.4622802734375
vt 0.477783203125 0.3323974609375
vt 0.68829345703125 0.82598876953125
vt 0.0618896484375 0.740234375
vt 0.1986083984375 0.0802001953125
vt 0.5076904296875 0.4364013671875
vt 0.0897216796875 0.2293701171875
vt 0.19378662109375 0.544921875
vt 0.38641357421875 0.5216064453125
vt 0.423095703125 0.97088623046875
vt 0.0596923828125 0.46728515625
vt 0.66064453125 0.79443359375
vt 0.3487548828125 0.824462890625
vt 0.0867919921875 0.23870849609375
vt 0.384765625 0.5322265625
vt 0.12030029296875 0.1087646484375
vt 0.5145263671875 0.65771484375
vt 0.8521728515625 0.354736328125
vt 0.777587890625 0.28399658203125
vt 0.103515625 0.7550048828125
vt 0.6282958984375 0.82958984375
vt 0.497802734375 0.469970703125
vt 0.15966796875 0.46978759765625
vt 0.02587890625 0.4603271484375
vt 0.4793701171875 0.3519287109375
vt 0.83203125 0.4049072265625
vt 0.165283203125 0.494140625
vt 0.7991943359375 0.2701416015625
vt 0.0892333984375 0.2037353515625
vt 0.2001953125 0.5723876953125
vt 0.38958740234375 0.96881103515625
vt 0.5513916015625 0.45220947265625
vt 0.08221435546875 0.276611328125
vt 0.393798828125 0.57989501953125
vt 0.5 0.4093017578125
vt 0.4981689453125 0.462158203125
vt 0.22259521484375 0.53570556640625
vt 0.72088623046875 0.788818359375
vt 0.7279052734375 0.7899169921875
vt 0.383544921875 0.5264892578125
vt 0.7454833984375 0.798095703125
vt 0.1533203125 0.109619140625
vt 0.0040283203125 0.13958740234375
vt 0.006103515625 0.05810546875
vt 0.63848876953125 0.108154296875
vt 0.90179443359375 0.1685791015625
vt 0.34429931640625 0.822509765625
vt 0.0880126953125 0.2127685546875
vt 0.20001220703125 0.57110595703125
vt 0.4991455078125 0.4559326171875
vt 0.3441162109375 0.8294677734375
vt 0.3902587890625 0.9669189453125
vt 0.42401123046875 0.96240234375
vt 0.50860595703125 0.4276123046875
vt 0.4317626953125 0.5565185546875
vt 0.59423828125 0.283935546875
vt 0.50079345703125 0.4407958984375
vt 0.3466796875 0.82269287109375
vt 0.726318359375 0.786865234375
vt 0.3477783203125 0.83538818359375
vt 0.55499267578125 0.619140625
vt 0.8223876953125 0.2860107421875
vt 0.721923828125 0.79010009765625
vt 0.8299560546875 0.994873046875
vt 0.4754638671875 0.490966796875
vt 0.70159912109375 0.7618408203125
vt 0.205322265625 0.5401611328125
vt 0.3760986328125 0.5186767578125
vt 0.5035400390625 0.415283203125
vt 0.471435546875 0.49462890625
vt 0.08770751953125 0.2491455078125
vt 0.38958740234375 0.549072265625
vt 0.4971923828125 0.39208984375
vt 0.79290771484375 0.3914794921875
vt 0.439697265625 0.53857421875
vt 0.6187744140625 0.28118896484375
vt 0.7257080078125 0.7890625
vt 0.299072265625 0.4786376953125
vt 0.4959716796875 0.42822265625
vt 0.43341064453125 0.55230712890625
vt 0.5987548828125 0.281982421875
vt 0.3253173828125 0.79949951171875
vt 0.48876953125 0.463134765625
vt 0.5008544921875 0.43109130859375
vt 0.54058837890625 0.106689453125
vt 0.78338623046875 0.085205078125
vt 0.82159423828125 0.0595703125
vt 0.23858642578125 0.52520751953125
vt 0.69171142578125 0.7686767578125
vt 0.2601318359375 0.5103759765625
vt 0.4942626953125 0.4326171875
vt 0.61968994140625 0.47265625
vt 0.7862548828125 0.271484375
vt 0.6934814453125 0.7681884765625
vt 0.2059326171875 0.5303955078125
vt 0.426025390625 0.5765380859375
vt 0.5712890625 0.28118896484375
vt 0.493408203125 0.4544677734375
vt 0.0628662109375 0.1839599609375
vt 0.5848388671875 0.1102294921875
vt 0.8721923828125 0.03448486328125
vt 0.230224609375 0.52880859375
vt 0.40130615234375 0.95928955078125
vt 0.8341064453125 0.3245849609375
vt 0.6982421875 0.73699951171875
vt 0.4771728515625 0.48046875
vt 0.1966552734375 0.5286865234375
vt 0.3721923828125 0.526611328125
vt 0.53350830078125 0.63861083984375
vt 0.1590576171875 0.48486328125
vt 0.685791015625 0.778564453125
vt 0.6890869140625 0.4541015625
vt 0.2020263671875 0.53570556640625
vt 0.37420654296875 0.5201416015625
vt 0.32501220703125 0.810302734375
vt 0.8194580078125 0.993408203125
vt 0.47039794921875 0.4881591796875
vt 0.32489013671875 0.1207275390625
vt 0.81781005859375 0.99951171875
vt 0.9769287109375 0.80322265625
vt 0.4912109375 0.4495849609375
vt 0.49261474609375 0.4197998046875
vt 0.49072265625 0.44189453125
vt 0.2252197265625 0.52850341796875
vt 0.06878662109375 0.752197265625
vt 0.2564697265625 0.50738525390625
vt 0.4840087890625 0.4617919921875
vt 0.2156982421875 0.5264892578125
vt 0.5665283203125 0.8525390625
vt 0.7283935546875 0.7840576171875
vt 0.31390380859375 0.462158203125
vt 0.53564453125 0.637939453125
vt 0.70263671875 0.7423095703125
vt 0.052001953125 0.7430419921875
vt 0.19940185546875 0.1058349609375
vt 0.7001953125 0.73638916015625
vt 0.3314208984375 0.1500244140625
vt 0.94781494140625 0.4130859375
vt 0.9820556640625 0.406982421875
vt 0.710205078125 0.771728515625
vt 0.4107666015625 0.95556640625
vt 0.5206298828125 0.4312744140625
vt 0.37750244140625 0.5250244140625
vt 0.3826904296875 0.6270751953125
vt 0.2470703125 0.51239013671875
vt 0.748779296875 0.791259765625
vt 0.4713134765625 0.47900390625
vt 0.4989013671875 0.424560546875
vt 0.06988525390625 0.46484375
vt 0.41680908203125 0.182373046875
vt 0.646240234375 0.8013916015625
vt 0.2078857421875 0.55078125
vt 0.054931640625 0.74578857421875
vt 0.2003173828125 0.10809326171875
vt 0.20660400390625 0.076171875
vt 0.7027587890625 0.73980712890625
vt 0.02978515625 0.0626220703125
vt 0.307373046875 0.8076171875
vt 0.7047119140625 0.72650146484375
vt 0.3076171875 0.80999755859375
vt 0.70660400390625 0.724365234375
vt 0.1583251953125 0.4921875
vt 0.7957763671875 0.2611083984375
vt 0.6951904296875 0.781494140625
vt 0.224609375 0.5181884765625
vt 0.706298828125 0.74310302734375
vt 0.6898193359375 0.78466796875
vt 0.669677734375 0.47430419921875
vt 0.6781005859375 0.7880859375
vt 0.71160888671875 0.7479248046875
vt 0.6455078125 0.4732666015625
vt 0.1146240234375 0.1397705078125
vt 0.343017578125 0.76959228515625
vt 0.339111328125 0.79901123046875
vt 0.70703125 0.7308349609375
vt 0.47698974609375 0.447998046875
vt 0.4722900390625 0.45880126953125
vt 0.705078125 0.7276611328125
vt 0.6976318359375 0.782958984375
vt 0.711669921875 0.7666015625
vt 0.23529052734375 0.516845703125
vt 0.48260498046875 0.4505615234375
vt 0.327880859375 0.8157958984375
vt 0.25927734375 0.4967041015625
vt 0.1441650390625 0.4666748046875
vt 0.2200927734375 0.52197265625
vt 0.719970703125 0.7586669921875
vt 0.71270751953125 0.743408203125
vt 0.71728515625 0.77899169921875
vt 0.710205078125 0.738037109375
vt 0.3375244140625 0.8154296875
vt 0.8388671875 0.32379150390625
vt 0.45489501953125 0.4913330078125
vt 0.466796875 0.473388671875
vt 0.080322265625 0.2392578125
vt 0.48309326171875 0.85809326171875
vt 0.9715576171875 0.4022216796875
vt 0.243408203125 0.5062255859375
vt 0.7099609375 0.74169921875
vt 0.7158203125 0.73040771484375
vt 0.3485107421875 0.2003173828125
vt 0.87841796875 0.3587646484375
vt 0.2398681640625 0.5064697265625
vt 0.46380615234375 0.4669189453125
vt 0.34130859375 0.179931640625
vt 0.58551025390625 0.836181640625
vt 0.3402099609375 0.8450927734375
vt 0.3245849609375 0.82659912109375
vt 0.334228515625 0.82830810546875
vt 0.1478271484375 0.12139892578125
vt 0.7296142578125 0.77740478515625
vt 0.728271484375 0.7626953125
vt 0.2540283203125 0.501220703125
vt 0.74810791015625 0.7874755859375
vt 0.7161865234375 0.7294921875
vt 0.16796875 0.1171875
vt 0.71429443359375 0.72589111328125
vt 0.4468994140625 0.503173828125
vt 0.30731201171875 0.8189697265625
vt 0.72039794921875 0.7239990234375
vt 0.0302734375 0.1343994140625
vt 0.8941650390625 0.14959716796875
vt 0.4598388671875 0.48590087890625
vt 0.7152099609375 0.74249267578125
vt 0.0858154296875 0.22259521484375
vt 0.46270751953125 0.86761474609375
vt 0.2000732421875 0.5169677734375
vt 0.8338623046875 0.30621337890625
vt 0.482666015625 0.423095703125
vt 0.7213134765625 0.744384765625
vt 0.471923828125 0.4373779296875
vt 0.2669677734375 0.484619140625
vt 0.2059326171875 0.105224609375
vt 0.2125244140625 0.07470703125
vt 0.71881103515625 0.740478515625
vt 0.72320556640625 0.731689453125
vt 0.4805908203125 0.41119384765625
vt 0.1903076171875 0.512939453125
vt 0.36090087890625 0.53570556640625
vt 0.06219482421875 0.06451416015625
vt 0.26239013671875 0.10302734375
vt 0.79638671875 0.958740234375
vt 0.321044921875 0.4443359375
vt 0.32720947265625 0.740234375
vt 0.20263671875 0.51416015625
vt 0.0748291015625 0.2593994140625
vt 0.52880859375 0.8609619140625
vt 0.3070068359375 0.8231201171875
vt 0.7271728515625 0.7288818359375
vt 0.7227783203125 0.74261474609375
vt 0.47869873046875 0.4267578125
vt 0.7237548828125 0.730712890625
vt 0.4501953125 0.343994140625
vt 0.68011474609375 0.84539794921875
vt 0.53338623046875 0.6298828125
vt 0.7232666015625 0.727294921875
vt 0.7283935546875 0.73260498046875
vt 0.45599365234375 0.4742431640625
vt 0.3070068359375 0.4517822265625
vt 0.7269287109375 0.7420654296875
vt 0.4508056640625 0.47369384765625
vt 0.551025390625 0.1102294921875
vt 0.78179931640625 0.06689453125
vt 0.8817138671875 0.05938720703125
vt 0.57501220703125 0.2626953125
vt 0.2454833984375 0.493896484375
vt 0.6002197265625 0.263427734375
vt 0.60260009765625 0.2626953125
vt 0.14349365234375 0.1256103515625
vt 0.565673828125 0.2615966796875
vt 0.0595703125 0.1597900390625
vt 0.8465576171875 0.12811279296875
vt 0.9415283203125 0.4066162109375
vt 0.97808837890625 0.39520263671875
vt 0.3123779296875 0.0518798828125
vt 0.5152587890625 0.63916015625
vt 0.47698974609375 0.4154052734375
vt 0.29449462890625 0.4605712890625
vt 0.326171875 0.7291259765625
vt 0.2420654296875 0.4970703125
vt 0.8790283203125 0.3558349609375
vt 0.37060546875 0.595703125
vt 0.211669921875 0.510009765625
vt 0.19268798828125 0.5101318359375
vt 0.7901611328125 0.00201416015625
vt 0.82177734375 0.1142578125
vt 0.214599609375 0.0914306640625
vt 0.4739990234375 0.42999267578125
vt 0.4241943359375 0.5303955078125
vt 0.6240234375 0.259033203125
vt 0.0836181640625 0.7637939453125
vt 0.85498046875 0.34429931640625
vt 0.798828125 0.06048583984375
vt 0.80810546875 0.0960693359375
vt 0.4652099609375 0.4320068359375
vt 0.1007080078125 0.773193359375
vt 0.62091064453125 0.8033447265625
vt 0.61029052734375 0.8231201171875
vt 0.1832275390625 0.50469970703125
vt 0.3565673828125 0.54010009765625
vt 0.45208740234375 0.4635009765625
vt 0.203125 0.50830078125
vt 0.4285888671875 0.520263671875
vt 0.6419677734375 0.252197265625
vt 0.0596923828125 0.762939453125
vt 0.2047119140625 0.12646484375
vt 0.577880859375 0.037841796875
vt 0.2137451171875 0.096435546875
vt 0.73370361328125 0.25579833984375
vt 0.82989501953125 0.78948974609375
vt 0.1319580078125 0.4598388671875
vt 0.32611083984375 0.9146728515625
vt 0.4498291015625 0.4642333984375
vt 0.2725830078125 0.47021484375
vt 0.4686279296875 0.40576171875
vt 0.466064453125 0.4263916015625
vt 0.2568359375 0.47900390625
vt 0.3316650390625 0.8455810546875
vt 0.4376220703125 0.48870849609375
vt 0.33050537109375 0.8341064453125
vt 0.7369384765625 0.78131103515625
vt 0.7501220703125 0.77783203125
vt 0.31329345703125 0.13427734375
vt 0.33203125 0.88189697265625
vt 0.2244873046875 0.49481201171875
vt 0.7930908203125 0.78338623046875
vt 0.33154296875 0.84429931640625
vt 0.4493408203125 0.4498291015625
vt 0.505859375 0.845458984375
vt 0.45208740234375 0.4361572265625
vt 0.1878662109375 0.4970703125
vt 0.4586181640625 0.41552734375
vt 0.3028564453125 0.1019287109375
vt 0.96868896484375 0.8265380859375
vt 0.0648193359375 0.43499755859375
vt 0.66650390625 0.8492431640625
vt 0.31329345703125 0.830322265625
vt 0.7379150390625 0.7188720703125
vt 0.36181640625 0.57720947265625
vt 0.4383544921875 0.4715576171875
vt 0.4481201171875 0.3634033203125
vt 0.6845703125 0.867431640625
vt 0.139892578125 0.1361083984375
vt 0.3323974609375 0.052734375
vt 0.45159912109375 0.8487548828125
vt 0.83837890625 0.123291015625
vt 0.203125 0.4952392578125
vt 0.4554443359375 0.428466796875
vt 0.44219970703125 0.46160888671875
vt 0.7366943359375 0.751708984375
vt 0.765625 0.78021240234375
vt 0.234130859375 0.48809814453125
vt 0.329345703125 0.860595703125
vt 0.4312744140625 0.480712890625
vt 0.2506103515625 0.4747314453125
vt 0.44482421875 0.4547119140625
vt 0.321044921875 0.84600830078125
vt 0.00201416015625 0.0787353515625
vt 0.2982177734375 0.04730224609375
vt 0.86962890625 0.16845703125
vt 0.2073974609375 0.49658203125
vt 0.73760986328125 0.767333984375
vt 0.7525634765625 0.766357421875
vt 0.19189453125 0.50250244140625
vt 0.4501953125 0.42608642578125
vt 0.04559326171875 0.52301025390625
vt 0.25079345703125 0.074462890625
vt 0.792236328125 0.9996337890625
vt 0.9671630859375 0.8232421875
vt 0.46600341796875 0.415771484375
vt 0.4417724609375 0.4527587890625
vt 0.2252197265625 0.48828125
vt 0.4364013671875 0.46490478515625
vt 0.751220703125 0.7667236328125
vt 0.215576171875 0.4896240234375
vt 0.60211181640625 0.249755859375
vt 0.0770263671875 0.1666259765625
vt 0.8228759765625 0.140380859375
vt 0.892578125 0.03857421875
vt 0.43011474609375 0.450927734375
vt 0.734619140625 0.2164306640625
vt 0.81451416015625 0.7705078125
vt 0.33203125 0.2171630859375
vt 0.88909912109375 0.34930419921875
vt 0.1129150390625 0.4735107421875
vt 0.3145751953125 0.89801025390625
vt 0.82550048828125 0.728515625
vt 0.2213134765625 0.47607421875
vt 0.746337890625 0.7598876953125
vt 0.56500244140625 0.82391357421875
vt 0.9466552734375 0.3927001953125
vt 0.4420166015625 0.4356689453125
vt 0.43994140625 0.4425048828125
vt 0.1865234375 0.132080078125
vt 0.31610107421875 0.8433837890625
vt 0.17236328125 0.4896240234375
vt 0.34521484375 0.55322265625
vt 0.44989013671875 0.4122314453125
vt 0.709228515625 0.913818359375
vt 0.3125 0.163818359375
vt 0.44921875 0.3948974609375
vt 0.70208740234375 0.90130615234375
vt 0.213623046875 0.48541259765625
vt 0.74169921875 0.747314453125
vt 0.235595703125 0.4671630859375
vt 0.2232666015625 0.4820556640625
vt 0.4298095703125 0.44390869140625
vt 0.75311279296875 0.75579833984375
vt 0.435302734375 0.45556640625
vt 0.7554931640625 0.75079345703125
vt 0.30670166015625 0.84619140625
vt 0.7637939453125 0.730224609375
vt 0.20440673828125 0.48638916015625
vt 0.0496826171875 0.08349609375
vt 0.2828369140625 0.0933837890625
vt 0.2344970703125 0.4739990234375
vt 0.42431640625 0.4683837890625
vt 0.680908203125 0.200439453125
vt 0.42608642578125 0.47210693359375
vt 0.682861328125 0.205078125
vt 0.6065673828125 0.24200439453125
vt 0.81988525390625 0.15850830078125
vt 0.89068603515625 0.94061279296875
vt 0.42510986328125 0.482177734375
vt 0.674072265625 0.2119140625
vt 0.30621337890625 0.84521484375
vt 0.7625732421875 0.7294921875
vt 0.76708984375 0.75439453125
vt 0.13409423828125 0.1416015625
vt 0.33050537109375 0.0601806640625
vt 0.4990234375 0.63751220703125
vt 0.43499755859375 0.44287109375
vt 0.75469970703125 0.748291015625
vt 0.76080322265625 0.736083984375
vt 0.29931640625 0.83489990234375
vt 0.7474365234375 0.736328125
vt 0.24969482421875 0.46600341796875
vt 0.3038330078125 0.85595703125
vt 0.7711181640625 0.73419189453125
vt 0.2532958984375 0.46337890625
vt 0.4237060546875 0.4840087890625
vt 0.670654296875 0.209228515625
vt 0.1173095703125 0.492919921875
vt 0.7672119140625 0.217041015625
vt 0.83935546875 0.7481689453125
vt 0.759765625 0.7408447265625
vt 0.521728515625 0.8421630859375
vt 0.75799560546875 0.7403564453125
vt 0.089599609375 0.7933349609375
vt 0.5946044921875 0.803466796875
vt 0.532958984375 0.61083984375
vt 0.0501708984375 0.781982421875
vt 0.5615234375 0.05108642578125
vt 0.8548583984375 0.3035888671875
vt 0.4283447265625 0.4337158203125
vt 0.6934814453125 0.95880126953125
vt 0.697265625 0.16009521484375
vt 0.1871337890625 0.482177734375
vt 0.43896484375 0.4114990234375
vt 0.6925048828125 0.928955078125
vt 0.30889892578125 0.072509765625
vt 0.52020263671875 0.6220703125
vt 0.8631591796875 0.1533203125
vt 0.42010498046875 0.4444580078125
vt 0.69158935546875 0.1749267578125
vt 0.1907958984375 0.08056640625
vt 0.55108642578125 0.807861328125
vt 0.299072265625 0.167724609375
vt 0.18603515625 0.14471435546875
vt 0.3880615234375 0.0650634765625
vt 0.838134765625 0.0758056640625
vt 0.9093017578125 0.1229248046875
vt 0.5474853515625 0.837158203125
vt 0.41796875 0.48431396484375
vt 0.6639404296875 0.2091064453125
vt 0.5347900390625 0.60308837890625
vt 0.1951904296875 0.1444091796875
vt 0.40020751953125 0.05828857421875
vt 0.56005859375 0.027099609375
vt 0.3114013671875 0.1826171875
vt 0.85760498046875 0.2960205078125
vt 0.7998046875 0.06719970703125
vt 0.9022216796875 0.0755615234375
vt 0.1756591796875 0.13958740234375
vt 0.371826171875 0.05938720703125
vt 0.2015380859375 0.469482421875
vt 0.4342041015625 0.4136962890625
vt 0.6925048828125 0.9368896484375
vt 0.18890380859375 0.476806640625
vt 0.29998779296875 0.1474609375
vt 0.65179443359375 0.868408203125
vt 0.5426025390625 0.5972900390625
vt 0.85400390625 0.28009033203125
vt 0.29833984375 0.0311279296875
vt 0.847900390625 0.1610107421875
vt 0.88519287109375 0.91900634765625
vt 0.04949951171875 0.7996826171875
vt 0.551025390625 0.06439208984375
vt 0.20001220703125 0.473388671875
vt 0.3411865234375 0.578125
vt 0.58551025390625 0.80810546875
vt 0.63720703125 0.8519287109375
vt 0.06878662109375 0.785888671875
vt 0.2508544921875 0.45318603515625
vt 0.42950439453125 0.42608642578125
vt 0.68939208984375 0.9508056640625
vt 0.3411865234375 0.618408203125
vt 0.66461181640625 0.8848876953125
vt 0.45947265625 0.123291015625
vt 0.6290283203125 0.8458251953125
vt 0.3323974609375 0.070068359375
vt 0.3416748046875 0.5931396484375
vt 0.8626708984375 0.31939697265625
vt 0.29620361328125 0.87530517578125
vt 0.7896728515625 0.7427978515625
vt 0.5423583984375 0.596435546875
vt 0.8555908203125 0.2794189453125
vt 0.0565185546875 0.80340576171875
vt 0.2109375 0.05517578125
vt 0.552978515625 0.0697021484375
vt 0.884033203125 0.3441162109375
vt 0.66241455078125 0.2027587890625
vt 0.342041015625 0.61199951171875
vt 0.31671142578125 0.22601318359375
vt 0.886962890625 0.3348388671875
vt 0.6702880859375 0.1937255859375
vt 0.3134765625 0.19989013671875
vt 0.3302001953125 0.0693359375
vt 0.501708984375 0.62109375
vt 0.3721923828125 0.0682373046875
vt 0.236083984375 0.4515380859375
vt 0.8746337890625 0.335205078125
vt 0.16229248046875 0.146240234375
vt 0.3563232421875 0.065185546875
vt 0.32049560546875 0.07568359375
vt 0.2747802734375 0.43603515625
vt 0.62890625 0.220458984375
vt 0.1810302734375 0.46923828125
vt 0.319580078125 0.55059814453125
vt 0.66839599609375 0.1861572265625
vt 0.6123046875 0.2244873046875
vt 0.2904052734375 0.7080078125
vt 0.29443359375 0.144287109375
vt 0.2852783203125 0.4251708984375
vt 0.07720947265625 0.8148193359375
vt 0.2008056640625 0.06103515625
vt 0.56219482421875 0.79339599609375
vt 0.5762939453125 0.2215576171875
vt 0.36358642578125 0.0693359375
vt 0.3026123046875 0.184814453125
vt 0.52410888671875 0.61328125
vt 0.96429443359375 0.3311767578125
vt 0.3052978515625 0.19219970703125
vt 0.18701171875 0.470703125
vt 0.60809326171875 0.2252197265625
vt 0.2872314453125 0.423828125
vt 0.58709716796875 0.22491455078125
vt 0.286376953125 0.71435546875
vt 0.29833984375 0.4112548828125
vt 0.0267333984375 0.51904296875
vt 0.9581298828125 0.8380126953125
vt 0.377197265625 0.0750732421875
vt 0.41119384765625 0.05841064453125
vt 0.55609130859375 0.02911376953125
vt 0.6827392578125 0.94061279296875
vt 0.6417236328125 0.8717041015625
vt 0.2724609375 0.052490234375
vt 0.189697265625 0.4664306640625
vt 0.3138427734375 0.5491943359375
vt 0.67779541015625 0.169189453125
vt 0.293212890625 0.1356201171875
vt 0.369873046875 0.065673828125
vt 0.4100341796875 0.0533447265625
vt 0.5509033203125 0.03369140625
vt 0.6751708984375 0.94287109375
vt 0.67999267578125 0.1292724609375
vt 0.333740234375 0.077880859375
vt 0.40740966796875 0.061767578125
vt 0.2891845703125 0.182373046875
vt 0.45599365234375 0.82666015625
vt 0.31939697265625 0.08050537109375
vt 0.515625 0.609130859375
vt 0.94488525390625 0.3310546875
vt 0.6724853515625 0.15673828125
vt 0.2108154296875 0.45050048828125
vt 0.156005859375 0.070068359375
vt 0.5235595703125 0.800537109375
vt 0.63958740234375 0.88018798828125
vt 0.20440673828125 0.453857421875
vt 0.268310546875 0.1082763671875
vt 0.961669921875 0.8558349609375
vt 0.0267333984375 0.4970703125
vt 0.2216796875 0.05950927734375
vt 0.9293212890625 0.83489990234375
vt 0.56329345703125 0.948486328125
vt 0.88848876953125 0.31829833984375
vt 0.67388916015625 0.147705078125
vt 0.5335693359375 0.8184814453125
vt 0.6080322265625 0.212158203125
vt 0.436767578125 0.82080078125
vt 0.6787109375 0.1143798828125
vt 0.861328125 0.111083984375
vt 0.33990478515625 0.0833740234375
vt 0.2996826171875 0.22589111328125
vt 0.6676025390625 0.94378662109375
vt 0.671630859375 0.126708984375
vt 0.619873046875 0.863037109375
vt 0.30841064453125 0.2403564453125
vt 0.884765625 0.32080078125
vt 0.9317626953125 0.32391357421875
vt 0.557861328125 0.961669921875
vt 0.37530517578125 0.08740234375
vt 0.9423828125 0.3231201171875
vt 0.2802734375 0.16009521484375
vt 0.27569580078125 0.162841796875
vt 0.1893310546875 0.455078125
vt 0.302978515625 0.553466796875
vt 0.2523193359375 0.1868896484375
vt 0.6649169921875 0.946533203125
vt 0.6680908203125 0.1270751953125
vt 0.2808837890625 0.18994140625
vt 0.3731689453125 0.0858154296875
vt 0.38623046875 0.10595703125
vt 0.6322021484375 0.883544921875
vt 0.29998779296875 0.2335205078125
vt 0.55218505859375 0.963134765625
vt 0.893310546875 0.32177734375
vt 0.33270263671875 0.0850830078125
vt 0.927978515625 0.326904296875
vt 0.3385009765625 0.0859375
vt 0.4031982421875 0.0767822265625
vt 0.3916015625 0.0809326171875
vt 0.945068359375 0.32421875
vt 0.961181640625 0.86358642578125
vt 0.6541748046875 0.1622314453125
vt 0.3792724609375 0.0999755859375
vt 0.0142822265625 0.58099365234375
vt 0.3902587890625 0.108642578125
vt 0.2945556640625 0.2301025390625
vt 0.2784423828125 0.18121337890625
vt 0.3828125 0.085205078125
vt 0.65771484375 0.936279296875
vt 0.267333984375 0.1937255859375
vt 0.6085205078125 0.19830322265625
vt 0.2745361328125 0.1513671875
vt 0.2760009765625 0.17169189453125
vt 0.359375 0.0892333984375
vt 0.41351318359375 0.076171875
vt 0.27020263671875 0.13140869140625
vt 0.9815673828125 0.849609375
vt 0.52960205078125 0.056396484375
vt 0.5350341796875 0.039794921875
vt 0.2841796875 0.20947265625
vt 0.3753662109375 0.099365234375
vt 0.39892578125 0.0958251953125
vt 0.2464599609375 0.0472412109375
vt 0.26019287109375 0.169921875
vt 0.27349853515625 0.135986328125
vt 0.40283203125 0.0880126953125
vt 0.7890625 0.1676025390625
vt 0.91943359375 0.9254150390625
vt 0.588623046875 0.9515380859375
vt 0.88720703125 0.307861328125
vt 0.424560546875 0.07501220703125
vt 0.53509521484375 0.03662109375
vt 0.386962890625 0.09429931640625
vt 0.266845703125 0.1826171875
vt 0.951171875 0.31060791015625
vt 0.259521484375 0.1640625
vt 0.2855224609375 0.0283203125
vt 0.90087890625 0.90289306640625
vt 0.2159423828125 0.432861328125
vt 0.40740966796875 0.0977783203125
vt 0.25299072265625 0.16064453125
vt 0.5220947265625 0.59649658203125
vt 0.9693603515625 0.3096923828125
vt 0.87469482421875 0.29730224609375
vt 0.51800537109375 0.047607421875
vt 0.5947265625 0.9552001953125
vt 0.8919677734375 0.30120849609375
vt 0.953369140625 0.303955078125
vt 0.92431640625 0.0704345703125
vt 0.586181640625 0.9652099609375
vt 0.6358642578125 0.9171142578125
vt 0.1580810546875 0.04730224609375
vt 0.51251220703125 0.782470703125
vt 0.192626953125 0.0419921875
vt 0.306396484375 0.57879638671875
vt 0.23748779296875 0.106689453125
vt 0.9686279296875 0.5177001953125
vt 0.99200439453125 0.8892822265625
vt 0.00732421875 0.522705078125
vt 0.9451904296875 0.8533935546875
vt 0.767333984375 0.18505859375
vt 0.9395751953125 0.920654296875
vt 0.57861328125 0.9715576171875
vt 0.6297607421875 0.1773681640625
vt 0.9332275390625 0.30419921875
vt 0.94158935546875 0.3035888671875
vt 0.5072021484375 0.1016845703125
vt 0.5947265625 0.8779296875
vt 0.052001953125 0.87469482421875
vt 0.0726318359375 0.8763427734375
vt 0.2462158203125 0.09820556640625
vt 0.248291015625 0.0833740234375
vt 0.88519287109375 0.303466796875
vt 0.2442626953125 0.4173583984375
vt 0.3106689453125 0.615478515625
vt 0.9183349609375 0.337890625
vt 0.0543212890625 0.8570556640625
vt 0.9373779296875 0.3558349609375
vt 0.0791015625 0.5723876953125
vt 0.37860107421875 0.11248779296875
vt 0.27398681640625 0.67559814453125
vt 0.56787109375 0.17889404296875
vt 0.918701171875 0.332763671875
vt 0.95550537109375 0.3084716796875
vt 0.275390625 0.2315673828125
vt 0.932373046875 0.35870361328125
vt 0.96038818359375 0.3466796875
vt 0.346435546875 0.10498046875
vt 0.79559326171875 0.1436767578125
vt 0.9293212890625 0.0343017578125
vt 0.61871337890625 0.9031982421875
vt 0.53021240234375 0.58740234375
vt 0.876708984375 0.2744140625
vt 0.97369384765625 0.296630859375
vt 0.0556640625 0.84478759765625
vt 0.00640869140625 0.8116455078125
vt 0.42181396484375 0.1002197265625
vt 0.517333984375 0.033203125
vt 0.9351806640625 0.1170654296875
vt 0.492431640625 0.0902099609375
vt 0.90948486328125 0.326171875
vt 0.172119140625 0.03900146484375
vt 0.638427734375 0.96435546875
vt 0.87799072265625 0.27899169921875
vt 0.97601318359375 0.29119873046875
vt 0.3076171875 0.594970703125
vt 0.25830078125 0.40008544921875
vt 0.350830078125 0.10809326171875
vt 0.616455078125 0.901123046875
vt 0.26019287109375 0.399169921875
vt 0.0484619140625 0.8663330078125
vt 0.06689453125 0.8677978515625
vt 0.2479248046875 0.093017578125
vt 0.8604736328125 0.02130126953125
vt 0.87841796875 0.013916015625
vt 0.9202880859375 0.35302734375
vt 0.97039794921875 0.3363037109375
vt 0.267578125 0.22650146484375
vt 0.0582275390625 0.832275390625
vt 0.5997314453125 0.17608642578125
vt 0.600830078125 0.8843994140625
vt 0.57550048828125 0.1788330078125
vt 0.059814453125 0.8790283203125
vt 0.07159423828125 0.883056640625
vt 0.98095703125 0.11468505859375
vt 0.067138671875 0.8743896484375
vt 0.24688720703125 0.0853271484375
vt 0.3084716796875 0.6102294921875
vt 0.4849853515625 0.088623046875
vt 0.4915771484375 0.1002197265625
vt 0.90509033203125 0.3184814453125
vt 0.2659912109375 0.67608642578125
vt 0.26800537109375 0.3778076171875
vt 0.36761474609375 0.11309814453125
vt 0.0548095703125 0.83056640625
vt 0.598388671875 0.1781005859375
vt 0.8662109375 0.01019287109375
vt 0.9566650390625 0.3480224609375
vt 0.06982421875 0.868896484375
vt 0.247314453125 0.09130859375
vt 0.343017578125 0.1048583984375
vt 0.91619873046875 0.307861328125
vt 0.4757080078125 0.09490966796875
vt 0.4791259765625 0.107177734375
vt 0.9434814453125 0.3585205078125
vt 0.28289794921875 0.25079345703125
vt 0.574462890625 0.975830078125
vt 0.05078125 0.8511962890625
vt 0.04779052734375 0.85101318359375
vt 0.0611572265625 0.85528564453125
vt 0.24853515625 0.20263671875
vt 0.7830810546875 0.000244140625
vt 0.2451171875 0.15771484375
vt 0.892822265625 0.02001953125
vt 0.91009521484375 0.01690673828125
vt 0.065673828125 0.89239501953125
vt 0.96759033203125 0.110107421875
vt 0.182861328125 0.05841064453125
vt 0.2479248046875 0.147705078125
vt 0.05999755859375 0.8148193359375
vt 0.976318359375 0.01568603515625
vt 0.5069580078125 0.09100341796875
vt 0.9085693359375 0.3311767578125
vt 0.919189453125 0.3294677734375
vt 0.4915771484375 0.03851318359375
vt 0.92626953125 0.48028564453125
vt 0.9547119140625 0.5107421875
vt 0.41448974609375 0.102783203125
vt 0.929931640625 0.02630615234375
vt 0.94500732421875 0.114013671875
vt 0.94580078125 0.0943603515625
vt 0.853271484375 0.0296630859375
vt 0.87255859375 0.0015869140625
vt 0.9144287109375 0.3480224609375
vt 0.94329833984375 0.34161376953125
vt 0.96929931640625 0.02398681640625
vt 0.249267578125 0.20556640625
vt 0.43505859375 0.14501953125
vt 0.78570556640625 0.001708984375
vt 0.46038818359375 0.10870361328125
vt 0.05841064453125 0.8116455078125
vt 0.97979736328125 0.017822265625
vt 0.6021728515625 0.9703369140625
vt 0.62640380859375 0.97698974609375
vt 0.9576416015625 0.299560546875
vt 0.47088623046875 0.10400390625
vt 0.942626953125 0.10980224609375
vt 0.41229248046875 0.1075439453125
vt 0.936279296875 0.0296630859375
vt 0.6024169921875 0.95703125
vt 0.890869140625 0.2940673828125
vt 0.612060546875 0.9798583984375
vt 0.94659423828125 0.291259765625
vt 0.34539794921875 0.11480712890625
vt 0.01171875 0.83441162109375
vt 0.41015625 0.1102294921875
vt 0.92340087890625 0.01513671875
vt 0.9366455078125 0.107666015625
vt 0.93896484375 0.0321044921875
vt 0.92889404296875 0.3021240234375
vt 0.06109619140625 0.884521484375
vt 0.97430419921875 0.10040283203125
vt 0.0477294921875 0.91229248046875
vt 0.9447021484375 0.11248779296875
vt 0.9468994140625 0.09381103515625
vt 0.0338134765625 0.5286865234375
vt 0.957763671875 0.0291748046875
vt 0.041259765625 0.5545654296875
vt 0.38909912109375 0.1195068359375
vt 0.77783203125 0.001708984375
vt 0.04345703125 0.8714599609375
vt 0.454345703125 0.11468505859375
vt 0.45550537109375 0.09228515625
vt 0.91571044921875 0.0269775390625
vt 0.01348876953125 0.8258056640625
vt 0.9383544921875 0.11090087890625
vt 0.04638671875 0.8338623046875
vt 0.0606689453125 0.834716796875
vt 0.04071044921875 0.859375
vt 0.2301025390625 0.1846923828125
vt 0.4423828125 0.12298583984375
vt 0.03570556640625 0.871337890625
vt 0.0400390625 0.8548583984375
vt 0.2301025390625 0.161376953125
vt 0.90008544921875 0.0242919921875
vt 0.0338134765625 0.870361328125
vt 0.03948974609375 0.8494873046875
vt 0.232666015625 0.15008544921875
vt 0.9188232421875 0.0137939453125
vt 0.0155029296875 0.84320068359375
vt 0.0338134765625 0.5504150390625
vt 0.4056396484375 0.114501953125
vt 0.0513916015625 0.8323974609375
vt 0.0303955078125 0.853271484375
vt 0.23486328125 0.175537109375
vt 0.453857421875 0.7991943359375
vt 0.04296875 0.8115234375
vt 0.48980712890625 0.02740478515625
vt 0.933837890625 0.5084228515625
vt 0.48583984375 0.09759521484375
vt 0.8773193359375 0.09429931640625
vt 0.5938720703125 0.1610107421875
vt 0.8978271484375 0.0098876953125
vt 0.0299072265625 0.53948974609375
vt 0.92950439453125 0.01470947265625
vt 0.9420166015625 0.030029296875
vt 0.605712890625 0.9140625
vt 0.0496826171875 0.8115234375
vt 0.061767578125 0.8145751953125
vt 0.9739990234375 0.0152587890625
vt 0.97930908203125 0.021484375
vt 0.6083984375 0.9688720703125
vt 0.90179443359375 0.2872314453125
vt 0.26141357421875 0.24169921875
vt 0.59588623046875 0.15301513671875
vt 0.60400390625 0.99468994140625
vt 0.9339599609375 0.2930908203125
vt 0.4666748046875 0.1005859375
vt 0.0361328125 0.82989501953125
vt 0.215576171875 0.1375732421875
vt 0.9278564453125 0.518310546875
vt 0.95709228515625 0.921875
vt 0.223388671875 0.0203857421875
vt 0.52801513671875 0.0953369140625
vt 0.6015625 0.9229736328125
vt 0.59381103515625 0.982177734375
vt 0.4862060546875 0.8125
vt 0.0291748046875 0.8687744140625
vt 0.91510009765625 0.007080078125
vt 0.2373046875 0.1629638671875
vt 0.739990234375 0.1787109375
vt 0.956787109375 0.94549560546875
vt 0.927001953125 0.02239990234375
vt 0.9493408203125 0.1015625
vt 0.8890380859375 0.99969482421875
vt 0.9603271484375 0.013916015625
vt 0.96551513671875 0.029541015625
vt 0.4522705078125 0.10650634765625
vt 0.92230224609375 0.8985595703125
vt 0.2490234375 0.26580810546875
vt 0.3428955078125 0.1168212890625
vt 0.91680908203125 0.29296875
vt 0.9034423828125 0.9945068359375
vt 0.9464111328125 0.0272216796875
vt 0.2314453125 0.39111328125
vt 0.92950439453125 0.019775390625
vt 0.94439697265625 0.1041259765625
vt 0.0306396484375 0.864990234375
vt 0.4329833984375 0.09381103515625
vt 0.8973388671875 0.0286865234375
vt 0.91558837890625 0.00006103515625
vt 0.2830810546875 0.59979248046875
vt 0.2642822265625 0.2435302734375
vt 0.5706787109375 0.1451416015625
vt 0.601806640625 0.1375732421875
vt 0.00738525390625 0.85589599609375
vt 0.05078125 0.551025390625
vt 0.434814453125 0.1153564453125
vt 0.58056640625 0.90618896484375
vt 0.01708984375 0.847900390625
vt 0.0255126953125 0.546142578125
vt 0.044677734375 0.5498046875
vt 0.9129638671875 1
vt 0.9403076171875 0.01318359375
vt 0.95928955078125 0.04638671875
vt 0.25640869140625 0.25469970703125
vt 0.34210205078125 0.1341552734375
vt 0.62298583984375 0.1224365234375
vt 0.9395751953125 0.8914794921875
vt 0.7191162109375 0.138427734375
vt 0.90185546875 0.1129150390625
vt 0.9776611328125 0.07659912109375
vt 0.1566162109375 0.028076171875
vt 0.5115966796875 0.759765625
vt 0.98260498046875 0.9171142578125
vt 0.9892578125 0.5126953125
vt 0.7322998046875 0.147705078125
vt 0.243408203125 0.03021240234375
vt 0.91949462890625 0.8604736328125
vt 0.594482421875 0.13299560546875
vt 0.1934814453125 0.41680908203125
vt 0.2745361328125 0.5819091796875
vt 0.619384765625 0.95928955078125
vt 0.6226806640625 0.114013671875
vt 0.46490478515625 0.0423583984375
vt 0.726318359375 0.194091796875
vt 0.95819091796875 0.4500732421875
vt 0.971435546875 0.96240234375
vt 0.89581298828125 0.1075439453125
vt 0.96630859375 0.078125
vt 0.943603515625 0.066162109375
vt 0.5911865234375 0.928955078125
vt 0.50311279296875 0.0587158203125
vt 0.732177734375 0.1708984375
vt 0.8919677734375 0.0780029296875
vt 0.94287109375 0.08758544921875
vt 0.084716796875 0.5645751953125
vt 0.21881103515625 0.2822265625
vt 0.375 0.12359619140625
vt 0.4166259765625 0.11468505859375
vt 0.25799560546875 0.26904296875
vt 0.5989990234375 0.9981689453125
vt 0.9295654296875 0.289794921875
vt 0.592529296875 0.13140869140625
vt 0.26470947265625 0.2606201171875
vt 0.590576171875 0.9881591796875
vt 0.5587158203125 0.11968994140625
vt 0.5616455078125 0.9185791015625
vt 0.2064208984375 0.3707275390625
vt 0.277587890625 0.62841796875
vt 0.58660888671875 0.939697265625
vt 0.59033203125 0.1153564453125
vt 0.19940185546875 0.388671875
vt 0.26849365234375 0.604736328125
vt 0.5650634765625 0.1168212890625
vt 0.56610107421875 0.9259033203125
vt 0.18328857421875 0.0257568359375
vt 0.584228515625 0.9410400390625
vt 0.58770751953125 0.1158447265625
vt 0.95098876953125 0.9102783203125
vt 0.47430419921875 0.774658203125
vt 0.144287109375 0.010498046875
vt 0.46435546875 0.05230712890625
vt 0.49755859375 0.733642578125
vt 0.714111328125 0.198974609375
vt 0.45819091796875 0.76220703125
vt 0.69879150390625 0.146484375
vt 0.771484375 0.16229248046875
vt 0.7569580078125 0.1351318359375
vt 0.95819091796875 0.8941650390625
vt 0.23699951171875 0.26971435546875
vt 0.35302734375 0.130126953125
vt 0.244873046875 0.2359619140625
vt 0.41259765625 0.16009521484375
vt 0.97265625 0.8955078125
vt 0.97650146484375 0.49859619140625
vt 0.180419921875 0.0089111328125
vt 0.4903564453125 0.073974609375
vt 0.9613037109375 0.4705810546875
vt 0.9552001953125 0.4874267578125
vt 0.76953125 0.1494140625
vt 0.45379638671875 0.74261474609375
vt 0.70709228515625 0.1700439453125
vt 0.7435302734375 0.11761474609375
vt 0.9674072265625 0.05938720703125
vt 0.236572265625 0.2528076171875
vt 0.39892578125 0.146240234375
vt 0.98370361328125 0.94171142578125
vt 0.99993896484375 0.473876953125
vt 0.9903564453125 0.9495849609375
vt 0.9920654296875 0.4622802734375
vt 0.4896240234375 0.7596435546875
vt 0.9765625 0.48193359375
vt 0.74688720703125 0.1627197265625
vt 0.075927734375 0.596923828125
vt 0.5413818359375 0.5672607421875
vt 0.70599365234375 0.6790771484375
vt 0.9814453125 0.5535888671875
vt 0.2706298828125 0.813720703125
vt 0.6572265625 0.726318359375
vt 0.987060546875 0.55560302734375
vt 0.78399658203125 0.345703125
vt 0.85986328125 0.7999267578125
vt 0.4149169921875 0.3577880859375
vt 0.56610107421875 0.6724853515625
vt 0.8037109375 0.6795654296875
vt 0.5421142578125 0.6939697265625
vt 0.81396484375 0.369140625
vt 0.869384765625 0.766845703125
vt 0.142578125 0.667724609375
vt 0.946533203125 0.23370361328125
vt 0.1253662109375 0.2861328125
vt 0.13800048828125 0.99609375
vt 0.765625 0.34478759765625
vt 0.51910400390625 0.891845703125
vt 0.5692138671875 0.57763671875
vt 0.69140625 0.68780517578125
vt 0.1309814453125 0.9990234375
vt 0.77520751953125 0.3450927734375
vt 0.8564453125 0.806884765625
vt 0.4012451171875 0.3931884765625
vt 0.4144287109375 0.3302001953125
vt 0.49481201171875 0.624755859375
vt 0.86248779296875 0.6600341796875
vt 0.83648681640625 0.47589111328125
vt 0.8055419921875 0.47412109375
vt 0.94610595703125 0.19940185546875
vt 0.404541015625 0.3875732421875
vt 0.432373046875 0.74029541015625
vt 0.1971435546875 0.36370849609375
vt 0.51629638671875 0.88623046875
vt 0.570068359375 0.6689453125
vt 0.94610595703125 0.25408935546875
vt 0.2135009765625 0.97802734375
vt 0.68389892578125 0.3653564453125
vt 0.143310546875 0.63470458984375
vt 0.49688720703125 0.62060546875
vt 0.85430908203125 0.663330078125
vt 0.87158203125 0.6466064453125
vt 0.1427001953125 0.55889892578125
vt 0.669189453125 0.369384765625
vt 0.394287109375 0.39453125
vt 0.2843017578125 0.805419921875
vt 0.9447021484375 0.28173828125
vt 0.21051025390625 0.3369140625
vt 0.94329833984375 0.1419677734375
vt 0.19873046875 0.354736328125
vt 0.948974609375 0.1221923828125
vt 0.145263671875 0.582275390625
vt 0.41552734375 0.291015625
vt 0.12109375 0.2991943359375
vt 0.39080810546875 0.8231201171875
vt 0.73199462890625 0.4642333984375
vt 0.1507568359375 0.24560546875
vt 0.545166015625 0.36041259765625
vt 0.72808837890625 0.465087890625
vt 0.86309814453125 0.7222900390625
vt 0.7618408203125 0.66729736328125
vt 0.203125 0.87469482421875
vt 0.8345947265625 0.6676025390625
vt 0.14990234375 0.24749755859375
vt 0.4132080078125 0.31939697265625
vt 0.8582763671875 0.65740966796875
vt 0.3953857421875 0.390380859375
vt 0.745361328125 0.6702880859375
vt 0.1141357421875 0.31329345703125
vt 0.20751953125 0.9796142578125
vt 0.6915283203125 0.36700439453125
vt 0.5325927734375 0.5733642578125
vt 0.7130126953125 0.6683349609375
vt 0.19989013671875 0.3663330078125
vt 0.55108642578125 0.947509765625
vt 0.1629638671875 0.9859619140625
vt 0.73828125 0.3538818359375
vt 0.715087890625 0.6683349609375
vt 0.528076171875 0.9144287109375
vt 0.0093994140625 0.73028564453125
vt 0.0902099609375 0.3175048828125
vt 0.5106201171875 0.7177734375
vt 0.41448974609375 0.300537109375
vt 0.778564453125 0.4766845703125
vt 0.1502685546875 0.71142578125
vt 0.136962890625 0.2750244140625
vt 0.017578125 0.7156982421875
vt 0.0792236328125 0.320556640625
vt 0.4139404296875 0.29888916015625
vt 0.39013671875 0.85198974609375
vt 0.763916015625 0.4739990234375
vt 0.274658203125 0.79248046875
vt 0.82611083984375 0.668212890625
vt 0.1422119140625 0.2677001953125
vt 0.0880126953125 0.1278076171875
vt 0.5235595703125 0.71380615234375
vt 0.06549072265625 0.325927734375
vt 0.249267578125 0.75421142578125
vt 0.0626220703125 0.328369140625
vt 0.2294921875 0.88958740234375
vt 0.6697998046875 0.5943603515625
vt 0.039794921875 0.6004638671875
vt 0.86328125 0.6856689453125
vt 0.0394287109375 0.5950927734375
vt 0.9730224609375 0.55059814453125
vt 0.0657958984375 0.9317626953125
vt 0.6270751953125 0.05950927734375
vt 0.72589111328125 0.998779296875
vt 0.8682861328125 0.50189208984375
vt 0.012939453125 0.2674560546875
vt 0.1129150390625 0.498779296875
vt 0.8775634765625 0.74462890625
vt 0.59979248046875 0.06658935546875
vt 0.730712890625 0.4736328125
vt 0.56396484375 0.3521728515625
vt 0.707275390625 0.46539306640625
vt 0.107177734375 0.3782958984375
vt 0.390625 0.908203125
vt 0.477294921875 0.96826171875
vt 0.0938720703125 0.85211181640625
vt 0.661376953125 0.28070068359375
vt 0.5333251953125 0.71490478515625
vt 0.3936767578125 0.865478515625
vt 0.40411376953125 0.32879638671875
vt 0.511962890625 0.894287109375
vt 0.55230712890625 0.6015625
vt 0.7105712890625 0.65789794921875
vt 0.1201171875 0.318603515625
vt 0.318603515625 0.42822265625
vt 0.87353515625 0.7288818359375
vt 0.1729736328125 0.229736328125
vt 0.7266845703125 0.47711181640625
vt 0.079345703125 0.130859375
vt 0.035400390625 0.58770751953125
vt 0.867919921875 0.6944580078125
vt 0.922607421875 0.95550537109375
vt 0.71240234375 0.65631103515625
vt 0.2449951171875 0.73431396484375
vt 0.86962890625 0.7061767578125
vt 0.3956298828125 0.8525390625
vt 0.08349609375 0.3258056640625
vt 0.49853515625 0.7266845703125
vt 0.84271240234375 0.88128662109375
vt 0.159912109375 0.732177734375
vt 0.894775390625 0.8836669921875
vt 0.1295166015625 0.30499267578125
vt 0.847900390625 0.497802734375
vt 0.123291015625 0.3179931640625
vt 0.1578369140625 0.253173828125
vt 0.1080322265625 0.0950927734375
vt 0.58709716796875 0.0460205078125
vt 0.399169921875 0.36871337890625
vt 0.096923828125 0.3270263671875
vt 0.5172119140625 0.72314453125
vt 0.8917236328125 0.7442626953125
vt 0.82598876953125 0.490234375
vt 0.40380859375 0.2974853515625
vt 0.09259033203125 0.11248779296875
vt 0.0574951171875 0.6021728515625
vt 0.1474609375 0.27789306640625
vt 0.77099609375 0.490478515625
vt 0.171630859375 0.8560791015625
vt 0.39898681640625 0.82269287109375
vt 0.3970947265625 0.853759765625
vt 0.016357421875 0.19049072265625
vt 0.068359375 0.15618896484375
vt 0.8594970703125 0.00146484375
vt 0.1378173828125 0.2930908203125
vt 0.023681640625 0.224609375
vt 0.540283203125 0.725830078125
vt 0.047119140625 0.33349609375
vt 0.157958984375 0.6346435546875
vt 0.11962890625 0.3546142578125
vt 0.4937744140625 0.98529052734375
vt 0.79931640625 0.4913330078125
vt 0.1004638671875 0.3306884765625
vt 0.52398681640625 0.72479248046875
vt 0.1285400390625 0.3443603515625
vt 0.50439453125 0.99139404296875
vt 0.62921142578125 0.3082275390625
vt 0.12579345703125 0.347900390625
vt 0.50048828125 0.990478515625
vt 0.1021728515625 0.32861328125
vt 0.52520751953125 0.72265625
vt 0.13330078125 0.3392333984375
vt 0.21759033203125 0.62353515625
vt 0.511474609375 0.99462890625
vt 0.206787109375 0.8662109375
vt 0.579833984375 0.600341796875
vt 0.6715087890625 0.64208984375
vt 0.929931640625 0.19970703125
vt 0.721923828125 0.8826904296875
vt 0.0152587890625 0.24420166015625
vt 0.1038818359375 0.48651123046875
vt 0.626220703125 0.313232421875
vt 0.71160888671875 0.8836669921875
vt 0.8800048828125 0.7249755859375
vt 0.881103515625 0.728759765625
vt 0.40020751953125 0.835693359375
vt 0.92620849609375 0.62298583984375
vt 0.21270751953125 0.8673095703125
vt 0.19219970703125 0.85888671875
vt 0.75909423828125 0.64697265625
vt 0.400390625 0.81939697265625
vt 0.92950439453125 0.584716796875
vt 0.032958984375 0.3475341796875
vt 0.40069580078125 0.29510498046875
vt 0.244140625 0.7100830078125
vt 0.8067626953125 0.88330078125
vt 0.793212890625 0.65380859375
vt 0.40087890625 0.8218994140625
vt 0.23028564453125 0.878662109375
vt 0.07763671875 0.6146240234375
vt 0.40399169921875 0.796142578125
vt 0.158935546875 0.666259765625
vt 0.0477294921875 0.6082763671875
vt 0.2088623046875 0.86480712890625
vt 0.3973388671875 0.2642822265625
vt 0.4044189453125 0.744873046875
vt 0.0556640625 0.33984375
vt 0.9736328125 0.564208984375
vt 0.2596435546875 0.82611083984375
vt 0.3956298828125 0.352294921875
vt 0.546630859375 0.71490478515625
vt 0.5032958984375 0.88720703125
vt 0.5802001953125 0.677490234375
vt 0.261962890625 0.812744140625
vt 0.984375 0.56610107421875
vt 0.1202392578125 0.5299072265625
vt 0.2515869140625 0.889404296875
vt 0.6494140625 0.61468505859375
vt 0.2679443359375 0.83270263671875
vt 0.022216796875 0.934814453125
vt 0.0875244140625 0.614501953125
vt 0.3787841796875 0.225341796875
vt 0.40740966796875 0.7752685546875
vt 0.7210693359375 0.487060546875
vt 0.88848876953125 0.75750732421875
vt 0.9288330078125 0.234375
vt 0.0750732421875 0.938720703125
vt 0.12188720703125 0.07611083984375
vt 0.6170654296875 0.04949951171875
vt 0.00311279296875 0.64678955078125
vt 0.0538330078125 0.08758544921875
vt 0.5703125 0.6923828125
vt 0.89208984375 0.7952880859375
vt 0.28448486328125 0.83935546875
vt 0.6414794921875 0.326904296875
vt 0.6727294921875 0.7005615234375
vt 0.92779541015625 0.27520751953125
vt 0.1199951171875 0.98486328125
vt 0.8731689453125 0.81890869140625
vt 0.2100830078125 0.2000732421875
vt 0.9566650390625 0.535888671875
vt 0.015380859375 0.209716796875
vt 0.02490234375 0.3519287109375
vt 0.1207275390625 0.5347900390625
vt 0.0792236328125 0.33209228515625
vt 0.1351318359375 0.309326171875
vt 0.6314697265625 0.6121826171875
vt 0.74853515625 0.88629150390625
vt 0.22979736328125 0.6497802734375
vt 0.2130126953125 0.352783203125
vt 0.5419921875 0.97149658203125
vt 0.9200439453125 0.12188720703125
vt 0.16680908203125 0.2547607421875
vt 0.160888671875 0.55731201171875
vt 0.221435546875 0.9549560546875
vt 0.6663818359375 0.38079833984375
vt 0.8143310546875 0.65069580078125
vt 0.3912353515625 0.32769775390625
vt 0.39129638671875 0.37255859375
vt 0.5015869140625 0.89013671875
vt 0.726318359375 0.4913330078125
vt 0.1370849609375 0.30859375
vt 0.0875244140625 0.3310546875
vt 0.50738525390625 0.72821044921875
vt 0.2862548828125 0.781005859375
vt 0.920654296875 0.2852783203125
vt 0.12255859375 0.9820556640625
vt 0.8846435546875 0.80999755859375
vt 0.7576904296875 0.49639892578125
vt 0.5789794921875 0.6866455078125
vt 0.1671142578125 0.2568359375
vt 0.88232421875 0.7127685546875
vt 0.0302734375 0.589111328125
vt 0.8759765625 0.695068359375
vt 0.2120361328125 0.360595703125
vt 0.5374755859375 0.960693359375
vt 0.2073974609375 0.959228515625
vt 0.21728515625 0.8582763671875
vt 0.406005859375 0.823974609375
vt 0.3739013671875 0.3919677734375
vt 0.239013671875 0.86962890625
vt 0.534423828125 0.7332763671875
vt 0.70947265625 0.63641357421875
vt 0.712158203125 0.6370849609375
vt 0.4892578125 0.96661376953125
vt 0.16571044921875 0.5811767578125
vt 0.9227294921875 0.14569091796875
vt 0.6007080078125 0.318603515625
vt 0.635986328125 0.7064208984375
vt 0.6778564453125 0.4754638671875
vt 0.41552734375 0.7940673828125
vt 0.9342041015625 0.5654296875
vt 0.955322265625 0.55560302734375
vt 0.26190185546875 0.8431396484375
vt 0.687255859375 0.6688232421875
vt 0.10980224609375 0.520263671875
vt 0.0445556640625 0.94281005859375
vt 0.13818359375 0.8353271484375
vt 0.81768798828125 0.5047607421875
vt 0.0313720703125 0.60650634765625
vt 0.8790283203125 0.6851806640625
vt 0.4049072265625 0.884521484375
vt 0.17498779296875 0.6346435546875
vt 0.80718994140625 0.90350341796875
vt 0.07373046875 0.3392333984375
vt 0.80499267578125 0.89739990234375
vt 0.0506591796875 0.3477783203125
vt 0.088623046875 0.33428955078125
vt 0.51220703125 0.7349853515625
vt 0.2606201171875 0.703125
vt 0.9119873046875 0.2000732421875
vt 0.0582275390625 0.617431640625
vt 0.9390869140625 0.5885009765625
vt 0.2100830078125 0.8529052734375
vt 0.4996337890625 0.8978271484375
vt 0.0830078125 0.3380126953125
vt 0.7432861328125 0.637939453125
vt 0.12908935546875 0.9749755859375
vt 0.0457763671875 0.11138916015625
vt 0.58154296875 0.7025146484375
vt 0.90838623046875 0.81500244140625
vt 0.00421142578125 0.22430419921875
vt 0.09478759765625 0.4677734375
vt 0.84698486328125 0.6356201171875
vt 0.408203125 0.8201904296875
vt 0.938232421875 0.58929443359375
vt 0.0057373046875 0.21240234375
vt 0.04229736328125 0.134765625
vt 0.0919189453125 0.45556640625
vt 0.14190673828125 0.31280517578125
vt 0.2159423828125 0.854736328125
vt 0.21728515625 0.9268798828125
vt 0.603515625 0.30889892578125
vt 0.7230224609375 0.90020751953125
vt 0.7584228515625 0.628173828125
vt 0.23541259765625 0.618408203125
vt 0.5205078125 0.984375
vt 0.3834228515625 0.26568603515625
vt 0.14349365234375 0.3116455078125
vt 0.095458984375 0.4959716796875
vt 0.7669677734375 0.5120849609375
vt 0.57598876953125 0.622314453125
vt 0.68310546875 0.6202392578125
vt 0.0472412109375 0.61767578125
vt 0.0849609375 0.3406982421875
vt 0.5220947265625 0.7830810546875
vt 0.2017822265625 0.956787109375
vt 0.5328369140625 0.9578857421875
vt 0.89190673828125 0.6937255859375
vt 0.4903564453125 0.88140869140625
vt 0.5902099609375 0.6812744140625
vt 0.1085205078125 0.98040771484375
vt 0.878662109375 0.8228759765625
vt 0.40740966796875 0.8575439453125
vt 0.93408203125 0.6329345703125
vt 0.1749267578125 0.842041015625
vt 0.51220703125 0.9783935546875
vt 0.24029541015625 0.83270263671875
vt 0.2059326171875 0.9246826171875
vt 0.610107421875 0.3055419921875
vt 0.1767578125 0.5545654296875
vt 0.2164306640625 0.93896484375
vt 0.72412109375 0.91448974609375
vt 0.1982421875 0.843994140625
vt 0.26031494140625 0.620361328125
vt 0.53009033203125 0.97711181640625
vt 0.0894775390625 0.0997314453125
vt 0.406982421875 0.84423828125
vt 0.936767578125 0.6248779296875
vt 0.5091552734375 0.9241943359375
vt 0.185791015625 0.84619140625
vt 0.961181640625 0.578369140625
vt 0.41119384765625 0.8240966796875
vt 0.15673828125 0.96258544921875
vt 0.4075927734375 0.9151611328125
vt 0.480712890625 0.950439453125
vt 0.091064453125 0.8326416015625
vt 0.15948486328125 0.913330078125
vt 0.639404296875 0.2735595703125
vt 0.495361328125 0.90850830078125
vt 0.24310302734375 0.2086181640625
vt 0.33709716796875 0.22119140625
vt 0.424072265625 0.7730712890625
vt 0.939697265625 0.5457763671875
vt 0.2667236328125 0.86749267578125
vt 0.64453125 0.6517333984375
vt 0.1787109375 0.2607421875
vt 0.625244140625 0.742431640625
vt 0.7178955078125 0.50830078125
vt 0.50146484375 0.96826171875
vt 0.1910400390625 0.92059326171875
vt 0.6141357421875 0.2933349609375
vt 0.508544921875 0.9775390625
vt 0.29290771484375 0.728759765625
vt 0.9150390625 0.23431396484375
vt 0.2030029296875 0.92230224609375
vt 0.6094970703125 0.30230712890625
vt 0.1746826171875 0.665283203125
vt 0.838623046875 0.9215087890625
vt 0.135009765625 0.96160888671875
vt 0.0401611328125 0.4537353515625
vt 0.05340576171875 0.1260986328125
vt 0.085693359375 0.4432373046875
vt 0.177734375 0.2620849609375
vt 0.7213134765625 0.5078125
vt 0.61480712890625 0.69500732421875
vt 0.6785888671875 0.52801513671875
vt 0.9376220703125 0.6343994140625
vt 0.3836669921875 0.291015625
vt 0.1090087890625 0.976806640625
vt 0.2130126953125 0.8465576171875
vt 0.213134765625 0.2374267578125
vt 0.0360107421875 0.6177978515625
vt 0.892578125 0.6805419921875
vt 0.305419921875 0.756591796875
vt 0.91259765625 0.2608642578125
vt 0.522216796875 0.9683837890625
vt 0.0750732421875 0.34979248046875
vt 0.48828125 0.884033203125
vt 0.71240234375 0.62060546875
vt 0.38360595703125 0.294677734375
vt 0.7559814453125 0.61761474609375
vt 0.37158203125 0.32501220703125
vt 0.177490234375 0.693359375
vt 0.866943359375 0.921142578125
vt 0.9432373046875 0.557861328125
vt 0.048828125 0.4461669921875
vt 0.05230712890625 0.1187744140625
vt 0.2496337890625 0.64300537109375
vt 0.5357666015625 0.998779296875
vt 0.763427734375 0.5247802734375
vt 0.1676025390625 0.2891845703125
vt 0.3076171875 0.3331298828125
vt 0.75 0.9033203125
vt 0.08648681640625 0.980712890625
vt 0.4774169921875 0.869873046875
vt 0.59710693359375 0.6932373046875
vt 0.88818359375 0.8406982421875
vt 0.561279296875 0.73748779296875
vt 0.91748046875 0.75628662109375
vt 0.71649169921875 0.5191650390625
vt 0.0986328125 0.51129150390625
vt 0.71319580078125 0.6134033203125
vt 0.4951171875 0.921875
vt 0.8428955078125 0.62298583984375
vt 0.7193603515625 0.5172119140625
vt 0.1702880859375 0.28289794921875
vt 0.75421142578125 0.51708984375
vt 0.20220947265625 0.9393310546875
vt 0.0582275390625 0.94989013671875
vt 0.3787841796875 0.3153076171875
vt 0.1829833984375 0.57940673828125
vt 0.75146484375 0.9168701171875
vt 0.260986328125 0.6429443359375
vt 0.5438232421875 0.992431640625
vt 0.9034423828125 0.14404296875
vt 0.74359130859375 0.62255859375
vt 0.79248046875 0.6243896484375
vt 0.4163818359375 0.826904296875
vt 0.359130859375 0.25750732421875
vt 0.4267578125 0.7503662109375
vt 0.36767578125 0.380615234375
vt 0.3731689453125 0.3468017578125
vt 0.8372802734375 0.90240478515625
vt 0.0867919921875 0.0885009765625
vt 0.840087890625 0.6240234375
vt 0.2750244140625 0.734375
vt 0.2904052734375 0.7578125
vt 0.8646240234375 0.90771484375
vt 0.81005859375 0.62750244140625
vt 0.21099853515625 0.83935546875
vt 0.53369140625 0.7457275390625
vt 0.14801025390625 0.94879150390625
vt 0.8162841796875 0.6322021484375
vt 0.20269775390625 0.8360595703125
vt 0.5194091796875 0.96661376953125
vt 0.17889404296875 0.82861328125
vt 0.489013671875 0.9097900390625
vt 0.2464599609375 0.80950927734375
vt 0.9833984375 0.581298828125
vt 0.3731689453125 0.36468505859375
vt 0.41680908203125 0.8338623046875
vt 0.94500732421875 0.61260986328125
vt 0.2158203125 0.8389892578125
vt 0.1878662109375 0.2677001953125
vt 0.909423828125 0.725830078125
vt 0.3726806640625 0.2918701171875
vt 0.23486328125 0.84600830078125
vt 0.1884765625 0.939208984375
vt 0.9483642578125 0.59588623046875
vt 0.41748046875 0.8265380859375
vt 0.0870361328125 0.97601318359375
vt 0.47607421875 0.8731689453125
vt 0.90179443359375 0.71649169921875
vt 0.9503173828125 0.57958984375
vt 0.20989990234375 0.831787109375
vt 0.9517822265625 0.5863037109375
vt 0.227294921875 0.83880615234375
vt 0.843505859375 0.52508544921875
vt 0.9498291015625 0.60430908203125
vt 0.913330078125 0.7791748046875
vt 0.79339599609375 0.524658203125
vt 0.107666015625 0.32879638671875
vt 0.5250244140625 0.7508544921875
vt 0.1600341796875 0.30499267578125
vt 0.30999755859375 0.353271484375
vt 0.1129150390625 0.968994140625
vt 0.2142333984375 0.8389892578125
vt 0.145263671875 0.3319091796875
vt 0.3040771484375 0.3924560546875
vt 0.15411376953125 0.3175048828125
vt 0.30609130859375 0.369384765625
vt 0.41839599609375 0.82470703125
vt 0.9468994140625 0.59649658203125
vt 0.8133544921875 0.5255126953125
vt 0.020263671875 0.6456298828125
vt 0.5770263671875 0.72119140625
vt 0.49029541015625 0.9219970703125
vt 0.839599609375 0.5262451171875
vt 0.41790771484375 0.83349609375
vt 0.947265625 0.61279296875
vt 0.1942138671875 0.269287109375
vt 0.611572265625 0.66778564453125
vt 0.675537109375 0.55828857421875
vt 0.81201171875 0.6181640625
vt 0.201904296875 0.83331298828125
vt 0.1533203125 0.3193359375
vt 0.3057861328125 0.3726806640625
vt 0.8157958984375 0.5245361328125
vt 0.7105712890625 0.59649658203125
vt 0.48431396484375 0.891357421875
vt 0.238525390625 0.8056640625
vt 0.9818115234375 0.5882568359375
vt 0.11199951171875 0.9664306640625
vt 0.05938720703125 0.35589599609375
vt 0.0745849609375 0.1094970703125
vt 0.046142578125 0.6279296875
vt 0.8876953125 0.66119384765625
vt 0.775634765625 0.60400390625
vt 0.15631103515625 0.9366455078125
vt 0.41949462890625 0.8326416015625
vt 0.9483642578125 0.606201171875
vt 0.4923095703125 0.93670654296875
vt 0.21771240234375 0.83221435546875
vt 0.205810546875 0.8289794921875
vt 0.95269775390625 0.596923828125
vt 0.364501953125 0.361083984375
vt 0.7127685546875 0.59423828125
vt 0.2122802734375 0.827880859375
vt 0.228515625 0.2525634765625
vt 0.34429931640625 0.257568359375
vt 0.313720703125 0.3677978515625
vt 0.4793701171875 0.88751220703125
vt 0.20770263671875 0.8240966796875
vt 0.9547119140625 0.602294921875
vt 0.35919189453125 0.290771484375
vt 0.749267578125 0.53460693359375
vt 0.9564208984375 0.60986328125
vt 0.57611083984375 0.66351318359375
vt 0.6976318359375 0.5799560546875
vt 0.7169189453125 0.540283203125
vt 0.945068359375 0.6331787109375
vt 0.1275634765625 0.94781494140625
vt 0.1492919921875 0.8067626953125
vt 0.1025390625 0.9674072265625
vt 0.54888916015625 0.74755859375
vt 0.418212890625 0.95166015625
vt 0.42559814453125 0.885986328125
vt 0.9447021484375 0.6571044921875
vt 0.914306640625 0.7393798828125
vt 0.422119140625 0.83319091796875
vt 0.95208740234375 0.6102294921875
vt 0.7191162109375 0.54119873046875
vt 0.31494140625 0.36962890625
vt 0.480224609375 0.9144287109375
vt 0.18701171875 0.3118896484375
vt 0.3409423828125 0.32501220703125
vt 0.81591796875 0.5445556640625
vt 0.918212890625 0.7081298828125
vt 0.76300048828125 0.5703125
vt 0.8150634765625 0.6070556640625
vt 0.2254638671875 0.8101806640625
vt 0.0870361328125 0.079345703125
vt 0.81280517578125 0.605224609375
vt 0.100341796875 0.3582763671875
vt 0.53466796875 0.7598876953125
vt 0.8131103515625 0.552490234375
vt 0.83709716796875 0.60418701171875
vt 0.7138671875 0.580810546875
vt 0.2135009765625 0.7974853515625
vt 0.98291015625 0.61376953125
vt 0.22698974609375 0.802001953125
vt 0.97918701171875 0.5980224609375
vt 0.847412109375 0.5538330078125
vt 0.754638671875 0.5859375
vt 0.0155029296875 0.625244140625
vt 0.022216796875 0.1097412109375
vt 0.9326171875 0.805419921875
vt 0.8428955078125 0.5501708984375
vt 0.349609375 0.322265625
vt 0.08270263671875 0.47430419921875
vt 0.0858154296875 0.9664306640625
vt 0.4674072265625 0.876708984375
vt 0.078857421875 0.96661376953125
vt 0.09271240234375 0.0517578125
vt 0.2816162109375 0.9820556640625
vt 0.32611083984375 0.3641357421875
vt 0.0159912109375 0.4437255859375
vt 0.082275390625 0.458740234375
vt 0.179443359375 0.82000732421875
vt 0.5660400390625 0.748291015625
vt 0.07879638671875 0.5008544921875
vt 0.71630859375 0.5777587890625
vt 0.085205078125 0.9681396484375
vt 0.46826171875 0.8760986328125
vt 0.9268798828125 0.752197265625
vt 0.1627197265625 0.7789306640625
vt 0.983642578125 0.649658203125
vt 0.20489501953125 0.8138427734375
vt 0.0570068359375 0.09765625
vt 0.0574951171875 0.43060302734375
vt 0.115966796875 0.78900146484375
vt 0.120361328125 0.9049072265625
vt 0.97265625 0.61590576171875
vt 0.44830322265625 0.9334716796875
vt 0.956298828125 0.69140625
vt 0.33349609375 0.3641357421875
vt 0.3336181640625 0.3807373046875
vt 0.9542236328125 0.6326904296875
vt 0.7177734375 0.5643310546875
vt 0.2127685546875 0.2774658203125
vt 0.3411865234375 0.29119873046875
vt 0.81671142578125 0.5711669921875
vt 0.923583984375 0.696044921875
vt 0.842041015625 0.5872802734375
vt 0.9295654296875 0.734375
vt 0.0924072265625 0.3612060546875
vt 0.5321044921875 0.772216796875
vt 0.04400634765625 0.9658203125
vt 0.0675048828125 0.0845947265625
vt 0.0721435546875 0.427978515625
vt 0.081787109375 0.6400146484375
vt 0.12139892578125 0.9354248046875
vt 0.47039794921875 0.9176025390625
vt 0.18280029296875 0.815185546875
vt 0.34619140625 0.34490966796875
vt 0.7877197265625 0.58160400390625
vt 0.9547119140625 0.62811279296875
vt 0.91900634765625 0.6861572265625
vt 0.183837890625 0.80712890625
vt 0.0877685546875 0.53338623046875
vt 0.80999755859375 0.5848388671875
vt 0.4544677734375 0.9151611328125
vt 0.3455810546875 0.3594970703125
vt 0.08551025390625 0.363037109375
vt 0.8382568359375 0.58428955078125
vt 0.34149169921875 0.3753662109375
vt 0.8116455078125 0.5849609375
vt 0.033203125 0.374267578125
vt 0.55999755859375 0.76300048828125
vt 0.5811767578125 0.7440185546875
vt 0.9666748046875 0.628662109375
vt 0.188232421875 0.7998046875
vt 0.9376220703125 0.7659912109375
vt 0.0841064453125 0.9052734375
vt 0.12451171875 0.756591796875
vt 0.4305419921875 0.91009521484375
vt 0.9940185546875 0.687255859375
vt 0.085205078125 0.9371337890625
vt 0.4500732421875 0.892822265625
vt 0.197998046875 0.820556640625
vt 0.954345703125 0.6180419921875
vt 0.1888427734375 0.80108642578125
vt 0.2037353515625 0.2972412109375
vt 0.3397216796875 0.3138427734375
vt 0.746826171875 0.5706787109375
vt 0.19219970703125 0.788330078125
vt 0.98480224609375 0.62799072265625
vt 0.9432373046875 0.77587890625
vt 0.59130859375 0.7393798828125
vt 0.193359375 0.7874755859375
vt 0.98431396484375 0.627197265625
vt 0.049072265625 0.64306640625
vt 0.0660400390625 0.0794677734375
vt 0.0728759765625 0.423583984375
vt 0.2601318359375 0.963623046875
vt 0.01611328125 0.41009521484375
vt 0.02569580078125 0.799072265625
vt 0.073974609375 0.4588623046875
vt 0.93939208984375 0.7344970703125
vt 0.0882568359375 0.51800537109375
vt 0.0516357421875 0.97601318359375
vt 0.3089599609375 0.99200439453125
vt 0.20318603515625 0.79229736328125
vt 0.984130859375 0.619140625
vt 0.06103515625 0.9620361328125
vt 0.09051513671875 0.37139892578125
vt 0.06610107421875 0.3739013671875
vt 0.0433349609375 0.6453857421875
vt 0.9415283203125 0.66619873046875
vt 0.005859375 0.80499267578125
vt 0.07550048828125 0.48199462890625
vt 0.9354248046875 0.7279052734375
vt 0.07391357421875 0.5333251953125
vt 0.02899169921875 0.64581298828125
vt 0.91900634765625 0.67236328125
vt 0.0787353515625 0.365478515625
vt 0.08709716796875 0.068603515625
vt 0.05389404296875 0.3680419921875
vt 0.0665283203125 0.9779052734375
vt 0.2916259765625 0.9820556640625
vt 0.072509765625 0.5191650390625
vt 0.0504150390625 0.6553955078125
vt 0.0400390625 0.3839111328125
vt 0.0772705078125 0.65289306640625
vt 0.0556640625 0.63958740234375
vt 0.01519775390625 0.7877197265625
vt 0.06829833984375 0.50189208984375
vt 0.068115234375 0.0595703125
vt 0.2757568359375 0.966064453125
vt 0.0438232421875 0.42498779296875
vt 0.0357666015625 0.6265869140625
vt 0.602294921875 0.74359130859375
vt 0.96380615234375 0.811767578125
vt 0.0262451171875 0.66162109375
vt 0.94378662109375 0.6934814453125
vt 0.9547119140625 0.78839111328125
vt 0.959716796875 0.80029296875
vt 0.59228515625 0.7548828125
vt 0.0247802734375 0.7867431640625
vt 0.05340576171875 0.38580322265625
vt 0.72314453125 0.125
vt 0.55340576171875 0.773193359375
vt 0.06494140625 0.65740966796875
vt 0.035888671875 0.659423828125
vt 0.9385986328125 0.6810302734375
vt 0.08203125 0.379638671875
vt 0.69891357421875 0.11810302734375
vt 0.0570068359375 0.4197998046875
vt 0.9390869140625 0.7178955078125
vt 0.272705078125 0.95556640625
vt 0.0316162109375 0.4293212890625
vt 0.953125 0.757568359375
vt 0.57989501953125 0.77880859375
vt 0.66900634765625 0.1055908203125
vt 0.943603515625 0.7520751953125
vt 0.025390625 0.42120361328125
vt 0.0697021484375 0.445068359375
vt 0.578369140625 0.7572021484375
vt 0.0982666015625 0.3746337890625
vt 0.54888916015625 0.79296875
vt 0.679443359375 0.1075439453125
vt 0.95770263671875 0.72711181640625
vt 0.95849609375 0.7347412109375
vt 0.03729248046875 0.39239501953125
vt 0.7412109375 0.10931396484375
vt 0.024169921875 0.66839599609375
vt 0.8944091796875 0.3651123046875
vt 0.94378662109375 0.4329833984375
vt 0.9566650390625 0.6993408203125
vt 0.08203125 0.66259765625
vt 0.5989990234375 0.7711181640625
vt 0.9534912109375 0.978759765625
vt 0.252197265625 0.930908203125
vt 0.0423583984375 0.41461181640625
vt 0.24310302734375 0.93798828125
vt 0.619873046875 0.7572021484375
vt 0.9744873046875 0.7940673828125
vt 0.0372314453125 0.78961181640625
vt 0.2392578125 0.921630859375
vt 0.26171875 0.9461669921875
vt 0.968994140625 0.756591796875
vt 0.029296875 0.3935546875
vt 0.0732421875 0.54730224609375
vt 0.89239501953125 0.36810302734375
vt 0.959716796875 0.702880859375
vt 0.0322265625 0.9891357421875
vt 0.0928955078125 0.6602783203125
vt 0.57666015625 0.79168701171875
vt 0.675537109375 0.09869384765625
vt 0.02130126953125 0.9794921875
vt 0.09991455078125 0.6507568359375
vt 0.0216064453125 0.38739013671875
vt 0.0870361328125 0.55511474609375
vt 0.0340576171875 0.66571044921875
vt 0.93170166015625 0.44580078125
vt 0.684326171875 0.10540771484375
vt 0.605712890625 0.7567138671875
vt 0.9241943359375 0.98919677734375
vt 0.994140625 0.8056640625
vt 0.0390625 0.9979248046875
vt 0.08929443359375 0.6685791015625
vt 0.32958984375 0.9644775390625
vt 0.9658203125 0.78070068359375
vt 0.2899169921875 0.9656982421875
vt 0.6072998046875 0.77288818359375
vt 0.94720458984375 0.9754638671875
vt 0.0130615234375 0.77490234375
vt 0.0596923828125 0.513427734375
vt 0.03399658203125 0.39898681640625
vt 0.062255859375 0.548583984375
vt 0.742431640625 0.0955810546875
vt 0.85760498046875 0.3870849609375
vt 0.9788818359375 0.7569580078125
vt 0.969970703125 0.74700927734375
vt 0.6817626953125 0.0919189453125
vt 0.889892578125 0.37811279296875
vt 0.97314453125 0.698486328125
vt 0.8436279296875 0.38690185546875
vt 0.931884765625 0.96649169921875
vt 0.99139404296875 0.77490234375
vt 0.3060302734375 0.9725341796875
vt 0.06060791015625 0.528076171875
vt 0.02734375 0.7733154296875
vt 0.28515625 0.94989013671875
vt 0.8380126953125 0.386962890625
vt 0.93548583984375 0.9696044921875
vt 0.7073974609375 0.10546875
vt 0.029541015625 0.40899658203125
vt 0.0433349609375 0.8070068359375
vt 0.2257080078125 0.933837890625
vt 0.05938720703125 0.4080810546875
vt 0.24029541015625 0.953857421875
vt 0.044921875 0.6734619140625
vt 0.9150390625 0.37249755859375
vt 0.85009765625 0.38970947265625
vt 0.89892578125 0.38128662109375
vt 0.693603515625 0.091796875
vt 0.69287109375 0.10540771484375
vt 0.322021484375 0.95703125
vt 0.05499267578125 0.54290771484375
vt 0.7509765625 0.0860595703125
vt 0.02459716796875 0.67388916015625
vt 0.9090576171875 0.357666015625
vt 0.92236328125 0.4329833984375
vt 0.8568115234375 0.39410400390625
vt 0.99261474609375 0.74609375
vt 0.8192138671875 0.385986328125
vt 0.94873046875 0.9691162109375
vt 0.97869873046875 0.0936279296875
vt 0.326416015625 0.94873046875
vt 0.75140380859375 0.08209228515625
vt 0.7110595703125 0.1016845703125
vt 0.70928955078125 0.0848388671875
vt 0.74371337890625 0.079833984375
vt 0.9171142578125 0.3935546875
vt 0.8707275390625 0.40521240234375
vt 0.3182373046875 0.946533203125
vt 0.8409423828125 0.41510009765625
vt 0.9825439453125 0.08331298828125
vt 0.88079833984375 0.3914794921875
vt 0.9876708984375 0.71630859375
vt 0.677001953125 0.080810546875
vt 0.9927978515625 0.09368896484375
vt 0.03076171875 0.76239013671875
vt 0.770263671875 0.0621337890625
vt 0.3001708984375 0.9327392578125
vt 0.97607421875 0.73486328125
vt 0.593994140625 0.7877197265625
vt 0.65679931640625 0.08538818359375
vt 0.968017578125 0.9744873046875
vt 0.98809814453125 0.1123046875
vt 0.72430419921875 0.082763671875
vt 0.3455810546875 0.95263671875
vt 0.9287109375 0.394287109375
vt 0.2744140625 0.90966796875
vt 0.0592041015625 0.68231201171875
vt 0.3631591796875 0.96923828125
vt 0.92822265625 0.36639404296875
vt 0.71868896484375 0.1026611328125
vt 0.27850341796875 0.9027099609375
vt 0.0469970703125 0.774169921875
vt 0.26031494140625 0.9056396484375
vt 0.03790283203125 0.754638671875
vt 0.27789306640625 0.8917236328125
vt 0.7578125 0.0484619140625
vt 0.297119140625 0.92181396484375
vt 0.27301025390625 0.93109130859375
vt 0.8582763671875 0.41259765625
vt 0.988525390625 0.06781005859375
vt 0.895263671875 0.4310302734375
vt 0.28759765625 0.91339111328125
vt 0.689697265625 0.05810546875
vt 0.8394775390625 0.41668701171875
vt 0.9923095703125 0.0794677734375
vt 0.882080078125 0.41619873046875
vt 0.3076171875 0.9580078125
vt 0.911376953125 0.4525146484375
vt 0.734619140625 0.0531005859375
vt 0.8985595703125 0.4788818359375
vt 0.7041015625 0.049560546875
vt 0.87078857421875 0.45721435546875
vt 0.9039306640625 0.41448974609375
vt 0.00628662109375 0.75537109375
vt 0.046142578125 0.5335693359375
vt 0.766357421875 0.085693359375
vt 0.7030029296875 0.066162109375
vt 0.33837890625 0.9375
vt 0.9188232421875 0.4456787109375
vt 0.73480224609375 0.0648193359375
vt 0.04058837890625 0.7672119140625
vt 0.8416748046875 0.39678955078125
vt 0.9576416015625 0.09033203125
vt 0.686767578125 0.077392578125
vt 0.8902587890625 0.3975830078125
vt 0.904296875 0.440673828125
vt 0.71533203125 0.04510498046875
vt 0.875 0.47430419921875
vt 0.2996826171875 0.9124755859375
vt 0.91510009765625 0.4609375
vt 0.2813720703125 0.8870849609375
vt 0.7437744140625 0.0504150390625
vt 0.9093017578125 0.48419189453125
vt 0.879638671875 0.43939208984375
vt 0.900390625 0.46600341796875
vt 0.6807861328125 0.04010009765625
vt 0.8583984375 0.4259033203125
vt 0.285400390625 0.927490234375
vt 0.7142333984375 0.06396484375
vt 0.366455078125 0.9420166015625
vt 0.9150390625 0.4205322265625
vt 0.051025390625 0.76019287109375
vt 0.2620849609375 0.891845703125
vt 0.30108642578125 0.89471435546875
vt 0.9130859375 0.472412109375
vt 0.7481689453125 0.0616455078125
vt 0.3267822265625 0.922119140625
vt 0.93359375 0.4644775390625
vt 0.8880615234375 0.4541015625
vn -0.06341621317729816 -0.8640459157917987 -0.4994026825215935
vn 0.40242400678722823 0.01578133403869541 -0.9153173593116608
vn 0.40242400678722823 0.01578133403869541 -0.9153173593116608
vn -0.6879243797886319 -0.29256556318952454 0.6642028597710359
vn 0 -0.9974586996025939 0.07124705318188287
vn 0 -0.9974586996025939 0.07124705318188287
vn 0 -0.9974586996025939 0.07124705318188287
vn 0.3087372112149395 0.04749803191840396 -0.9499606683305893
vn 0.3087372112149395 0.04749803191840396 -0.9499606683305893
vn 0.34969128137463823 -0.23842587092992953 -0.9060182734370583
vn -0.6041457782505878 -0.05564500450590613 0.7949286207550521
vn -0.18232161823950882 -0.5707459536211358 -0.800629679656973
vn 0.4755170335515534 0.28531022613020524 -0.8321548087152184
vn 0.21386181247682412 0.9267344857569084 -0.3089115052454446
vn -0.483670218058482 0.483670218058482 0.7294698351039067
vn 0.4122831305074374 0.4757113021233031 -0.7769950947921994
vn 0.4122831305074374 0.4757113021233031 -0.7769950947921994
vn -0.4752335536478626 -0.8554203845747592 0.20593454091335658
vn -0.23856906435295364 -0.4532812042114355 0.8588486196311821
vn -0.1982068001806983 -0.15856544314532636 0.9672492256922489
vn -0.1982068001806983 -0.15856544314532636 0.9672492256922489
vn -0.6014156706202243 0.22157418892169428 0.7675962935919631
vn -0.3470489309548088 -0.8912847124316118 0.2918365996732135
vn 0.5487435240707838 -0.35787623490744874 -0.7555164758487042
vn -0.5559408534329336 -0.5956509573348333 0.5797669398218199
vn -0.5559408534329336 -0.5956509573348333 0.5797669398218199
vn 0.4848911592069771 -0.3815536901701994 -0.7869544746936875
vn 0.2375869739221626 -0.39597826988712187 -0.8869913413329983
vn 0.2375869739221626 -0.39597826988712187 -0.8869913413329983
vn 0.2375869739221626 -0.39597826988712187 -0.8869913413329983
vn 0.11923552965769155 -0.11923552965769155 -0.9856803624575766
vn 0.11923552965769155 -0.11923552965769155 -0.9856803624575766
vn -0.10341590403045037 -0.8591474941942253 -0.5011693665951145
vn 0.5325685348663607 0.8187247535750579 -0.21461717907417968
vn 0.5325685348663607 0.8187247535750579 -0.21461717907417968
vn 0.4439413909538707 -0.20611565330122358 -0.8720277397320296
vn -0.639343083281398 0.07103812451385634 0.7656330757783321
vn -0.5786002674082336 -0.45970977314703 0.6737125908191318
vn -0.5786002674082336 -0.45970977314703 0.6737125908191318
vn 0.339743180317676 -0.5451692886515156 -0.7663974283221674
vn 0.339743180317676 -0.5451692886515156 -0.7663974283221674
vn -0.5871536964814074 -0.015869018215079588 0.8093199064455964
vn -0.08697623084011748 -0.7353444766981079 0.672089008880842
vn -0.08697623084011748 -0.7353444766981079 0.672089008880842
vn 0.42109936366053935 0.04767162479813587 -0.9057608636465778
vn 0.07936507959213038 0.6031746199196153 -0.7936507809018792
vn -0.6407217386009155 -0.3559565347512054 0.6802724447250043
vn 0.3471893482795041 -0.5839093557550437 -0.7338320112280351
vn 0.32508981526996017 -0.32508981526996017 -0.8880502373264061
vn -0.14317766319303632 0.47725886727470646 -0.8670202594923867
vn 0.20639471625288405 -0.9764057562863608 -0.06350606422815872
vn -0.1585405322645306 0.5311107718350664 0.8323378206413784
vn -0.1585405322645306 0.5311107718350664 0.8323378206413784
vn -0.5943030007113724 0.07924039759554481 0.8003279969702162
vn 0.59301973973514 -0.5772058879893757 -0.5613919763898154
vn -0.596102332711454 0.01589606170426441 0.802751097263814
vn -0.5558181722688504 -0.3493714517633829 0.754324696711211
vn 0.46685922744832137 0.10286729362217004 -0.8783284019370016
vn -0.460418975822827 -0.3810364000007135 0.8017640728897468
vn -0.22155337896845984 -0.64883488806338 0.7279611172991585
vn -0.22155337896845984 -0.64883488806338 0.7279611172991585
vn 0.475995638338836 0.1983315059656626 -0.8567921369992819
vn 0.4267874741101189 -0.14226249635567462 -0.8930922875455573
vn -0.42035700668900333 -0.7296763089667225 -0.5393259413936633
vn -0.42035700668900333 -0.7296763089667225 -0.5393259413936633
vn -0.22126955968260603 0.9720055844423864 0.07902484274378788
vn -0.22126955968260603 0.9720055844423864 0.07902484274378788
vn -0.22126955968260603 0.9720055844423864 0.07902484274378788
vn 0.4291665641201414 -0.7947528675523136 0.4291665641201414
vn 0.4291665641201414 -0.7947528675523136 0.4291665641201414
vn 0.3790707711846213 0.24481654345971127 -0.8923957700941526
vn 0.4828361639531154 -0.6648891133544068 -0.5699049971020003
vn 0.4828361639531154 -0.6648891133544068 -0.5699049971020003
vn -0.03156266725735363 -0.9942240260729754 0.10257867231956741
vn -0.03156266725735363 -0.9942240260729754 0.10257867231956741
vn -0.6016417645302767 0.2691555120444608 0.7520521906815906
vn -0.6016417645302767 0.2691555120444608 0.7520521906815906
vn -0.1985503109403475 0.7783172261004863 0.5956509628807259
vn -0.1985503109403475 0.7783172261004863 0.5956509628807259
vn 0.02366168995522745 -0.9859037593291033 0.16563182595505002
vn 0.02366168995522745 -0.9859037593291033 0.16563182595505002
vn 0.5478606355070729 0.5875607242410054 -0.5955007299669511
vn -0.388962388883931 -0.2937063077495828 0.8731808889467366
vn -0.2138618077539219 0.7366351139313185 0.6415854082720535
vn 0.3088436841176657 -0.7364734028938831 -0.601849238273616
vn -0.39676291744019876 -0.7538495611568495 0.5237270534237919
vn 0.5057116298855622 -0.7585674448283433 -0.4108907142356552
vn 0.1829434453930854 0.5886006608665502 -0.7874521939871447
vn 0.29238281113541137 -0.17384923986184297 0.9403662762732476
vn 0.29238281113541137 -0.17384923986184297 0.9403662762732476
vn 0.2142384884404185 -0.9759753378970304 -0.03967379346044259
vn 0.7623370499668266 -0.07146910219137652 -0.6432218821525234
vn 0.7623370499668266 -0.07146910219137652 -0.6432218821525234
vn -0.1264515942506119 -0.9720966494971259 -0.1975806122774717
vn -0.6908461450072761 -0.023822281769150095 0.72260923244856
vn -0.6908461450072761 -0.023822281769150095 0.72260923244856
vn -0.1893052955345859 -0.9780773751891241 -0.0867649308517928
vn 0.6257634351259789 -0.44357914123028175 -0.6416055398176833
vn 0.514804038514312 0.6256849166493771 -0.5860846244415705
vn 0.7063714586828422 -0.3571541062976307 -0.611130351654223
vn 0.7063714586828422 -0.3571541062976307 -0.611130351654223
vn 0.617455087513351 0.736196452801424 0.27706316569778905
vn 0.5060593173235685 0.7353674567087481 0.450709075750324
vn 0.49156833308079 -0.15857042760601125 -0.856280324076771
vn 0.198418945167798 -0.35715411932591357 0.9127271537798299
vn -0.2774197744001236 -0.5865447121604707 0.7609228406404785
vn 0.3979675921977088 0.6447075077953753 0.6526668560242922
vn 0.3979675921977088 0.6447075077953753 0.6526668560242922
vn 0.595369373899425 -0.4921720077447319 -0.6350606454624047
vn 0.595369373899425 -0.4921720077447319 -0.6350606454624047
vn 0.4521389354479906 -0.6980390940521426 -0.5552583238699099
vn 0.4521389354479906 -0.6980390940521426 -0.5552583238699099
vn 0.7601591126770676 0.6493025679191557 -0.023754972271158362
vn 0.6121530855008281 -0.1351506749619873 -0.7791039051173696
vn -0.09462616073758927 -0.5756425039354447 0.812207853549198
vn 0.18992668297053503 0.3481989337554089 -0.9179789527148247
vn -0.14306456202094295 -0.7232708221087498 0.6755825996722302
vn 0.6188917274078484 -0.5554156235406642 -0.5554156235406642
vn 0.5948261201332354 -0.4124127786269137 -0.6899982513256611
vn 0.3559565347512054 -0.6407217386009155 -0.6802724447250043
vn 0.3559565347512054 -0.6407217386009155 -0.6802724447250043
vn 0.3559565347512054 -0.6407217386009155 -0.6802724447250043
vn 0.5697443874757094 -0.5143525412444159 -0.6409623984722816
vn -0.2871193289130822 -0.606140788712858 0.7417249053544418
vn 0.6760311564039898 -0.17497278228791768 -0.7157977375135446
vn -0.6902588109248008 0.04760405773796687 0.7219948944608683
vn -0.6902588109248008 0.04760405773796687 0.7219948944608683
vn -0.3648496365053103 -0.142767253635548 0.9200555711647564
vn -0.500931683771661 -0.3021492748312089 0.8110322212542873
vn -0.500931683771661 -0.3021492748312089 0.8110322212542873
vn -0.27695037749091395 -0.482684974432093 0.8308511923714921
vn 0.4593347851086893 -0.33262173887355273 -0.8236348305031109
vn 0.3399342187407416 -0.9012209742773427 0.2687851976052974
vn 0.3399342187407416 -0.9012209742773427 0.2687851976052974
vn 0.6641405563332403 -0.7115792059749355 -0.22928662206385808
vn 0.6641405563332403 -0.7115792059749355 -0.22928662206385808
vn 0.45482261619246217 0.19150426103898302 0.8697485302107485
vn 0.43597277967798365 -0.7688974374313821 0.46767987565353536
vn 0.44420667118551366 0.30935822118561573 -0.8408197929753775
vn 0.44420667118551366 0.30935822118561573 -0.8408197929753775
vn 0.9521218754252537 0.2080266416043364 -0.22402868280539082
vn -0.37875200001472564 0.5839093557550437 0.7180506853604243
vn -0.37875200001472564 0.5839093557550437 0.7180506853604243
vn -0.5229866227850577 0.2931894857994473 0.8003280063852166
vn -0.5229866227850577 0.2931894857994473 0.8003280063852166
vn 0.4934173081557811 0.7321676224403841 0.4695422586544241
vn -0.38022262119871275 0.2614030483264518 0.8871861161303297
vn 0.6582535004472561 0.7216996520743619 0.21413066418586427
vn 0.6582535004472561 0.7216996520743619 0.21413066418586427
vn -0.055524088425217964 -0.7773372304475928 0.626629001694475
vn -0.055524088425217964 -0.7773372304475928 0.626629001694475
vn 0.01578870842364836 -0.6236539864690229 0.7815410557658559
vn 0.6102468656525488 -0.26945964249744053 -0.7449766869012691
vn 0.6102468656525488 -0.26945964249744053 -0.7449766869012691
vn 0.7479895690741122 0.4058241125226711 0.5251841527040874
vn 0.7777532791129645 0.38094038528446056 0.4999842594405924
vn 0.7777532791129645 0.38094038528446056 0.4999842594405924
vn 0.334303365351864 0.25470733172070886 -0.907394861723459
vn 0.334303365351864 0.25470733172070886 -0.907394861723459
vn 0.36319689671405647 -0.9316789543409857 0.007895584548762324
vn -0.32476330124904484 0.5623949653466417 0.7604213970651876
vn 0.5380413433867586 -0.14242271999406858 -0.8307991824960249
vn 0.5380413433867586 -0.14242271999406858 -0.8307991824960249
vn -0.6261564241260674 0.22985488474261828 0.7450468874410618
vn -0.6261564241260674 0.22985488474261828 0.7450468874410618
vn 0.14994134206058693 -0.28409939281718155 0.9469979561445625
vn 0.14994134206058693 -0.28409939281718155 0.9469979561445625
vn 0.49076688998428386 -0.7915594729142816 -0.3641173719212232
vn 0.49076688998428386 -0.7915594729142816 -0.3641173719212232
vn 0.7080908049696365 -0.3898477282855608 -0.5887496587413362
vn -0.17423044854859399 -0.4276565446284676 0.8869913362795576
vn -0.07928272346830187 -0.634261787746415 -0.7690424138915685
vn -0.07928272346830187 -0.634261787746415 -0.7690424138915685
vn 0.42103291607249405 -0.2700965729191655 -0.8658978720847014
vn 0.42103291607249405 -0.2700965729191655 -0.8658978720847014
vn -0.3871129643447397 -0.19750661263088728 0.900630163165381
vn -0.5407736343937033 -0.2226715027120267 0.8111604515905549
vn -0.5407736343937033 -0.2226715027120267 0.8111604515905549
vn -0.5407736343937033 -0.2226715027120267 0.8111604515905549
vn -0.505711626539294 0.1264279066348235 0.8533883847386945
vn -0.34001922588721106 -0.885631501311069 0.31629696475395325
vn -0.5937626358332921 0.3245902269388184 0.7362656564475268
vn -0.5937626358332921 0.3245902269388184 0.7362656564475268
vn 0.29460803319932466 0.3821941905704259 0.8758616942580847
vn 0.7237281408920184 0.6123853453545568 -0.3181222514631173
vn 0.7237281408920184 0.6123853453545568 -0.3181222514631173
vn 0.5139022282405575 0.14231139479885743 -0.8459621544252401
vn 0.8368015504075381 0.40261204471885836 -0.3710346435076385
vn 0.8368015504075381 0.40261204471885836 -0.3710346435076385
vn -0.15795600358960823 -0.12636480287168658 0.9793272372017431
vn -0.15795600358960823 -0.12636480287168658 0.9793272372017431
vn 0.8333858428379882 -0.11905512040542689 -0.5397165137944785
vn 0.8333858428379882 -0.11905512040542689 -0.5397165137944785
vn 0.8333858428379882 -0.11905512040542689 -0.5397165137944785
vn 0.13503550304686782 -0.9690783655012793 0.20652490027657316
vn 0.13503550304686782 -0.9690783655012793 0.20652490027657316
vn 0.055497907145749106 0.3488440027771193 0.9355361265225833
vn 0.055497907145749106 0.3488440027771193 0.9355361265225833
vn -0.31641569751125076 -0.26895333539956207 0.9096951191173444
vn 0.49996851464707787 -0.769792782857578 0.39680039796096567
vn 0.49996851464707787 -0.769792782857578 0.39680039796096567
vn -0.0788085920993745 0.977226556946356 0.19702147651990823
vn -0.0788085920993745 0.977226556946356 0.19702147651990823
vn -0.15059931339963017 -0.9511535646292717 -0.2694934939782216
vn 0.6342817092167582 -0.33299788983664297 -0.6977099101470546
vn 0.10315187006653281 -0.3570641638822927 -0.9283667780423943
vn -0.49252906531186796 -0.08738419143172416 0.8658978709471697
vn -0.07909402493235469 -0.9965847216317336 0.023728207479706408
vn 0.047604056966722263 -0.991751198067736 0.11901014617047972
vn 0.047604056966722263 -0.991751198067736 0.11901014617047972
vn 0.0158108940951674 -0.9960863354758678 0.08695992126358153
vn 0.0158108940951674 -0.9960863354758678 0.08695992126358153
vn 0.0158108940951674 -0.9960863354758678 0.08695992126358153
vn 0.547308866101411 0.2141643500042739 -0.8090652855450138
vn 0.25438519750065824 0.6995593232149742 0.6677611283951458
vn 0.7046203991240347 -0.13459040456191113 -0.6967033200280783
vn 0.7046203991240347 -0.13459040456191113 -0.6967033200280783
vn 0.5877274900867872 0.7862840331406422 -0.1906143137971828
vn 0.5877274900867872 0.7862840331406422 -0.1906143137971828
vn -0.3974643105795334 0.5326021749730863 0.7472329255523168
vn -0.11042808989071218 -0.9938528164799582 0.007887720706479442
vn -0.11042808989071218 -0.9938528164799582 0.007887720706479442
vn 0.5171940836268724 -0.2466617992895743 -0.8195536813611356
vn -0.24626453597934836 -0.3654247972640183 0.8976739362727579
vn -0.31023789008155866 -0.38978605853350606 0.8670751294614883
vn -0.31023789008155866 -0.38978605853350606 0.8670751294614883
vn -0.31023789008155866 -0.38978605853350606 0.8670751294614883
vn 0.6643066972649552 -0.37169542606140893 -0.648489878266388
vn 0.13460728384349344 -0.04750845444339849 0.9897594788092088
vn 0.5563621498577265 0.8027511156895597 -0.21459684169357185
vn 0.5563621498577265 0.8027511156895597 -0.21459684169357185
vn 0.5563621498577265 0.8027511156895597 -0.21459684169357185
vn 0.03160598993723652 -0.979785703007501 -0.197537433369436
vn 0.03160598993723652 -0.979785703007501 -0.197537433369436
vn 0.5620600292158877 0.07916338808916686 -0.8232992660898462
vn 0.5890480239272454 0.358204876972392 0.7243698583048584
vn 0.5890480239272454 0.358204876972392 0.7243698583048584
vn -0.29944476455278146 -0.3624857660467646 -0.882574020915764
vn 0.9114076500040501 0.39626419304555505 0.11095397615250115
vn 0.9114076500040501 0.39626419304555505 0.11095397615250115
vn 0 -0.4755170444038285 -0.8797065081499893
vn -0.26838295337872814 -0.5288722939964947 -0.8051488601361844
vn 0.3489866186982835 -0.04758908232113323 -0.9359185964673271
vn 0.3489866186982835 -0.04758908232113323 -0.9359185964673271
vn 0.41083940493459203 0.3950378675075997 0.8216788098691841
vn 0.4596231591960219 0.8875481839616142 0.031698149427200506
vn 0.2766042255518063 -0.19757445109585342 -0.9404543788409184
vn 0.2766042255518063 -0.19757445109585342 -0.9404543788409184
vn 0.2766042255518063 -0.19757445109585342 -0.9404543788409184
vn 0.6910422564579364 0 -0.7228143605307823
vn 0.8678652903325809 0.48916043962690486 0.08678653201942076
vn -0.5560285583866558 -0.651347758722007 0.5163122499672805
vn -0.5560285583866558 -0.651347758722007 0.5163122499672805
vn -0.458115271375744 0.22115910013425558 0.860940793876173
vn 0.9019822857361619 0.10285763367223653 -0.4193426563247731
vn -0.4116883358345435 -0.5146103973191835 0.7521228976096768
vn -0.4116883358345435 -0.5146103973191835 0.7521228976096768
vn -0.46049151735387656 0.15879018098842362 0.8733460029488819
vn 0.5865631469708067 -0.04755917225432415 -0.8085059058227017
vn 0.5865631469708067 -0.04755917225432415 -0.8085059058227017
vn 0.5865631469708067 -0.04755917225432415 -0.8085059058227017
vn -0.5156456995714664 0.007933010820379508 0.8567651836137932
vn 0.24516080538665508 0.09490095547551912 0.964826403117162
vn 0.3180619074465473 -0.3657712010874725 0.8746702530019482
vn 0.3180619074465473 -0.3657712010874725 0.8746702530019482
vn -0.666645649693613 -0.23808774490682003 0.7063269805619531
vn -0.1426775212604952 -0.5231508762872249 0.8402120479776933
vn 0.6106113300566229 -0.6502613969341428 -0.4520109725036983
vn 0.07128280124706428 0.9345966558484864 -0.3484936916548093
vn 0.49927720315604496 -0.13472558974124632 -0.8559037854090555
vn -0.182419074288311 0.9676142227483454 0.17448781410434108
vn 0.5946578250720225 0.8008058270829624 -0.07135894050912092
vn -0.1426327187462856 -0.24564522867670774 0.9588088074123072
vn -0.1426327187462856 -0.24564522867670774 0.9588088074123072
vn -0.1426327187462856 -0.24564522867670774 0.9588088074123072
vn 0.2843030879648283 0.7660388318998034 0.576503479777224
vn 0.553883421547214 -0.12660193005909542 -0.8229125753325581
vn -0.015820784776268356 0.6011898364681997 0.7989496124890494
vn -0.015820784776268356 0.6011898364681997 0.7989496124890494
vn 0.41929016067434577 -0.19777836863723797 -0.8860471082628022
vn -0.11062096509401106 0.11062096509401106 0.9876871995542612
vn -0.11062096509401106 0.11062096509401106 0.9876871995542612
vn 0.6604379360019337 0.4853821171376043 -0.572910056686495
vn 0.6000644333031423 0.7974540109867041 -0.06316467561696457
vn 0.821663229685829 0.5663892083716668 0.06381850532854058
vn 0.0947233940369824 -0.1815531756387798 0.9788084199870722
vn 0.0947233940369824 -0.1815531756387798 0.9788084199870722
vn 0.0947233940369824 -0.1815531756387798 0.9788084199870722
vn 0.43587692790727717 -0.19020083963251594 -0.8796788870498143
vn 0.43587692790727717 -0.19020083963251594 -0.8796788870498143
vn 0.06346408750216315 -0.5949758390987876 0.8012340859488015
vn 0.612792463388423 0.7480842996956865 -0.2546669930775533
vn 0.612792463388423 0.7480842996956865 -0.2546669930775533
vn 0.483670218058482 -0.483670218058482 -0.7294698351039067
vn 0.483670218058482 -0.483670218058482 -0.7294698351039067
vn 0.05525359189033785 -0.19733425301675944 0.9787779284237735
vn 0.05525359189033785 -0.19733425301675944 0.9787779284237735
vn 0.05525359189033785 -0.19733425301675944 0.9787779284237735
vn 0.8301497837700019 0.173936147165797 -0.5297145960002776
vn 0.8301497837700019 0.173936147165797 -0.5297145960002776
vn -0.612792463388423 -0.7480842996956865 -0.2546669930775533
vn 0.42857142734535314 -0.2857142949098515 0.8571428546907063
vn 0.4507795457047152 0.11071778407452475 0.885742272596198
vn -0.5148686366836582 -0.05544739204643734 0.8554740637066442
vn -0.5148686366836582 -0.05544739204643734 0.8554740637066442
vn 0.8937345324354988 -0.44291269049500165 0.07118240042861189
vn 0.8937345324354988 -0.44291269049500165 0.07118240042861189
vn 0.02367716071277781 -0.10260103348935244 0.9944407574046319
vn 0.02367716071277781 -0.10260103348935244 0.9944407574046319
vn 0.02367716071277781 -0.10260103348935244 0.9944407574046319
vn 0.8937345324354988 -0.07118240042861189 -0.44291269049500165
vn 0.8937345324354988 -0.07118240042861189 -0.44291269049500165
vn -0.1509125224869879 -0.6910204541920225 -0.7069060350887276
vn 0.7305269575771396 0 -0.6828838585389817
vn 0.7305269575771396 0 -0.6828838585389817
vn -0.4122054045263645 -0.16646755740390914 0.8957540157940863
vn -0.6324357669482347 -0.7510174769911896 0.18973073008447042
vn -0.5081926468944605 0.07940510107725945 0.8575751066614005
vn 0.0791212540023784 -0.6725306403036142 0.7358276734520804
vn 0.0791212540023784 -0.6725306403036142 0.7358276734520804
vn 0.44600634927402766 0.4380419539479003 0.7805111036934449
vn 0.8823150359626419 0.46897824907761754 0.03974392036945846
vn 0.03160697574744539 -0.8217813993408509 -0.5689255933612878
vn 0.3023117784837034 0.9228464436521372 0.2386671951245557
vn 0.4590326041136971 -0.4036321127621296 -0.7914355222680982
vn 0.4590326041136971 -0.4036321127621296 -0.7914355222680982
vn -0.38629408827002737 0 0.9223756704118058
vn -0.38629408827002737 0 0.9223756704118058
vn 0.5691388639076411 -0.5059011857681415 -0.6481858867858107
vn 0.2853102334554911 0.879706510659578 0.3804136246097436
vn 0.9932842627455861 -0.11124783616432152 0.031785096046949006
vn 0.6145464813897461 -0.15164134054447345 0.7741689260422157
vn -0.2937063077495828 -0.8731808889467366 0.388962388883931
vn 0.9992135767001097 -0.03965133211096442 0
vn 0.9992135767001097 -0.03965133211096442 0
vn -0.2532038685184543 -0.2532038685184543 0.9336892427004709
vn -0.2532038685184543 -0.2532038685184543 0.9336892427004709
vn 0.581014312141885 -0.1273455968839612 -0.8038690615022821
vn 0.581014312141885 -0.1273455968839612 -0.8038690615022821
vn -0.08751684437032392 -0.6842225494275 -0.7240029729264879
vn 0.6204168986120571 -0.628370957555123 -0.46928968837792984
vn 0.6204168986120571 -0.628370957555123 -0.46928968837792984
vn -0.23808774490682003 -0.7063269805619531 0.666645649693613
vn 0.38046142882439304 -0.6578812094254618 -0.649954933408304
vn 0.06320408863367592 -0.9954644034560469 -0.07110460345071098
vn 0.06320408863367592 -0.9954644034560469 -0.07110460345071098
vn 0.031721066059691085 -0.6185607956677827 0.7850963737216448
vn -0.2928586660708855 -0.7677645778541994 -0.5698871420724846
vn 0.9859607540927403 -0.1669772181732435 0
vn 0.6110726215586109 -0.34124832955009393 0.7142407358592459
vn 0.7908413184788651 -0.5535889109622001 -0.26097763629532605
vn 0.7912620598017504 -0.11077669046863574 -0.601359191803956
vn 0.7912620598017504 -0.11077669046863574 -0.601359191803956
vn -0.023775851540228567 -0.9985857721886915 0.047551703080457135
vn 0.7174255890303542 -0.6937742077899737 -0.06307037981369348
vn 0.7174255890303542 -0.6937742077899737 -0.06307037981369348
vn -0.007940259804335143 -0.539937651668265 0.8416675617993121
vn -0.26073313271707915 -0.13431706655701225 0.9560215265019179
vn -0.26073313271707915 -0.13431706655701225 0.9560215265019179
vn -0.26073313271707915 -0.13431706655701225 0.9560215265019179
vn 0.10299958877422127 -0.3169218000791835 0.9428423289961645
vn 0.9326633009500815 -0.2550874037079231 -0.2550874037079231
vn 0.7728409067787428 0.3027624261042592 0.5577202221086064
vn 0.7728409067787428 0.3027624261042592 0.5577202221086064
vn 0.3959286096488154 0.49095149274827116 0.7760200821047096
vn -0.17431246781823787 0.30900845613588357 0.9349486283211681
vn -0.17431246781823787 0.30900845613588357 0.9349486283211681
vn 0.9558794802853332 0.0637252966757426 0.2867638501154388
vn -0.26090420485304167 -0.039530940695992896 0.9645549754252953
vn -0.26090420485304167 -0.039530940695992896 0.9645549754252953
vn 0.7190801875823705 -0.10386713871035035 0.6871210237815661
vn 0.8402120479776933 0.1426775212604952 -0.5231508762872249
vn 0.8402120479776933 0.1426775212604952 -0.5231508762872249
vn 0.07103148494498346 0.26044876070635725 0.9628712121530238
vn 0.07103148494498346 0.26044876070635725 0.9628712121530238
vn 0.07103148494498346 0.26044876070635725 0.9628712121530238
vn 0.07103148494498346 0.26044876070635725 0.9628712121530238
vn 0.7108463651806975 0.02369487809200138 -0.7029480762201398
vn 0.7108463651806975 0.02369487809200138 -0.7029480762201398
vn 0.6873873728828239 0.2765351493228723 -0.6715853711853963
vn 0.0474149060497309 0.8613708044530554 0.5057589978637962
vn 0.8391143755302211 0.09589878275015891 0.5354348590123408
vn 0.8057085984819178 0.25527401737908123 0.5344799625649669
vn 0.3252432031412731 -0.6108226193291395 0.7218812828480136
vn 0.7456561114084895 0 -0.6663309714542544
vn 0.9881500112997401 0.12648320001018987 -0.08695720374704949
vn -0.3162277570401716 0 0.9486833010427359
vn -0.3162277570401716 0 0.9486833010427359
vn 0.4361920842654353 0.3410228880539779 0.8327303617903574
vn 0.4361920842654353 0.3410228880539779 0.8327303617903574
vn -0.1347594474565648 0.9512432149930932 0.2774459177043436
vn -0.1347594474565648 0.9512432149930932 0.2774459177043436
vn 0.3657712042386232 0.27035261613473327 0.8905733485226991
vn 0.05552583295767513 -0.7139035891157637 0.6980390729192653
vn 0.4532812042114355 -0.23856906435295364 -0.8588486196311821
vn 0.4532812042114355 -0.23856906435295364 -0.8588486196311821
vn 0.7841845413519659 0.15050006939701488 -0.6020002775880595
vn 0.7474454964626371 -0.1272247640746713 -0.6520269083587471
vn 0.7474454964626371 -0.1272247640746713 -0.6520269083587471
vn 0.7474454964626371 -0.1272247640746713 -0.6520269083587471
vn 0 0.46607196948812973 0.8847468108207319
vn 0 0.46607196948812973 0.8847468108207319
vn 0 0.46607196948812973 0.8847468108207319
vn -0.09531617540221694 0.0714871353095972 0.9928768383802299
vn -0.09531617540221694 0.0714871353095972 0.9928768383802299
vn 0.6740726298745623 -0.7137240034180902 -0.1903263949084456
vn 0.3399342187407416 -0.2687851976052974 -0.9012209742773427
vn 0.689651314357616 0.48354865236861483 -0.5390378144409806
vn -0.6333865044658504 0.09500797566987756 0.7679811329190602
vn -0.25351355816857324 -0.03961149346383957 0.9665204630064866
vn -0.25351355816857324 -0.03961149346383957 0.9665204630064866
vn 0.43063789957430265 0.653931606274952 0.6220325182535829
vn -0.04758908232113323 0.3489866186982835 0.9359185964673271
vn -0.04758908232113323 0.3489866186982835 0.9359185964673271
vn 0.015804474907439477 0.29238279700355735 0.9561707580705847
vn 0.015804474907439477 0.29238279700355735 0.9561707580705847
vn 0.6972279667628795 -0.24561439056694798 -0.6734587838243167
vn -0.3241841181705342 -0.2609286797487983 0.9092969160898667
vn -0.3241841181705342 -0.2609286797487983 0.9092969160898667
vn 0.714443245441692 -0.6350606425845221 0.2937155584623938
vn 0.9087857049323549 0.17385466621899595 -0.37931925543595096
vn 0.9087857049323549 0.17385466621899595 -0.37931925543595096
vn 0.9087857049323549 0.17385466621899595 -0.37931925543595096
vn -0.5090117122991082 0.7714708726905315 -0.3817587842243312
vn -0.5090117122991082 0.7714708726905315 -0.3817587842243312
vn 0.05563094327213953 0.23841833582907215 0.9695678910169971
vn -0.30010706318203495 0.23692663040115455 0.9240138107382425
vn -0.30010706318203495 0.23692663040115455 0.9240138107382425
vn 0.7511583207792558 0.4823227200577658 -0.4506949864821738
vn 0.8996760722259302 0.2841082506276594 -0.3314596008406066
vn -0.094676210880818 0.30769768909536177 0.9467621386698061
vn -0.094676210880818 0.30769768909536177 0.9467621386698061
vn -0.19811964682387326 0.1030222220473658 0.974748699566615
vn -0.19811964682387326 0.1030222220473658 0.974748699566615
vn 0.7667325407147985 0.3952229535796295 -0.505885390155541
vn 0.784578459882586 0.507202243963391 -0.3566265890350438
vn 0.08704155554717033 0.49851070952734455 0.8625026609202272
vn 0.08704155554717033 0.49851070952734455 0.8625026609202272
vn -0.16617023714888243 -0.2927761499464694 0.9416313388521045
vn 0.34915139180117394 0.12696413701240505 -0.9284252331318867
vn 0.34915139180117394 0.12696413701240505 -0.9284252331318867
vn -0.5332090220770855 -0.636667502534503 0.5570840421265687
vn 0.5528498173509472 0.3204926587272796 0.7691823809454711
vn 0.9295966765404073 0.36548246893192865 -0.04767162540181626
vn 0.7364503112708546 0.29299636716593114 -0.6097491843837336
vn 0.2304564921043037 -0.5006468740849935 -0.8344114768601302
vn 0.9878105514674356 -0.06321987457607413 -0.14224472527368504
vn 0.3795089064135205 -0.015812871100563352 0.9250529406798136
vn 0.4279653467834228 0.4041894758532302 -0.8083789517064603
vn 0.4279653467834228 0.4041894758532302 -0.8083789517064603
vn 0.5691744379763788 -0.6877523835540577 -0.45059640263764383
vn 0.9142545913426874 0.11130056031974324 -0.38955195735784304
vn 0.9142545913426874 0.11130056031974324 -0.38955195735784304
vn 0.6990073700910463 -0.46865263715278044 0.5401420204429046
vn 0.8853270849349684 -0.4426635424674842 -0.1422847175584548
vn 0.9283667780423943 -0.3570641638822927 -0.10315187006653281
vn 0.4187532399172113 -0.16592108688012455 -0.8928134838740712
vn 0.4187532399172113 -0.16592108688012455 -0.8928134838740712
vn 0.4187532399172113 -0.16592108688012455 -0.8928134838740712
vn 0.6805492925669282 0.3402746462834641 -0.6488958510295139
vn 0.6805492925669282 0.3402746462834641 -0.6488958510295139
vn -0.22182437357413254 0.27728045572326454 0.934831266145042
vn -0.22182437357413254 0.27728045572326454 0.934831266145042
vn -0.6491601256835653 -0.03166634795972819 0.7599923510334765
vn -0.43002300799301624 0.4539131633823986 0.7804121044069102
vn -0.43002300799301624 0.4539131633823986 0.7804121044069102
vn -0.33992358651582794 -0.845856413066445 0.41107041222226653
vn 0.4614670251814779 0.5012486772250351 -0.7319822048727072
vn 0.4614670251814779 0.5012486772250351 -0.7319822048727072
vn -0.46834246507760396 -0.8731808956106768 0.13494613349618204
vn 0.4442625907658256 -0.6901936415236695 0.5711947895826194
vn 0.33361713801738013 -0.26212775344682904 0.9055322446462141
vn 0.33361713801738013 -0.26212775344682904 0.9055322446462141
vn 0.5478606355070729 -0.5955007299669511 0.5875607242410054
vn -0.20660313486075899 0.34963607669327 0.9138215135026341
vn -0.20660313486075899 0.34963607669327 0.9138215135026341
vn -0.20660313486075899 0.34963607669327 0.9138215135026341
vn 0.45811527505365385 -0.6555787551647954 0.6002890058455949
vn 0.7300437928339499 0.15076991439036183 0.6665616951635789
vn 0.528707583860871 -0.08680274322103938 -0.8443539391376713
vn 0.528707583860871 -0.08680274322103938 -0.8443539391376713
vn 0.7917331191681573 0.45128788272045245 -0.4117012447418051
vn -0.5002836841110179 -0.11911516574604156 0.8576291813491426
vn -0.5002836841110179 -0.11911516574604156 0.8576291813491426
vn -0.5088668905903349 -0.3100907652152191 0.8030555429042029
vn -0.5088668905903349 -0.3100907652152191 0.8030555429042029
vn 0.8344114863086818 -0.5483275120524511 0.055627430666045606
vn 0.8344114863086818 -0.5483275120524511 0.055627430666045606
vn 0.4426635424674842 0.1422847175584548 -0.8853270849349684
vn 0.4426635424674842 0.1422847175584548 -0.8853270849349684
vn -0.09488612152662891 0.11860765564926533 0.9883971104586553
vn 0.37275769962494815 0 -0.9279287135175401
vn 0.9533121420776005 -0.007944267600078185 -0.3018821763200256
vn 0.9533121420776005 -0.007944267600078185 -0.3018821763200256
vn 0.8417736993942448 -0.4844169385161123 0.23823784058542172
vn 0.706037968790022 0.698104961953138 -0.11899516260448434
vn 0.706037968790022 0.698104961953138 -0.11899516260448434
vn 0.7357125300094195 -0.26105927711511595 -0.6249601003418316
vn 0.7357125300094195 -0.26105927711511595 -0.6249601003418316
vn 0 -0.9962108618321466 0.08697079261253149
vn 0 -0.9962108618321466 0.08697079261253149
vn 0.30014449696950696 -0.44231819504632663 0.8451437127908373
vn 0.28459610254765577 -0.06324357501933617 0.9565590983485849
vn -0.22167832345711933 -0.84712789765375 -0.4829420730542935
vn 0.7941010738070639 -0.5796938211484628 0.1826432541890388
vn 0.5952755989045931 0.7381417306253992 -0.31748030940220284
vn 0.5952755989045931 0.7381417306253992 -0.31748030940220284
vn -0.1267249713848743 0.42769678591833676 0.8949951066584817
vn -0.1267249713848743 0.42769678591833676 0.8949951066584817
vn 0.17460317930313046 -0.9841269833096005 -0.03174603123516698
vn 0.783914073918753 0.380079556440006 -0.490936101227514
vn 0.2223553174476176 0.3811805441959159 0.8973625273707803
vn -0.007942764187972948 0.7227915598946183 0.6910204580489343
vn -0.007942764187972948 0.7227915598946183 0.6910204580489343
vn 0.6111496199791921 -0.09524409486450611 -0.7857637713668975
vn -0.33215335319283806 0.9411011623909555 -0.0632673067954222
vn 0.5767733450223131 0.07110904304906038 -0.8138034237261593
vn 0.5767733450223131 0.07110904304906038 -0.8138034237261593
vn 0.2700795297767173 -0.5878201919515732 0.7625775170627591
vn 0.43586324337638804 -0.5785094170229305 0.6894563709831136
vn 0.800227512720584 -0.41199834802441043 -0.4357674713768621
vn -0.15866021807515476 0.6901719223545119 0.7060379967068501
vn -0.49771668110173733 0.3002100668378478 0.8137272400026229
vn 0.5070748802170525 -0.2773065638732407 -0.8160736091099124
vn 0.5070748802170525 -0.2773065638732407 -0.8160736091099124
vn 0.9795716697190738 -0.14219589284466966 -0.14219589284466966
vn 0.9795716697190738 -0.14219589284466966 -0.14219589284466966
vn 0.9795716697190738 -0.14219589284466966 -0.14219589284466966
vn -0.07937258099839944 -0.34130208702748455 0.9365964332498474
vn -0.07937258099839944 -0.34130208702748455 0.9365964332498474
vn 0.4598397963269345 0.34884400411538374 -0.8166120391634877
vn 0.2218522140560359 0.9745651019177498 -0.03169317343657656
vn 0.37227795864883934 0.3405947134547516 0.8633680343115145
vn 0.37227795864883934 0.3405947134547516 0.8633680343115145
vn 0.8629891116967662 0.4275358921228371 0.2691892532021961
vn 0.9648264033455543 -0.18980191099596788 -0.18189350177936658
vn 0.9648264033455543 -0.18980191099596788 -0.18189350177936658
vn 0.9400434808729144 0.33178005383155057 -0.07899525269196879
vn 0.9400434808729144 0.33178005383155057 -0.07899525269196879
vn 0.9953712143497581 0.09479725779760065 0.015799542966266775
vn 0.9267344857569083 0.30891150524544453 -0.21386181247682412
vn 0.9267344857569083 0.30891150524544453 -0.21386181247682412
vn 0.5870612914279484 0.7377932275903215 -0.3331969289006212
vn 0.4345281186634068 0 -0.9006582670973716
vn 0.8399745843130719 -0.2615015107793643 -0.4754573141389161
vn 0.419802813693214 0.1504953480222897 0.8950512543083278
vn 0.419802813693214 0.1504953480222897 0.8950512543083278
vn 0.419802813693214 0.1504953480222897 0.8950512543083278
vn 0.419802813693214 0.1504953480222897 0.8950512543083278
vn 0.7226320065202672 -0.46851962912887296 -0.5082246946710046
vn 0.7226320065202672 -0.46851962912887296 -0.5082246946710046
vn 0.35635810795110745 0.8790166423011235 0.3167627526322588
vn 0.44335666521574024 0.8154595544450024 0.37210291919459093
vn 0.4278981612763863 -0.3882779506055818 0.8161760818903094
vn 0.6725306403036142 0.0791212540023784 -0.7358276734520804
vn 0.42737518098493193 -0.8468360106494951 0.31657420258976393
vn 0.42737518098493193 -0.8468360106494951 0.31657420258976393
vn 0.5842732635982881 -0.7737672578825426 0.24476311828610173
vn -0.03952723525077449 -0.07905447050154898 0.996086335799839
vn 0.6023215746962468 0.6974249938572821 -0.3883388965821006
vn -0.12670907369781403 -0.06335453684890702 0.9899146495043409
vn 0.8704700318613317 -0.49062856668015975 -0.0395668192897054
vn 0.3252534373354248 -0.7536360257878235 0.5711768046202733
vn -0.16595216670963467 -0.1106347802989292 0.9799080690312666
vn 0.6754972700876739 -0.6357621542464356 -0.3735102693796137
vn 0.6754972700876739 -0.6357621542464356 -0.3735102693796137
vn 0.6754972700876739 -0.6357621542464356 -0.3735102693796137
vn 0.29289537616858824 0.23748273581444598 0.9261826217378231
vn 0.8166120391634877 0.34884400411538374 -0.4598397963269345
vn 0 0.14252983868834967 -0.9897905056543396
vn 0 0.14252983868834967 -0.9897905056543396
vn 0 0.14252983868834967 -0.9897905056543396
vn 0.0475636544981433 -0.9988367519619857 0.00792727574969055
vn 0.0475636544981433 -0.9988367519619857 0.00792727574969055
vn 0.0475636544981433 -0.9988367519619857 0.00792727574969055
vn -0.17464168480005504 0.9843440142862439 -0.023814774175730018
vn -0.03953464873176318 0.6404613057137012 0.7669721816553434
vn 0.11905137089113324 0.0396837890453863 0.9920947373995805
vn 0.11905137089113324 0.0396837890453863 0.9920947373995805
vn 0.07909402493235469 -0.023728207479706408 0.9965847216317336
vn 0.07909402493235469 -0.023728207479706408 0.9965847216317336
vn 0.4270009096726582 -0.0711668207728405 0.9014463415865687
vn 0.26197903085562624 0.9288347402976989 0.26197903085562624
vn 0.6259205373038963 0.27730655425377265 0.7289201300204992
vn 0.1746636988248367 0.52399106642525 0.8336221893755924
vn 0.9459381476225441 0.2916642641726602 -0.14189072512694528
vn 0.508947319893699 0.6282318517561131 0.5884703612010599
vn -0.055615140187996 -0.4528661377719413 0.889842243007936
vn 0.33212219318920927 0.5377216432654145 0.7749517940847236
vn 0.33212219318920927 0.5377216432654145 0.7749517940847236
vn 0.8847192069076456 -0.46605742814140727 -0.007899278633103978
vn 0.8847192069076456 -0.46605742814140727 -0.007899278633103978
vn 0.8847192069076456 -0.46605742814140727 -0.007899278633103978
vn 0.7859370759752099 -0.16671392384107328 0.5954069030545834
vn 0.3419922404862383 0.9384903427582639 0.047719849084835134
vn 0.0791163004077003 -0.996865392623196 0
vn 0.0791163004077003 -0.996865392623196 0
vn 0.5077926063053682 -0.6585435250408973 0.5553981406237425
vn 0.5077926063053682 -0.6585435250408973 0.5553981406237425
vn -0.12694814762901147 0.015868518453626433 0.9917824146130289
vn -0.12694814762901147 0.015868518453626433 0.9917824146130289
vn 0.039412864680533594 0.4966020987040621 0.8670830304304167
vn 0.7708616023675343 0.5324507888290956 -0.3496691972001985
vn 0.5946017473738634 -0.6104577859687039 0.5232495136836122
vn 0.5946017473738634 -0.6104577859687039 0.5232495136836122
vn -0.1345777544900246 -0.2216574841523221 0.965793346278429
vn -0.1345777544900246 -0.2216574841523221 0.965793346278429
vn 0.22907908125526527 0.9400141501878687 0.25277692137104313
vn 0.44204252166443836 -0.37889358999809003 0.8130424690622894
vn 0.44204252166443836 -0.37889358999809003 0.8130424690622894
vn 0.28592149118717775 0.5241893654390885 0.8021685670966336
vn 0.7296992689276356 -0.6821101496254643 0.04758908177723887
vn 0.7296992689276356 -0.6821101496254643 0.04758908177723887
vn 0.7296992689276356 -0.6821101496254643 0.04758908177723887
vn 0.3955196147787574 -0.12656627912440274 -0.909695119979143
vn 0.389011425947869 0.9209250022340748 -0.023817026308402548
vn 0.5148686366836582 -0.05544739204643734 -0.8554740637066442
vn 0.41072405824801217 -0.4818109081592728 0.7740568433616618
vn 0.41072405824801217 -0.4818109081592728 0.7740568433616618
vn 0.41072405824801217 -0.4818109081592728 0.7740568433616618
vn 0.6520887528005697 0.7316117949263973 -0.1988075451173138
vn 0.1578674058477029 0.9866712977514847 0.039466851461925724
vn 0.1578674058477029 0.9866712977514847 0.039466851461925724
vn 0.26159188493831265 0.5390378162358044 0.800629701174117
vn 0.545305454606179 0.1185446718479366 -0.8298127029355562
vn 0.91829530994132 0.07916339007953241 -0.3879006076443948
vn 0.99871123842329 -0.03963139805251016 -0.03170511844200813
vn 0.2610347712037932 0.02373043408601605 0.9650376752856193
vn 0.8949951095272319 -0.4435374012687415 0.04752186442165088
vn 0.8949951095272319 -0.4435374012687415 0.04752186442165088
vn 0.094865366747642 -0.9170318635998956 -0.3873669104793772
vn 0.9087573340860027 0.3951118817844238 -0.1343380386103385
vn 0.6737337691497035 0.28534608987527305 0.681660045257331
vn -0.5057589978637962 0.0474149060497309 0.8613708044530554
vn -0.5057589978637962 0.0474149060497309 0.8613708044530554
vn -0.18209291147894047 -0.9579670625555841 0.22167832245789945
vn 0.3232357105326622 0.9302881308640143 -0.17344356145439216
vn 0.4036321127621296 0.4590326041136971 0.7914355222680982
vn 0.20608327289530687 -0.2298620999600954 -0.9511535625937032
vn 0.20608327289530687 -0.2298620999600954 -0.9511535625937032
vn -0.06347407376157217 0.4839898236933645 0.8727685217292018
vn 0.984437073435237 -0.055573059749012596 -0.16671917549099863
vn 0.984437073435237 -0.055573059749012596 -0.16671917549099863
vn 0.5447104347255718 -0.8131184767572623 -0.20525322179451433
vn -0.22124193912799534 0.8138542499099359 0.5373018372148191
vn 0.03162969654276452 0.7986498189993231 0.6009642492769108
vn 0.03162969654276452 0.7986498189993231 0.6009642492769108
vn 0.41993456496795667 0.19015904319493318 0.8874088682430216
vn 0.8111347817086655 -0.11928453380389263 -0.5725657742981357
vn 0.8111347817086655 -0.11928453380389263 -0.5725657742981357
vn 0.9554848490227251 -0.284276491169925 0.0789656878405787
vn 0.5846195916857113 0.30811031726634214 -0.7505251264356617
vn 0.5846195916857113 0.30811031726634214 -0.7505251264356617
vn 0.5773141750068992 -0.30051970138732165 0.7592076477579626
vn -0.47398630052323765 0.1421958931469518 0.868974864359399
vn 0.47456416317172384 0.06327521976047934 0.8779436779186831
vn 0.47456416317172384 0.06327521976047934 0.8779436779186831
vn 0.47456416317172384 0.06327521976047934 0.8779436779186831
vn 0.9954644034560469 0.06320408863367592 0.07110460345071098
vn 0.9954644034560469 0.06320408863367592 0.07110460345071098
vn 0.9954644034560469 0.06320408863367592 0.07110460345071098
vn -0.095223100138103 -0.15076991230626133 0.9839720497774573
vn -0.095223100138103 -0.15076991230626133 0.9839720497774573
vn -0.095223100138103 -0.15076991230626133 0.9839720497774573
vn 0.4680476326195312 0.5711768157764231 0.674305908856476
vn 0.8561188930986212 0.4359864694479878 -0.2774459214655544
vn 0.8552594472965221 -0.32468181777852523 0.40387249846217543
vn -0.5320645041773951 -0.3335329723193098 0.7782436120973363
vn -0.5320645041773951 -0.3335329723193098 0.7782436120973363
vn -0.5320645041773951 -0.3335329723193098 0.7782436120973363
vn 0.7896568998967028 -0.3237593313486629 0.5211735563228387
vn 0.7896568998967028 -0.3237593313486629 0.5211735563228387
vn 0.5989639247123549 0.7881103927140816 0.14185988083044607
vn 0.10257867231956741 -0.03156266725735363 0.9942240260729754
vn 0.10257867231956741 -0.03156266725735363 0.9942240260729754
vn 0.9558127087399345 0.031597113473693816 -0.29227331084339486
vn 0.9558127087399345 0.031597113473693816 -0.29227331084339486
vn 0.8496613833550564 -0.5002679099994394 0.16675596499065576
vn 0.8496613833550564 -0.5002679099994394 0.16675596499065576
vn 0.3100907651039224 0.23058030595425252 0.9223212238170101
vn 0.3100907651039224 0.23058030595425252 0.9223212238170101
vn 0.46040445735562724 0.7223587481377438 -0.5159705172158019
vn 0.46040445735562724 0.7223587481377438 -0.5159705172158019
vn 0.5939301734337318 -0.28508648924275987 0.7523115330341646
vn 0.4045835509996675 0.06346408819753294 -0.912296256579931
vn 0.4045835509996675 0.06346408819753294 -0.912296256579931
vn 0.13484421363133905 0.9439094954193733 0.30141649342278826
vn -0.5853873739963831 0.0791063988568483 0.8068852458841468
vn -0.5853873739963831 0.0791063988568483 0.8068852458841468
vn 0.5224947276476494 0.7283260094172261 -0.4433288661781312
vn 0.38921999676176133 -0.7784399935235227 -0.4924824571534224
vn 0.6404613057137012 0.7669721816553434 0.03953464873176318
vn 0.6404613057137012 0.7669721816553434 0.03953464873176318
vn 0.6404613057137012 0.7669721816553434 0.03953464873176318
vn 0.6404613057137012 0.7669721816553434 0.03953464873176318
vn 0.3100907651039224 0.23058030595425252 0.9223212238170101
vn 0.3100907651039224 0.23058030595425252 0.9223212238170101
vn 0.85636108084865 0.5154024895799585 -0.03171707651270091
vn 0.41993456496795667 0.19015904319493318 -0.8874088682430216
vn 0.41993456496795667 0.19015904319493318 -0.8874088682430216
vn 0.7843568187455491 0.5466729233728548 0.29314347295878634
vn 0.11102023854671045 -0.9912521411366989 0.0713701571032419
vn 0.11102023854671045 -0.9912521411366989 0.0713701571032419
vn 0.9567384964315142 -0.21348710040720872 0.19767323391316236
vn 0.33420808658803397 0.6127148505094617 -0.7161602242685176
vn 0.33420808658803397 0.6127148505094617 -0.7161602242685176
vn 0.33420808658803397 0.6127148505094617 -0.7161602242685176
vn 0.30852461884325383 -0.6566036568062336 0.6882471921020141
vn 0.30852461884325383 -0.6566036568062336 0.6882471921020141
vn 0.5004099190331727 0.7228143408539052 0.47658088672244087
vn 0.19883269487833177 0.7953307795133271 -0.5726382021889074
vn 0.9567983139996049 0.20559302800376442 -0.20559302800376442
vn -0.01587601580838795 0.27783026538009187 0.9604989826964314
vn -0.01587601580838795 0.27783026538009187 0.9604989826964314
vn -0.04734400073262212 -0.15781333577540707 0.9863333597957985
vn 0.19768559408386596 0.17396333356815885 0.9647057398323916
vn -0.1983315059656626 0.475995638338836 0.8567921369992819
vn 0.4435374012687415 0.04752186442165088 0.8949951095272319
vn -0.5406710409719147 -0.10336358800063146 0.8348597451847717
vn -0.5406710409719147 -0.10336358800063146 0.8348597451847717
vn -0.1425700720035431 0.6336447311507646 0.7603736773809174
vn -0.18177417047436398 -0.4741934933962322 0.8614514970496218
vn 0.8298386160918446 -0.5374192623238421 0.15016127239095223
vn 0.8298386160918446 -0.5374192623238421 0.15016127239095223
vn 0.43565808960863833 -0.8950793362943357 -0.09505267327878386
vn 0.11035602376891032 -0.37048094066782356 0.9222610371363417
vn 0.3577970385091462 0.2544334415814719 -0.8984680868228389
vn 0.3577970385091462 0.2544334415814719 -0.8984680868228389
vn 0.3577970385091462 0.2544334415814719 -0.8984680868228389
vn 0.7623610840246149 -0.15882522583846143 -0.6273596458190276
vn 0.7623610840246149 -0.15882522583846143 -0.6273596458190276
vn 0.35622410540088206 0.02374827294435282 0.9340987133400313
vn 0.37936663960696404 -0.7587332792139281 0.5295325899003752
vn 0.37936663960696404 -0.7587332792139281 0.5295325899003752
vn 0.37936663960696404 -0.7587332792139281 0.5295325899003752
vn 0.7266656304465476 -0.6476802150361722 0.22905763593126305
vn 0.41988184636226944 -0.253513560825883 -0.87145287283524
vn 0.41988184636226944 -0.253513560825883 -0.87145287283524
vn 0.7936257961706166 0.5237930278756392 -0.30951407011866955
vn -0.10286729362217004 0.46685922744832137 0.8783284019370016
vn -0.10286729362217004 0.46685922744832137 0.8783284019370016
vn 0.33983864817050996 -0.44258057966788217 -0.8298386130510448
vn 0.33983864817050996 -0.44258057966788217 -0.8298386130510448
vn -0.10319735872331869 -0.47629549948874217 0.8732083956990453
vn 0.7185299693259368 0.4630526247395562 0.5189382910349516
vn 0.30256082465165995 -0.4856897440425117 -0.8200990305554732
vn 0.30256082465165995 -0.4856897440425117 -0.8200990305554732
vn 0.6177261196211732 0.44349567024537906 0.6494043667941956
vn 0.7781454644760784 0.627280537299059 0.031761039673034314
vn 0.5474466363489355 0.07934009494453709 -0.8330710231933578
vn 0.5474466363489355 0.07934009494453709 -0.8330710231933578
vn 0.5474466363489355 0.07934009494453709 -0.8330710231933578
vn 0.315430331940924 0.9462910256695388 0.07097182841755376
vn 0.315430331940924 0.9462910256695388 0.07097182841755376
vn 0.9218551139065564 -0.34172214858837374 0.182781624154276
vn 0.9218551139065564 -0.34172214858837374 0.182781624154276
vn 0.831189544793812 -0.26123098780771226 0.49079762798373655
vn 0.831189544793812 -0.26123098780771226 0.49079762798373655
vn -0.4681507613186587 0.07141283346973538 0.8807582369144124
vn -0.4681507613186587 0.07141283346973538 0.8807582369144124
vn 0.6435669201752136 0.5720595180135397 -0.5084973226146887
vn -0.07916338808916686 0.8232992660898462 -0.5620600292158877
vn 0.1813273475711853 0.9618233244940564 0.20497874397605137
vn 0.46041896335894456 0.23020948167947228 0.8573318918157329
vn 0.15016127239095223 -0.8298386160918446 0.5374192623238421
vn -0.2855704271391039 0.11105516027170546 0.951901403781198
vn 0.09525909717152267 0.0793825809762689 0.9922822734704135
vn 0.4827756736161304 -0.0949722614523943 -0.8705790708023651
vn 0.01587051681403012 0.00793525840701506 0.9998425667924274
vn 0.01587051681403012 0.00793525840701506 0.9998425667924274
vn 0.01587051681403012 0.00793525840701506 0.9998425667924274
vn 0.01587051681403012 0.00793525840701506 0.9998425667924274
vn 0.9387278876884345 0.32616816844903984 -0.11137449782875987
vn 0.7691149353972746 -0.3885219758185918 0.5074572794382437
vn 0.7691149353972746 -0.3885219758185918 0.5074572794382437
vn 0.3158726000488401 0.9476178300351356 0.04738089000732602
vn 0.9713991404690928 0.01579510767133269 -0.2369266225428433
vn 0.5207840001629638 0.12625066851619393 0.8443013643678875
vn 0.9336307885941041 0.1819788906436817 0.30857289892219386
vn 0.9336307885941041 0.1819788906436817 0.30857289892219386
vn -0.4367556038671496 0.13499718173160935 0.8893932220425139
vn -0.4367556038671496 0.13499718173160935 0.8893932220425139
vn -0.4532812042114355 0.8588486196311821 -0.23856906435295364
vn 0.9792966954809422 0.07107798861398396 0.18954129300681993
vn 0.2777602779614565 0.21427222687129177 0.9364489525747745
vn 0.9424874114746369 -0.0792006250171568 -0.32472255882326734
vn -0.19048818578893276 -0.9762519709437432 -0.10318110439076447
vn -0.19048818578893276 -0.9762519709437432 -0.10318110439076447
vn 0.6582535040514241 0.15068454340092222 0.7375611790109872
vn 0.5928715021994713 -0.4189625262263319 0.6877308946803192
vn 0.03959037875332856 0.8313979800428491 0.5542652800697861
vn 0.884443302368693 0.42642802825705955 0.18952356479329135
vn -0.6506911863058199 0.4285039644106628 0.626885422185163
vn -0.6506911863058199 0.4285039644106628 0.626885422185163
vn 0.6760097786544071 0.4215120026503528 -0.6044323045513933
vn -0.015863027259079628 0.745562288681729 0.6662471298713714
vn -0.3561348321742391 0.42736179261827406 0.8309812750732245
vn -0.3561348321742391 0.42736179261827406 0.8309812750732245
vn 0.5844919110109934 0.4186225800654184 -0.69507146497471
vn 0.5844919110109934 0.4186225800654184 -0.69507146497471
vn -0.33356453248532847 0.4685787472993975 0.8180272979841025
vn -0.33356453248532847 0.4685787472993975 0.8180272979841025
vn 0.25257211370582217 0.4577869486233736 0.8524308986940079
vn 0.49277792795229225 0.5484141184530689 -0.6755826140483403
vn 0.5245700203638181 0.03974015362760859 0.8504393064323623
vn -0.46041896335894456 0.23020948167947228 0.8573318918157329
vn -0.46041896335894456 0.23020948167947228 0.8573318918157329
vn 0.25437715969110436 0.6041457693099797 0.7551821965938678
vn 0.17396877333376068 0.8540285018714034 0.490275620336187
vn 0.823299250369715 0.4353986299222009 0.36415158574766043
vn 0.5230687263393058 0.7370514089300159 0.4279653351850533
vn 0.5230687263393058 0.7370514089300159 0.4279653351850533
vn 0.5230687263393058 0.7370514089300159 0.4279653351850533
vn 0.317170776448525 0.9435830336743415 -0.0951512329345575
vn 0.9645549754252953 0.26090420485304167 -0.039530940695992896
vn 0.3647005346318354 0.8958947694160075 -0.25370471452515886
vn 0.5553981225270848 0.825162988390097 0.10314537354876213
vn 0.7791285255814543 -0.166956110475239 0.6042221427589762
vn 0.7251974626648606 0.5498749660177569 0.4143985544031482
vn 0.7722522691032321 0.630410021681301 -0.07880125271016263
vn 0.674305908856476 0.4680476326195312 0.5711768157764231
vn -0.44403907582718183 -0.11893904191942652 0.8880781516543637
vn -0.44403907582718183 -0.11893904191942652 0.8880781516543637
vn -0.3883389135689255 0.9193329321230956 -0.06340227221526065
vn 0.3645058397725474 0.6893914391462783 0.6259991504814789
vn 0.3645058397725474 0.6893914391462783 0.6259991504814789
vn 0.3645058397725474 0.6893914391462783 0.6259991504814789
vn -0.047604056966722263 0.991751198067736 0.11901014617047972
vn 0.700600526785731 -0.41399121763402774 0.5811799838169336
vn -0.389011425947869 -0.9209250022340748 -0.023817026308402548
vn 0.6075813505700658 0.28406401775527257 0.7417226815031256
vn -0.14989934057691914 0.9704009887604534 0.18934653075073518
vn 0.3735102693796137 0.6754972700876739 0.6357621542464356
vn 0.3735102693796137 0.6754972700876739 0.6357621542464356
vn 0.023727465259573886 -0.86209791565693 -0.5061859255375762
vn 0.7661634054871952 0.6225077745100336 0.15961737614316568
vn 0.9633814223697471 0.26058676838274025 -0.06317255081665471
vn 0.9633814223697471 0.26058676838274025 -0.06317255081665471
vn 0.7904459009906923 0.18180256440807066 0.5849300002407656
vn 0.7904459009906923 0.18180256440807066 0.5849300002407656
vn 0.4279653351850533 0.5230687263393058 0.7370514089300159
vn 0.5725657742981357 -0.8111347817086655 0.11928453380389263
vn -0.49847951299202176 0.8070620401323197 0.31649492650703753
vn 0.22196371614089577 -0.21403644431492336 0.9512730991791729
vn 0.22196371614089577 -0.21403644431492336 0.9512730991791729
vn 0.22196371614089577 -0.21403644431492336 0.9512730991791729
vn 0.37181171618416115 0.9255738186405152 -0.07119799123151856
vn 0.7857637713668975 0.6111496199791921 -0.09524409486450611
vn 0.3412805834860097 0.7857390324639689 -0.5158892673801568
vn 0.15052368376026734 0.9189866629762814 0.36442575910459096
vn 0.33299789680872366 -0.8879944114956771 -0.31714086124845614
vn 0.13449349901090665 0.6170878436507791 -0.7753154789775804
vn -0.11886432957999703 0.9826117751985892 0.14263719849525636
vn -0.6719629822511728 0.7114902587430584 0.20554163130092643
vn 0.15007224786461906 0.22115909660928107 -0.9636218005046518
vn 0.07097182841755376 -0.315430331940924 0.9462910256695388
vn 0.547308866101411 0.2141643500042739 -0.8090652855450138
vn -0.29953778573167883 -0.9222610355096508 -0.2443597702152082
vn 0.8648070461564769 -0.04760405696672228 0.49984260190425794
vn 0.5466900667481358 -0.09507653660705537 -0.8319197215511399
vn 0.5466900667481358 -0.09507653660705537 -0.8319197215511399
vn 0.41046806089569426 -0.1894467904418954 0.8919786345960273
vn 0.03166634756912919 -0.06333269513825839 0.9974899559184319
vn 0.03166634756912919 -0.06333269513825839 0.9974899559184319
vn 0.03166634756912919 -0.06333269513825839 0.9974899559184319
vn 0.840740454434446 0.5393429035798868 -0.04758908105204643
vn 0.3894534948181285 -0.7153227750528508 0.5802062588981908
vn 0.3894534948181285 -0.7153227750528508 0.5802062588981908
vn 0.6390445513263562 0.13412045844027745 0.757386139329118
vn 0.1972421053360212 -0.9783208759116869 0.06311747490199185
vn -0.12625066753438077 0.9705520253363925 -0.2051573422097049
vn 0.06334659194137661 -0.02375497197801623 0.9977088305691878
vn -0.12683242541947823 0.9750242891640908 0.18232161529087032
vn 0.8557425686824298 0.332788763381045 0.39617710069123335
vn 0.17460317930313046 -0.9841269833096005 0.03174603123516698
vn 0.17460317930313046 -0.9841269833096005 0.03174603123516698
vn 0.17460317930313046 -0.9841269833096005 0.03174603123516698
vn 0.7345641702581097 -0.6634772899984963 0.1421737156765141
vn 0.5544043539538919 0.2296818093479818 -0.7999262958370633
vn 0.5544043539538919 0.2296818093479818 -0.7999262958370633
vn 0.5544043539538919 0.2296818093479818 -0.7999262958370633
vn 0.8716717377163737 0.3090472535537179 0.3803658459134068
vn 0.007916090785718774 0.07124482081666547 0.9974274464909584
vn 0.4498660628409843 0.38672696577783117 0.8050234651513107
vn 0.4498660628409843 0.38672696577783117 0.8050234651513107
vn 0.7508297999338187 0.23710415364516582 0.6164707875119073
vn 0.7508297999338187 0.23710415364516582 0.6164707875119073
vn 0.8588486196311821 0.4532812042114355 0.23856906435295364
vn 0.8588486196311821 0.4532812042114355 0.23856906435295364
vn 0.8796512694921435 0.4675623732460071 0.08717265170580737
vn 0.49235820455790485 0.7385373068368574 0.4605931445589241
vn 0.887882792150724 0.015855049859834356 0.45979643843398404
vn 0.5795476494755278 0.5477915702560302 0.6033646638176811
vn 0.6050640963245192 0.5174890130988153 0.6050640963245192
vn 0.6050640963245192 0.5174890130988153 0.6050640963245192
vn 0.8919786345960273 0.1894467904418954 0.41046806089569426
vn 0.90773759449607 0.2762679557486531 0.3157348193737085
vn 0.8712068493818054 0.0871206879358409 0.48312380537892563
vn 0.8712068493818054 0.0871206879358409 0.48312380537892563
vn 0.6290877668812711 0.47778818958664004 0.6131615019322856
vn -0.11922046869443172 0.3258692670596309 0.937867634919928
vn 0.6966596754927711 0.26916394646364805 0.6649932830235363
vn 0.753991996179082 0.5952568548991671 0.2777865122597482
vn -0.9792966954809422 0.07107798861398396 0.18954129300681993
vn 0.5065663239216855 0.6252928098355578 0.5936324295693612
vn 0.9041925428178881 0.11104119039052845 0.4124387221747929
vn 0.3245088847195785 0.8627187634922819 0.387827692224786
vn 0.6276367634699628 0.7070844771252335 0.325735529762237
vn 0.612540359889255 0.38184333419117406 0.6920910168760385
vn 0.5618136422545791 0.7675482475330531 -0.3086018779683347
vn 0.887205420561471 0.4475991291862875 0.11189978229657188
vn 0.7276422831217401 0.64064155843722 0.2451838114894854
vn 0.8893371406608248 0.15881020368943302 0.4287875574749684
vn 0.8063555864262265 0.08695992234348549 0.5850031112269671
vn 0.4754573159469472 0.51507873894746 0.7131859739204207
vn 0.9301840600225572 0.1113040778086513 0.3498128310155556
vn 0.6802937156741878 0.6961145526768504 0.22940137306850572
vn -0.23808774995822798 -0.9206059224495569 0.3095140689381158
vn 0.015866521149803293 0.7853927856553037 0.6187943323489679
vn 0.4208603168631631 0.8814244173563783 0.21440053679458676
vn 0.4757113021233031 0.7769950947921994 -0.4122831305074374
vn 0.4757113021233031 0.7769950947921994 -0.4122831305074374
vn -0.02380427663500908 0.7379325869473673 0.6744544858884475
vn -0.2607412701656712 0.948150116828483 0.18172877039843233
vn 0.9349486307648561 0.14261929358718037 0.3248550367896648
vn 0.8795960200197115 0.0158485768697412 0.47545732108853567
vn 0.03939817865649893 -0.32306506125534207 0.9455563175795679
vn 0.03939817865649893 -0.32306506125534207 0.9455563175795679
vn -0.02377883849224466 0.9670061211847175 0.2536409439172763
vn 0.11905137089113324 0.9920947373995805 -0.0396837890453863
vn -0.007899278504378295 -0.1579855700875659 0.9874098242590141
vn 0.30935822118561573 0.44420667118551366 -0.8408197929753775
vn 0.8919508532137378 0.3157348166188266 -0.32362818329985
vn 0.7740568522948614 -0.03949269692697178 0.6318831508315484
vn 0.8485118354242265 -0.1744603810235387 0.49959107337714914
vn 0.5544043539538919 -0.2296818093479818 -0.7999262958370633
vn 0.7683424409613097 -0.38021069428891807 0.5148686447686975
vn 0.7511583301998205 -0.545578134197458 0.3716257020942416
vn 0.5451182329434161 0.8374280611652075 -0.039501322582026134
vn 0.11908513209147487 0.03175603422278285 0.9923760807300815
vn -0.651347747444765 -0.07943265304400869 0.7546102076761356
vn 0.5140468444408799 -0.07908413048960676 -0.8541086242540095
vn -0.9954644037206182 -0.09480613297571114 -0.007900511081309262
vn -0.15912656399470662 0.7478948583035877 0.6444625804143285
vn 0.8376633635354372 0.03160993740010877 0.5452714014580805
vn 0.8376633635354372 0.03160993740010877 0.5452714014580805
vn -0.1827816174694956 0.5324507764834332 0.8264908051136588
vn -0.1827816174694956 0.5324507764834332 0.8264908051136588
vn 0.2466617992895743 0.5171940836268724 0.8195536813611356
vn 0.8380559753099843 -0.00790618823459354 0.5455269694843968
vn 0.8889728801553426 0.41273742366439553 0.19843144270803523
vn 0.8889728801553426 0.41273742366439553 0.19843144270803523
vn -0.36404894911132196 0.9101223428242395 0.1978526819203101
vn -0.3886808472801984 -0.9201424078423516 -0.04759357359588317
vn -0.04767162540181626 0.9295966765404073 -0.36548246893192865
vn 0.8378465136818962 -0.023712636544653866 0.5453906218291559
vn 0.37227795864883934 0.8633680343115145 0.3405947134547516
vn 0.3790471202822695 0.8212687905001992 -0.426428017789707
vn -0.3257149750901319 0.3972133813227737 0.857980934928139
vn -0.3257149750901319 0.3972133813227737 0.857980934928139
vn 0.9425169739559346 -0.031681243703740716 0.3326530513948913
vn 0.8484051401527649 -0.15065138044783452 0.5074572688724922
vn 0.3018917063341244 0.7626737654319978 -0.572005354143166
vn -0.5640429865165291 0.7149841233167963 0.41310193992091915
vn -0.5640429865165291 0.7149841233167963 0.41310193992091915
vn 0.0078970615012146 -0.41854427077295436 0.9081620614310983
vn 0.0078970615012146 -0.41854427077295436 0.9081620614310983
vn 0.0078970615012146 -0.41854427077295436 0.9081620614310983
vn 0.7381417459812062 -0.10318110645731918 -0.6667086485940162
vn 0.7381417459812062 -0.10318110645731918 -0.6667086485940162
vn -0.8155618118262375 0.5542653043527306 -0.1662795943027278
vn 0.13496314136882814 0.825656917871031 -0.5477915702560303
vn 0.13496314136882814 0.825656917871031 -0.5477915702560303
vn 0.47527827534801326 -0.8238156812673969 0.30893087297994765
vn 0.47527827534801326 -0.8238156812673969 0.30893087297994765
vn 0.840740454434446 -0.04758908105204643 0.5393429035798868
vn -0.15879018098842362 0.8733460029488819 -0.46049151735387656
vn 0.6604379454980268 -0.12731334106829864 0.7400088062532584
vn 0.3480572833452223 0.08701432083630557 -0.9334262881876321
vn 0.3480572833452223 0.08701432083630557 -0.9334262881876321
vn -0.25297431066881815 -0.9170318612138221 -0.30831244486778303
vn -0.6121530825720769 -0.17490088503345994 0.7711538652642652
vn 0.15799049935751888 -0.9874406321965701 0
vn 0.35722163115569294 0.7938258069520197 0.4921720171357173
vn 0.7677645778541994 0.2928586660708855 -0.5698871420724846
vn 0.6581914258188503 -0.6899114800682972 0.301340665441159
vn 0.4369209447861837 0.5560811751212608 0.7070175490628973
vn 0.32616816817558925 0.6523363363511785 0.6841576063634041
vn 0.32616816817558925 0.6523363363511785 0.6841576063634041
vn 0.32616816817558925 0.6523363363511785 0.6841576063634041
vn -0.13412463040242975 -0.15779368721780362 0.9783208756811957
vn 0.3646088750560744 0.9115221576400498 -0.19023071350749932
vn -0.34753575121821234 0.10268101672594587 0.9320276339408177
vn -0.32549935545241404 0.21435324030794756 0.9209250012729302
vn 0.6758174638199388 -0.29417938607586264 -0.6758174638199388
vn 0.11041435123667656 -0.9858424329499708 0.1261878299847732
vn 0.2302602753280612 0.9051610895780584 0.3573004443318084
vn 0.2302602753280612 0.9051610895780584 0.3573004443318084
vn 0.11896148087880123 0.5154997304633967 -0.8485918889308853
vn 0.11896148087880123 0.5154997304633967 -0.8485918889308853
vn 0.5146103941449698 -0.5779470884660681 -0.6333666435577056
vn 0.5146103941449698 -0.5779470884660681 -0.6333666435577056
vn -0.06311943769234521 0.5680749690936621 -0.8205527198630428
vn 0.5639540103125528 0.5718970812818249 -0.595726113808786
vn 0.2769937403254547 -0.9576069958825404 0.07914107187377967
vn 0.7021382133581265 0.7021382133581265 0.11833790045676813
vn 0.21452231560689278 -0.3654824647403364 0.9057608647286464
vn -0.678597333668857 0.03156266772408679 0.7338320357845226
vn 0.11030805373277772 0.9927724910504351 0.04727488017119045
vn -0.8220637745344562 0.5533121133616821 0.13437580066883978
vn 0.8689477549672422 0.4344738774836211 -0.23698575679086098
vn 0.8689477549672422 0.4344738774836211 -0.23698575679086098
vn 0.3485264805339211 -0.32476329369093804 -0.879237223641977
vn 0.4997954138407642 0.41252955984735995 0.7615930058475344
vn -0.18225291889006706 0.388277945899494 0.9033405284188905
vn -0.18225291889006706 0.388277945899494 0.9033405284188905
vn 0.44316225690321376 -0.6647433703787261 -0.601434506487599
vn 0.039691289459812124 -0.7144432328107224 0.6985667245381656
vn 0.10309994954599723 0.9596225986539609 0.26171524326303924
vn 0.10309994954599723 0.9596225986539609 0.26171524326303924
vn -0.15825241218010702 0.9811649704908825 0.11077668852607492
vn 0.5222002694858446 -0.7674761608980597 -0.3718698979509995
vn 0.5222002694858446 -0.7674761608980597 -0.3718698979509995
vn 0.5070748802170525 -0.2773065638732407 -0.8160736091099124
vn -0.4676358162207619 0.5627481729100717 0.6816386412711049
vn -0.4676358162207619 0.5627481729100717 0.6816386412711049
vn -0.12704416108713482 0.9369506654778315 -0.32555065902915165
vn -0.16672442740854362 0.9527110652761234 -0.2540562760604969
vn -0.21413066418586427 0.7216996520743619 0.6582535004472561
vn -0.21413066418586427 0.7216996520743619 0.6582535004472561
vn 0.6990073700910463 -0.46865263715278044 -0.5401420204429046
vn 0.6990073700910463 -0.46865263715278044 -0.5401420204429046
vn 0.6990073700910463 -0.46865263715278044 -0.5401420204429046
vn -0.39750199062410957 -0.5644528110394011 0.7234536554331509
vn 0.5426299595043371 0.20747617431176288 0.8139449392565056
vn 0.5426299595043371 0.20747617431176288 0.8139449392565056
vn 0.9784735329188479 0.18296659583124067 -0.09546083064396678
vn 0.9784735329188479 0.18296659583124067 -0.09546083064396678
vn 0.45150019025229754 0.5148686385329773 0.7287371702179996
vn 0.3959286096488154 0.7760200821047096 -0.4909514927482712
vn 0.5077926063053682 0.5553981406237425 -0.6585435250408973
vn -0.03172106568877153 0.9992135767001097 -0.023790799266578653
vn 0.06327521976047934 0.8779436779186831 -0.47456416317172384
vn 0.9928768382024097 -0.11914522298936724 0
vn -0.30088688317050527 0.8313979721759645 0.4671664536304304
vn 0.8999563724658517 -0.3710346516031304 0.22893626835398762
vn 0.2223483089070315 -0.3414634631219815 0.9132162574543483
vn 0.5917079391077287 -0.16567821399195473 0.7889438789960415
vn 0.09457031110280885 -0.0709277370556347 0.992988274036549
vn 0.9648264049443014 0.031633651885079245 -0.2609776243103398
vn -0.5942283733836442 0.760612293940751 -0.26146047229364666
vn 0.3016538092765638 -0.039691289705946806 0.9525909829881958
vn 0.9928768382024097 0.11914522298936724 0
vn -0.28473849768766546 0.949128305668047 -0.1344598353199715
vn 0.4921720077447319 0.595369373899425 -0.6350606454624047
vn -0.3795563628248036 0.9251686156799775 0
vn -0.1827354634215593 0.6991617887804353 0.6912167124118527
vn 0.9114076500040501 0.39626419304555505 0.11095397615250115
vn 0.21326055931835572 -0.23695618034207755 0.9478247213683102
vn 0.21326055931835572 -0.23695618034207755 0.9478247213683102
vn 0.31698149984729296 0.15849074992364648 -0.9350954020543576
vn 0.31698149984729296 0.15849074992364648 -0.9350954020543576
vn 0.023784069301798157 -0.9989309181772064 -0.03964011550299693
vn 0.023784069301798157 -0.9989309181772064 -0.03964011550299693
vn -0.6504455033390447 0.3172904930949949 0.6901067962116817
vn -0.3942266407644777 0.9067212797267246 0.14980613005576993
vn 0.3495808889614052 0.3575259050644736 -0.866007176229379
vn 0.3495808889614052 0.3575259050644736 -0.866007176229379
vn 0.6657238413629049 -0.38041363220633634 -0.6419480005986467
vn 0.6657238413629049 -0.38041363220633634 -0.6419480005986467
vn 0.23698575679086098 0.8689477549672422 -0.4344738774836211
vn 0.23698575679086098 0.8689477549672422 -0.4344738774836211
vn 0.36374151789615017 0.5614270877121308 0.7432978765889756
vn 0.7825169974610526 0.5849117258950749 0.2134137333795173
vn 0.0714060891569724 0.8489390341186949 0.5236446187835063
vn 0.08694633780860067 -0.9959307431788834 -0.02371263656427929
vn 0.41123749842826507 -0.13444301969793868 0.9015590908758905
vn -0.039615224178077446 0.8953040626760638 -0.4436905107944674
vn 0.9943788200855109 -0.09470274405885831 -0.047351372029429156
vn -0.4186225936076618 0.8846364005370222 0.20536202902702266
vn -0.09537938253158748 0.8822592921776107 -0.4610003413818198
vn 0.00792403966963224 0.9984290058715767 0.05546827768742568
vn 0.948564737866969 -0.01580941179914146 0.3161882359828292
vn 0.3095140689381158 0.23808774995822798 0.9206059224495569
vn 0.3095140689381158 0.23808774995822798 0.9206059224495569
vn 0.3095140689381158 0.23808774995822798 0.9206059224495569
vn 0.11049686065881452 0.915545401950927 0.3867390085717525
vn 0.6810826149372975 -0.45933479448612996 0.5702087496737993
vn 0.7384209021242539 -0.1429201799365189 0.6590207837943476
vn 0.11108312708204876 0.6188917155363782 0.7775818820665205
vn 0.38078452723513884 0.9122962519079152 -0.15072721245044413
vn 0.34800283639561075 -0.8462796071820909 0.40336689542937876
vn 0.34800283639561075 -0.8462796071820909 0.40336689542937876
vn 0.34800283639561075 -0.8462796071820909 0.40336689542937876
vn 0.34800283639561075 -0.8462796071820909 0.40336689542937876
vn 0.7115792059749355 0.6641405563332403 -0.22928662206385808
vn -0.45983978887405647 0.8879665033467122 0.007928272351309931
vn -0.2617975868930525 0.9519912687406374 -0.15866520645234675
vn -0.19716234744510472 0.9700387864433592 0.14195690030932293
vn 0.7148036758832966 0.023826788444594123 0.6989191577687248
vn -0.13494613349618204 0.8731808956106768 0.46834246507760396
vn -0.10280615846181065 0.11071432046808384 0.9885207296893755
vn 0.2217756547969113 0.6653269494014918 0.7128503414739352
vn 0.2217756547969113 0.6653269494014918 0.7128503414739352
vn 0.2217756547969113 0.6653269494014918 0.7128503414739352
vn 0.7053502808306485 0.6340227007495082 0.3170113503747541
vn 0.7144432328107224 -0.039691289459812124 0.6985667245381656
vn 0.7144432328107224 -0.039691289459812124 0.6985667245381656
vn 0.23029657219700808 -0.428828114463248 0.87353874389188
vn 0.23029657219700808 -0.428828114463248 0.87353874389188
vn 0.9707949595900933 -0.02387200664758608 0.2387200740052806
vn 0.9707949595900933 -0.02387200664758608 0.2387200740052806
vn 0.9707949595900933 -0.02387200664758608 0.2387200740052806
vn 0.7069060150865543 0.5798217923842005 0.40508094859030513
vn 0.7229055757652718 -0.20654445236631125 0.6593534088212342
vn 0.8738970354183856 0.09533422122557386 -0.4766711211624532
vn 0 -0.7381417482251781 -0.6746456547900368
vn -0.039611494461271705 0.8872974759324862 -0.4594933282544845
vn 0.1733143371889821 0.9847405210376869 -0.0157558481577003
vn 0.7416303530271706 -0.015779369054505613 -0.6706231661529716
vn 0.9362720695678913 0.1110831295701607 0.33324938120266107
vn -0.5149979016494521 0.610074453024556 0.6021514120746126
vn -0.5149979016494521 0.610074453024556 0.6021514120746126
vn 0.18168907975792134 0.7109572764176589 -0.6793591313918611
vn 0.18168907975792134 0.7109572764176589 -0.6793591313918611
vn 0.3557784908688237 -0.05534331905624494 0.9329302130764879
vn 0.3487891815039315 0.5786729615862028 -0.7372134768131079
vn 0.3487891815039315 0.5786729615862028 -0.7372134768131079
vn -0.6362646403738853 0.7714708726905315 0
vn 0.7047750376768409 -0.3880221935694655 0.5939115452364498
vn 0.055343317445753416 0.9882735370385597 0.1423113951986746
vn 0.6325939278611036 0.6563161889326063 0.41118606807410213
vn 0.4435373964771486 0.7445092087238855 0.4989795747839852
vn 0.7126268398887615 0.2454603519658065 0.6572002759303894
vn 0.758449082462854 0.5609362744067061 0.3318214661018473
vn 0.7216315785445495 -0.11895026085930556 0.6819814515724051
vn 0.9509146225712343 -0.07131859819247251 0.3011229618147176
vn 0.9509146225712343 -0.07131859819247251 0.3011229618147176
vn -0.26061115145311714 0.8844984660974498 0.38696807518132426
vn 0.451599375115462 -0.15053313003631252 0.8794303731147763
vn 0.451599375115462 -0.15053313003631252 0.8794303731147763
vn 0.3575259050644736 0.866007176229379 0.3495808889614052
vn 0.35752591518655186 0.9216223150433251 0.1509553854097308
vn 0.35752591518655186 0.9216223150433251 0.1509553854097308
vn 0.4284365164820565 0.8489390272923295 0.309426371346519
vn 0.4284365164820565 0.8489390272923295 0.309426371346519
vn -0.09537034764389767 0.3337962092335013 0.9378083959379053
vn 0.3331235683860154 0.20621936400894017 0.9200555755461276
vn 0.3331235683860154 0.20621936400894017 0.9200555755461276
vn -0.007935258506302964 0.5872091519920093 0.8093963451173124
vn -0.007935258506302964 0.5872091519920093 0.8093963451173124
vn 0.9242444239475428 -0.1579905030144168 0.34757912158115345
vn 0.9242444239475428 -0.1579905030144168 0.34757912158115345
vn 0.6940330915806017 -0.2996961023006271 0.6545993538469803
vn 0.6806132268693992 -0.3244784058224033 -0.6568709154509548
vn 0.6806132268693992 -0.3244784058224033 -0.6568709154509548
vn 0.6806132268693992 -0.3244784058224033 -0.6568709154509548
vn 0.681232173100341 0.1663473928489964 0.7129174364716635
vn 0.7357125368929219 -0.1661286310847822 0.6566036407091247
vn 0.9491283081401057 -0.06327521854692325 0.308466694158283
vn 0.7539919898872824 -0.5793833419443832 0.3095335559566587
vn 0.7539919898872824 -0.5793833419443832 0.3095335559566587
vn 0.4284365164820565 0.8489390272923295 0.309426371346519
vn 0.9197663184214544 -0.2775156927972215 0.2775156927972215
vn 0.9197663184214544 -0.2775156927972215 0.2775156927972215
vn 0.25402426466777117 0.9049614353675665 -0.3413450943802649
vn 0 0.8567921441426131 0.5156619258152612
vn 0 0.8567921441426131 0.5156619258152612
vn 0.8717210944302158 0.21593091427118338 0.43985926588784907
vn 0.8717210944302158 0.21593091427118338 0.43985926588784907
vn 0.8717210944302158 0.21593091427118338 0.43985926588784907
vn 0.7941010885905146 -0.2938174196097903 0.5320477281534091
vn 0.6271026442458976 0.7779247870211784 -0.03969004053736276
vn 0.8301497837700019 -0.173936147165797 0.5297145960002776
vn 0.9193329253479597 -0.18228153502507435 -0.3487125096122381
vn 0.9193329253479597 -0.18228153502507435 -0.3487125096122381
vn -0.023691923265450724 -0.884498468576827 -0.46594114634493417
vn 0.9025757631924487 -0.36419724829388894 -0.22960260458611528
vn 0.9025757631924487 -0.36419724829388894 -0.22960260458611528
vn -0.2696969126526977 -0.943939194284442 0.19037429658239483
vn 0.3804972725481274 0.7213594312910098 0.5786729615862027
vn 0.3804972725481274 0.7213594312910098 0.5786729615862027
vn 0.3804972725481274 0.7213594312910098 0.5786729615862027
vn -0.6337839092913855 0.649628499527403 0.4198818511499438
vn 0.31701135037475403 0.7053502808306484 -0.6340227007495081
vn 0.31701135037475403 0.7053502808306484 -0.6340227007495081
vn 0.4840965137844229 -0.6824966859438965 -0.5475845496518016
vn 0.4840965137844229 -0.6824966859438965 -0.5475845496518016
vn 0.6948114338004845 0.03158233654166036 0.718498175000246
vn 0.14219589284466966 0.9795716697190738 0.14219589284466966
vn 0.14219589284466966 0.9795716697190738 0.14219589284466966
vn 0.785368080184865 -0.3173204409876647 -0.5315117273947333
vn 0.785368080184865 -0.3173204409876647 -0.5315117273947333
vn 0.5623773346010905 -0.1346537305365506 0.815843187370933
vn 0.9024343587497602 -0.1504057314518888 -0.4037206262928999
vn 0.9024343587497602 -0.1504057314518888 -0.4037206262928999
vn 0.1982068001806983 0.9672492256922489 -0.15856544314532636
vn 0.1982068001806983 0.9672492256922489 -0.15856544314532636
vn 0.6170878407270604 0.17405042198984425 -0.767404096569709
vn -0.15070824299691446 0.7773372264908648 0.6107649808267277
vn -0.15070824299691446 0.7773372264908648 0.6107649808267277
vn 0.10330156477023582 -0.9694454412732156 -0.22249566986932773
vn 0.7298829453871724 -0.2538723236081465 -0.6346808090203662
vn 0.7298829453871724 -0.2538723236081465 -0.6346808090203662
vn 0.7298829453871724 -0.2538723236081465 -0.6346808090203662
vn 0.25370470884390145 -0.00792827215137192 0.9672492249731323
vn 0 -0.9886443950809499 0.15027395008790623
vn -0.19792707447912897 0.7917082979165159 0.5779470946360633
vn -0.19792707447912897 0.7917082979165159 0.5779470946360633
vn 0.7401962943825912 0.07163190212870175 -0.6685643696606218
vn 0.7401962943825912 0.07163190212870175 -0.6685643696606218
vn 0.08687309698492074 0.995091802864696 0.04738532359008776
vn -0.07108464163603118 0.9319985633695744 -0.35542320070660344
vn -0.07108464163603118 0.9319985633695744 -0.35542320070660344
vn -0.8905924181142878 0.4492368816256979 0.07093214352156879
vn 0.2687851999577116 -0.2687851999577116 0.9249373127771341
vn 0.31573482309652207 0.13418729608157456 -0.939311072571022
vn -0.4116496354371174 -0.8945462868606937 -0.17415946229887702
vn -0.4116496354371174 -0.8945462868606937 -0.17415946229887702
vn 0.5931866568173797 0.44291268978716014 0.672278171145935
vn 0.5931866568173797 0.44291268978716014 0.672278171145935
vn 0.5931866568173797 0.44291268978716014 0.672278171145935
vn 0.4341894836953842 -0.6789144371650795 -0.5920765822570245
vn 0.4341894836953842 -0.6789144371650795 -0.5920765822570245
vn 0.3719980034826514 0.9102078604656331 0.18204157808450258
vn -0.5929085448853777 0.5533812686646371 0.5850031016097442
vn 0.9801835586760509 -0.17390353942937709 -0.09485647197259452
vn 0.42674749280159957 -0.07902731209700883 -0.9009113504281487
vn 0.8638559454351733 -0.4913676030914332 0.11095397319827066
vn 0.3972133873003621 0.897702268528835 -0.19066242951236015
vn 0.44559669619506304 0.7718371307161435 0.4535537762910984
vn 0.44559669619506304 0.7718371307161435 0.4535537762910984
vn 0.26881878965264555 -0.9487722551035053 0.16603513566560538
vn 0.36424290364600354 0.5701193456885418 -0.7364041273751779
vn 0.2142384884404185 -0.9759753378970304 0.03967379346044259
vn 0.2142384884404185 -0.9759753378970304 0.03967379346044259
vn 0.7691149353972746 -0.3885219758185918 -0.5074572794382437
vn -0.5466900667481358 0.09507653660705537 0.8319197215511399
vn 0.20674024780947006 -0.6838330799110669 0.6997362279852483
vn 0.8604553434891049 -0.08763897240388553 0.5019322786761553
vn 0.8604553434891049 -0.08763897240388553 0.5019322786761553
vn 0.06329304032616025 -0.996865392623196 -0.04746978024462018
vn 0.06329304032616025 -0.996865392623196 -0.04746978024462018
vn 0.43762576088218547 0.007956831947594797 -0.8991220063137404
vn 0.43762576088218547 0.007956831947594797 -0.8991220063137404
vn 0.43762576088218547 0.007956831947594797 -0.8991220063137404
vn 0.2701050958617086 -0.4369347298124093 0.8579809316490048
vn 0.1267687151748772 0.8477658014744237 0.5149979016494521
vn -0.4921720084490559 -0.09525909695568148 0.8652701419478258
vn 0.4380419539479003 -0.44600634927402766 0.7805111036934449
vn 0.4380419539479003 -0.44600634927402766 0.7805111036934449
vn -0.007873771635074703 0.999969001379662 0
vn 0.332788763381045 -0.39617710069123335 0.8557425686824298
vn 0.7448597456926246 -0.40412601692259853 -0.5309106532110598
vn 0.7448597456926246 -0.40412601692259853 -0.5309106532110598
vn 0.9406012525925733 0.30826428837835657 0.1422758311585903
vn 0.023775851540228567 0.9985857721886915 0.047551703080457135
vn 0.37238311165280974 -0.483305747036177 0.792304469908869
vn 0.7536360257878235 -0.3252534373354248 -0.5711768046202733
vn 0.7536360257878235 -0.3252534373354248 -0.5711768046202733
vn 0.8240225301373992 -0.38031807699164605 -0.4199345545907548
vn 0.7301587236802081 0.5873015925388971 -0.34920635394414684
vn -0.007920807658069181 0.5782189852710471 0.8158431625491288
vn -0.5551011878941217 0.6264713697800974 0.5471711743544093
vn -0.5551011878941217 0.6264713697800974 0.5471711743544093
vn 0.015846586889139338 0.9983349815129867 0.05546305411198769
vn 0.1344598353199715 0.28473849768766546 0.949128305668047
vn 0.33294558417195014 -0.93541854457815 0.11890914363367654
vn 0.460418975822827 -0.3810364000007135 0.8017640728897468
vn 0.823815681267397 0.4752782753480133 -0.30893087297994765
vn 0.8790166423011235 -0.35635810795110745 -0.3167627526322588
vn 0.8790166423011235 -0.35635810795110745 -0.3167627526322588
vn 0.8790166423011235 -0.35635810795110745 -0.3167627526322588
vn 0.17464168418045825 -0.8573318823073603 0.4842337511222566
vn 0.976713548125886 0.00794076040115078 -0.21440053458793906
vn 0.6638086728007536 0.2054646013066915 0.7191260970959019
vn 0.7038267716147383 -0.49030627957644185 -0.5140307653888853
vn 0.7038267716147383 -0.49030627957644185 -0.5140307653888853
vn 0.7108463651806975 -0.02369487809200138 0.7029480762201398
vn -0.5149332562716712 0.5941537803012573 0.6179199195196565
vn 0.00792702659413768 0.22195674463585507 0.9750242898307866
vn 0.9001246762075388 0.300041568697476 -0.3158332223434249
vn 0.1893052955345859 -0.0867649308517928 0.9780773751891241
vn 0.961226072141621 0 -0.27576156047424544
vn 0.961226072141621 0 -0.27576156047424544
vn -0.14229805554856464 -0.7193957061569213 -0.6798684294406399
vn -0.14229805554856464 -0.7193957061569213 -0.6798684294406399
vn 0.9365079288260435 0.03174603224932815 -0.34920636976203434
vn 0.8501439823773816 -0.04767162412611433 -0.5243878578692539
vn 0.8501439823773816 -0.04767162412611433 -0.5243878578692539
vn 0.6821745197666774 0.705971354912429 -0.19037429086988697
vn 0.540210191013697 0.11121974830396016 -0.8341481385893927
vn 0.3410765391235736 0.08725214454806382 0.9359774878335746
vn 0.15808918700318902 0.9327261808806541 0.324082829616844
vn 0.15808918700318902 0.9327261808806541 0.324082829616844
vn 0.03952723525077449 0.996086335799839 0.07905447050154898
vn 0.26824925934337784 0.03944842158952712 0.9625415091806816
vn 0.9723396114190678 0.09486239928964371 -0.21344040214174229
vn 0.7744192872849227 0.1027290938601598 -0.6242767821694016
vn 0.7744192872849227 0.1027290938601598 -0.6242767821694016
vn 0.27639713365999674 0.9555444412704345 0.1026618004016649
vn 0.27639713365999674 0.9555444412704345 0.1026618004016649
vn 0.8161760818903094 -0.3882779506055818 -0.4278981612763863
vn 0.3487891959379326 -0.9274621214655278 -0.1347594525205309
vn 0.5917263582074773 -0.04733810716351683 0.8047477993835658
vn 0.11821289258619772 0.9929882738614811 0
vn 0.8494471591908088 -0.3731216448711229 -0.3731216448711229
vn 0.8494471591908088 -0.3731216448711229 -0.3731216448711229
vn 0.8494471591908088 -0.3731216448711229 -0.3731216448711229
vn 0.04746978024462018 0.996865392623196 0.06329304032616025
vn 0.06329304032616025 0.996865392623196 0.04746978024462018
vn 0.7299518732739091 0.11107963060459086 -0.6744120241874832
vn 0.7299518732739091 0.11107963060459086 -0.6744120241874832
vn 0.617474449012524 0.3799842717057822 -0.6887214662495327
vn -0.06334659194137661 0.9977088305691878 -0.02375497197801623
vn 0.49815214423136694 -0.4190803833815178 0.7590889759853527
vn 0.49815214423136694 -0.4190803833815178 0.7590889759853527
vn -0.023786312547653156 -0.9276661706024951 0.3726522336644284
vn -0.023786312547653156 -0.9276661706024951 0.3726522336644284
vn -0.023786312547653156 -0.9276661706024951 0.3726522336644284
vn 0.7273011362848412 -0.2845961059135902 0.6245303144424612
vn 0.7273011362848412 -0.2845961059135902 0.6245303144424612
vn -0.1823674599422187 0.9831984744692648 -0.007929019834387187
vn 0.9745345120184026 0.11884567366019015 0.1901530718587259
vn 0.31013978209309445 0.28628288735463636 0.9065624214421975
vn 0.6730364271231047 0.585937634161284 -0.45133031876757773
vn 0.6730364271231047 0.585937634161284 -0.45133031876757773
vn 0.6730364271231047 0.585937634161284 -0.45133031876757773
vn 0.9165737177014529 -0.24494643229254487 -0.3160599078119387
vn 0.5700657337043208 -0.38004380249141007 0.7284173030921388
vn 0.18266629064111592 0.9768675529911989 -0.11118817462483381
vn 0.18266629064111592 0.9768675529911989 -0.11118817462483381
vn 0.7327479592996607 -0.23893955456687802 -0.6371721254147616
vn 0.5238095183602995 -0.3809523824509176 0.7619047649018352
vn 0.5238095183602995 -0.3809523824509176 0.7619047649018352
vn 0.8301497837700019 -0.5297145960002776 -0.173936147165797
vn 0.483305747036177 -0.792304469908869 0.37238311165280974
vn 0.9528612258128117 -0.3017393861704573 -0.03176203985862719
vn 0.9677055396467078 -0.10311616541415809 -0.23002835687661205
vn 0.5384966795707018 -0.546415744861701 0.6414445882993803
vn 0.6571178861309216 -0.2216783268229126 0.7204545809027959
vn -0.1345061275667377 0.8940701632000071 0.4272547775303549
vn -0.1345061275667377 0.8940701632000071 0.4272547775303549
vn 0.7623610840246149 -0.15882522583846143 0.6273596458190276
vn 0.2838873134864683 0.954176779619623 0.0946290995210283
vn 0.2838873134864683 0.954176779619623 0.0946290995210283
vn 0.7742742534678757 -0.03160303105892899 0.6320606211785799
vn 0.9827352053651777 0.1268045406925154 -0.13472982073625178
vn 0.9746568857751385 0.08716443901183425 0.20602503630107832
vn 0.7278244298127521 0.13448929030391837 -0.6724464515195918
vn 0.521189808748856 -0.6633324784278863 0.5369834320712779
vn 0.521189808748856 -0.6633324784278863 0.5369834320712779
vn 0.521189808748856 -0.6633324784278863 0.5369834320712779
vn 0.8101108267590477 -0.4765358087388582 -0.3415173075517182
vn 0.8101108267590477 -0.4765358087388582 -0.3415173075517182
vn 0.8871861167624261 -0.09505565536740279 -0.4515143592475
vn 0.7366582272288853 -0.657447643884875 -0.15842112171747277
vn 0.9480613387459975 0.0790051090702828 -0.3081199291119284
vn 0.8928134867218939 -0.27653514069819796 -0.35554520653008725
vn 0.25342609463603344 -0.7444391604870291 0.6177261131690123
vn 0.2537047194745679 0.9355361305567103 0.24577645074194748
vn 0.9197663184214544 -0.2775156927972215 0.2775156927972215
vn 0.8844984660974498 -0.26061115145311714 -0.38696807518132426
vn 0.8844984660974498 -0.26061115145311714 -0.38696807518132426
vn 0.6170878407270604 -0.17405042198984425 0.767404096569709
vn 0.69507146497471 -0.4186225800654184 0.5844919110109934
vn 0.9049614353675665 -0.3413450943802649 -0.25402426466777117
vn 0.5072818879702573 0.7133651774582758 -0.48350306072170224
vn 0.7844799234575368 0.11093655642284567 0.6101510715725229
vn 0.27730655741633736 0.34861398702591956 0.8953040607881724
vn 0.648672473665218 -0.5221022334407392 0.5537447785263883
vn 0.6043940795892945 -0.04771532088469774 0.7952553330285058
vn 0.9773783254023548 -0.09458499778896062 -0.18916999557792125
vn 0.8430506487691172 -0.49310509077015635 -0.2147393142080106
vn 0.7695020562482521 0.07139710210385197 0.6346408742280031
vn 0.7695020562482521 0.07139710210385197 0.6346408742280031
vn 0.1663473928489964 -0.681232173100341 -0.7129174364716635
vn 0.9764057565192423 0.12701212848661098 -0.17464168418045828
vn 0.7124482005152635 -0.1345735409964638 0.6886998792262389
vn 0.9274621214655278 0.3487891959379326 -0.1347594525205309
vn 0.935918595910213 -0.20621936410714325 0.2855345087668055
vn -0.3415065400155766 -0.07147811914331226 0.9371574902919594
vn 0.9555444355471967 -0.03948530617329929 0.292191276890995
vn 0.7038487668049873 -0.14235143816911347 0.6959403577306632
vn 0.9558127087399345 -0.29227331084339486 -0.031597113473693816
vn 0.4356034216400284 0.32472254413676227 0.8395266096943256
vn 0.4356034216400284 0.32472254413676227 0.8395266096943256
vn 0.7645145797369712 -0.1339870882187471 0.6305274915182241
vn 0.7645145797369712 -0.1339870882187471 0.6305274915182241
vn 0.9859037593291033 -0.02366168995522745 -0.16563182595505002
vn 0.9859037593291033 -0.02366168995522745 -0.16563182595505002
vn 0.9373348708278695 -0.2383054888833519 0.25419251345814237
vn 0.9567384964315142 -0.21348710040720872 0.19767323391316236
vn 0.9720662923627126 -0.16596253078964754 -0.16596253078964754
vn 0.8633680343115145 -0.37227795864883934 0.3405947134547516
vn 0.33356453248532847 0.4685787472993975 0.8180272979841025
vn 0.33356453248532847 0.4685787472993975 0.8180272979841025
vn 0.19032639207699878 0.9754227781541344 0.11102372871158261
vn 0.7292864759066742 -0.6737972549105538 -0.11890540498491269
vn 0.5889361013396387 -0.6844392040610149 0.4297641731033327
vn 0.6275773675583806 -0.683185462092554 -0.37336881513307557
vn 0.6275773675583806 -0.683185462092554 -0.37336881513307557
vn 0.35652582721947085 -0.7209744466011144 0.5942097120324514
vn 0.7705696622222696 -0.6275773605880336 0.11121624045081957
vn 0.7048855445340738 -0.0792006200342187 0.7048855445340738
vn 0.7048855445340738 -0.0792006200342187 0.7048855445340738
vn 0.9710358195106938 -0.031578400027172326 -0.23683800767385038
vn 0.23635973528764617 0.6381712614207316 0.7327151674637465
vn 0.6662052261406388 -0.40448174229838374 0.6265501710239686
vn 0.7215408293731467 0.5312443218373875 -0.44402511422558744
vn 0.8367233375846908 -0.1420850987256513 -0.5288722729178166
vn 0.8367233375846908 -0.1420850987256513 -0.5288722729178166
vn 0.5406710409719147 0.10336358800063146 -0.8348597451847717
vn -0.26949350778804687 0.5469132916874908 0.7926279711413465
vn 0.8261256573714889 -0.36540172728635617 0.4289498524637498
vn 0.8261256573714889 -0.36540172728635617 0.4289498524637498
vn 0.8261256573714889 -0.36540172728635617 0.4289498524637498
vn 0.5941537715510254 -0.7129845258612305 -0.372336355509542
vn 0.5941537715510254 -0.7129845258612305 -0.372336355509542
vn 0.7201837817358286 -0.2453373296063535 0.6489567899531555
vn 0.7201837817358286 -0.2453373296063535 0.6489567899531555
vn 0.5537447785263883 -0.5221022334407392 0.648672473665218
vn 0.3883388965821006 0.6023215746962468 0.6974249938572821
vn 0.8382131618457376 -0.4744602825488857 -0.2688608108151928
vn 0.9160876951671719 -0.339584226160326 -0.21322731557281985
vn 0.31621787538652524 -0.9486536560808617 0.007905446884663131
vn 0.31621787538652524 -0.9486536560808617 0.007905446884663131
vn -0.7654661817472544 0.35511319003183633 0.5366154552998752
vn -0.7654661817472544 0.35511319003183633 0.5366154552998752
vn -0.7654661817472544 0.35511319003183633 0.5366154552998752
vn -0.7654661817472544 0.35511319003183633 0.5366154552998752
vn 0.5558882822219154 -0.2700028833714264 0.7861848768956854
vn 0.6819814515724051 0.7216315785445495 0.11895026085930556
vn 0.22166443003938885 -0.8233250558240366 0.5224947204591257
vn -0.4599409807340048 0.26169055852131795 -0.8485118418868663
vn -0.9881500110660165 0.03162079999506831 -0.15019880371661842
vn 0.20603797647349878 -0.41207595294699756 -0.8875481740466428
vn 0.8303833901399509 0.31633651959962 -0.4586879459363209
vn 0.8303833901399509 0.31633651959962 -0.4586879459363209
vn 0.5055065091018301 -0.8451437135890856 0.17376786997753943
vn 0.190638363413123 -0.9770216312825206 0.0953191817065615
vn -0.9253711460500822 -0.3480028461593273 0.15027395357468026
vn 0.9020105257911362 -0.1898969543743182 -0.38770627810412867
vn 0.6582535040514241 -0.15068454340092222 0.7375611790109872
vn -0.4273618081187428 0.45110411914320314 -0.7834966232559741
vn -0.4273618081187428 0.45110411914320314 -0.7834966232559741
vn 0.9531617702583428 -0.11914522128229285 -0.27800549628303295
vn 0.26934970695818244 0.26142766028107456 0.9268798809994228
vn 0.26934970695818244 0.26142766028107456 0.9268798809994228
vn 0.800227512720584 0.4357674713768621 -0.41199834802441043
vn 0.45743088266664433 -0.8833148223185797 -0.1025276170361452
vn 0.45743088266664433 -0.8833148223185797 -0.1025276170361452
vn 0.45743088266664433 -0.8833148223185797 -0.1025276170361452
vn -0.9397503140075566 -0.03948530841012235 -0.3395736411184714
vn 0.9981783332613171 0.05545435143140473 0.02376615061345917
vn 0.9981783332613171 0.05545435143140473 0.02376615061345917
vn 0.9981783332613171 0.05545435143140473 0.02376615061345917
vn 0.9981783332613171 0.05545435143140473 0.02376615061345917
vn -0.094865366747642 0.9170318635998956 -0.3873669104793772
vn -0.094865366747642 0.9170318635998956 -0.3873669104793772
vn 0.9510340704944428 0.30908606691142065 0
vn 0.5853873657466981 -0.77524269038662 0.23731920071131327
vn 0.5853873657466981 -0.77524269038662 0.23731920071131327
vn 0.5853873657466981 -0.77524269038662 0.23731920071131327
vn -0.21381485778946935 0.1900576480381013 0.9582073350849983
vn 0.8960074205256822 0.44403907751786154 0
vn 0.8717812267289937 -0.07925283811180928 -0.4834423237306741
vn 0.9111501522378758 0.2535374367953629 -0.32484483714557216
vn 0.9378083959379053 0.3337962092335013 0.09537034764389767
vn 0.03174603140167104 -0.5396825188089833 0.8412698546734189
vn 0.03174603140167104 -0.5396825188089833 0.8412698546734189
vn 0.03174603140167104 -0.5396825188089833 0.8412698546734189
vn -0.8977589249774734 -0.05561338496596165 -0.4369623142056062
vn -0.8977589249774734 -0.05561338496596165 -0.4369623142056062
vn -0.8977589249774734 -0.05561338496596165 -0.4369623142056062
vn -0.8977589249774734 -0.05561338496596165 -0.4369623142056062
vn 0.4596664554617388 -0.2060573874470502 0.8638559502612329
vn -0.7300437928339499 0.6665616951635789 -0.15076991439036183
vn 0.5628011988021671 0.34085143490866787 0.753043896428054
vn 0.8942101243105852 -0.06330691172067197 -0.4431483820447038
vn 0.5544217220601803 -0.03168124254533361 0.831632643045358
vn -0.6498732638590379 -0.5864710234790017 0.4834423228687095
vn -0.6498732638590379 -0.5864710234790017 0.4834423228687095
vn -0.6498732638590379 -0.5864710234790017 0.4834423228687095
vn 0.5304445489673325 0.4829420735125821 -0.6967033329202688
vn 0.5304445489673325 0.4829420735125821 -0.6967033329202688
vn 0.0633565238319684 0.0158391309579921 0.9978652578471829
vn -0.6577985541493191 -0.7449766960220789 -0.11095397488640235
vn -0.6577985541493191 -0.7449766960220789 -0.11095397488640235
vn -0.6577985541493191 -0.7449766960220789 -0.11095397488640235
vn 0.9735876653863689 0.12664554753328736 0.18996832129993102
vn 0.9735876653863689 0.12664554753328736 0.18996832129993102
vn 0.8144137596818428 0.19767324525619578 -0.5455781485275685
vn -0.8385278258103342 -0.49045966605115016 -0.23731919711390365
vn 0.3972133873003622 0.1906624295123602 0.8977022685288352
vn 0.11116363985037779 0.3731922232543281 0.9210701437337482
vn 0.11116363985037779 0.3731922232543281 0.9210701437337482
vn 0.42758949803586854 -0.2929779954999519 -0.8551789960717371
vn 0.42758949803586854 -0.2929779954999519 -0.8551789960717371
vn 0.9560513624027576 -0.0711112601523884 -0.2844450406095536
vn 0.9560513624027576 -0.0711112601523884 -0.2844450406095536
vn -0.734106331350806 0.6788509833200583 0.015787232691335813
vn -0.734106331350806 0.6788509833200583 0.015787232691335813
vn -0.039526000689162885 -0.6007952254354519 0.7984251952208702
vn 0.5396825170077121 -0.5873016014998435 0.6031746096379883
vn 0.5396825170077121 -0.5873016014998435 0.6031746096379883
vn 0.8083789517064603 -0.4279653467834228 -0.4041894758532302
vn 0.4284365164820565 0.309426371346519 0.8489390272923295
vn 0.4284365164820565 0.309426371346519 0.8489390272923295
vn 0.34102289219433424 0.40446901376656713 0.8485918947893105
vn 0.34102289219433424 0.40446901376656713 0.8485918947893105
vn 0.4369347314823387 -0.7308726504993939 0.5243216657515188
vn 0.4369347314823387 -0.7308726504993939 0.5243216657515188
vn 0.4369347314823387 -0.7308726504993939 0.5243216657515188
vn -0.21386180504967967 0.9742593357807309 -0.07128727084817857
vn -0.21386180504967967 0.9742593357807309 -0.07128727084817857
vn 0.8200990305554732 0.30256082465165995 -0.4856897440425117
vn 0.8460414813690001 0.4348811294096276 0.3083702564878049
vn -0.7538495611568495 0.5237270534237919 -0.39676291744019876
vn -0.7538495611568495 0.5237270534237919 -0.39676291744019876
vn 0.831189544793812 -0.26123098780771226 0.49079762798373655
vn 0.831189544793812 -0.26123098780771226 0.49079762798373655
vn 0.831189544793812 -0.26123098780771226 0.49079762798373655
vn 0.6668767114494961 -0.5795476576324731 -0.46840149899313865
vn 0.6668767114494961 -0.5795476576324731 -0.46840149899313865
vn 0.1183084552243048 -0.7177379577138042 0.686188992537228
vn 0.7920310757242143 -0.5623420481758689 -0.23760933470828222
vn 0.7920310757242143 -0.5623420481758689 -0.23760933470828222
vn 0.7920310757242143 -0.5623420481758689 -0.23760933470828222
vn 0.7920310757242143 -0.5623420481758689 -0.23760933470828222
vn 0.9280454750297488 -0.3331445287280679 0.16657226436403394
vn 0.9280454750297488 -0.3331445287280679 0.16657226436403394
vn 0.9280454750297488 -0.3331445287280679 0.16657226436403394
vn 0.9280454750297488 -0.3331445287280679 0.16657226436403394
vn -0.9267344834462412 -0.11881211941196429 0.35643635823589287
vn 0.34757912158115345 0.1579905030144168 0.9242444239475428
vn 0.34757912158115345 0.1579905030144168 0.9242444239475428
vn 0.34757912158115345 0.1579905030144168 0.9242444239475428
vn 0.34757912158115345 0.1579905030144168 0.9242444239475428
vn -0.42737518098493193 -0.8468360106494951 0.31657420258976393
vn -0.42737518098493193 -0.8468360106494951 0.31657420258976393
vn 0.7088315278896309 -0.30264716548558906 0.6371519114726016
vn 0.9652792971310012 -0.2611001279300043 0.00791212520222196
vn 0.9652792971310012 -0.2611001279300043 0.00791212520222196
vn 0.22983322453453536 -0.8400800982942611 -0.49136759900298926
vn -0.3495808851194763 -0.7229968182862084 -0.5958765018920471
vn -0.3495808851194763 -0.7229968182862084 -0.5958765018920471
vn -0.3495808851194763 -0.7229968182862084 -0.5958765018920471
vn 0.7690424037371693 -0.2537047117486611 0.5866921684245371
vn 0.7690424037371693 -0.2537047117486611 0.5866921684245371
vn 0.9555444355471967 -0.292191276890995 -0.03948530617329929
vn 0.9555444355471967 -0.292191276890995 -0.03948530617329929
vn 0.5872276204997664 -0.714195749791327 -0.38090438787468195
vn 0.921535070848016 -0.33365924771612854 0.19860669578503415
vn 0.921535070848016 -0.33365924771612854 0.19860669578503415
vn 0.921535070848016 -0.33365924771612854 0.19860669578503415
vn 0.921535070848016 -0.33365924771612854 0.19860669578503415
vn 0.921535070848016 -0.33365924771612854 0.19860669578503415
vn 0.761952751558206 -0.6111496140775888 -0.21429921513083802
vn 0.8458828492907532 -0.5217594955003946 0.11067625820803072
vn 0.8458828492907532 -0.5217594955003946 0.11067625820803072
vn -0.8626647141082959 -0.47486131931245723 -0.1741158190782345
vn -0.8626647141082959 -0.47486131931245723 -0.1741158190782345
vn -0.8626647141082959 -0.47486131931245723 -0.1741158190782345
vn -0.9511535646292719 0.1505993133996302 -0.26949349397822164
vn -0.9511535646292719 0.1505993133996302 -0.26949349397822164
vn 0.6814674163434231 0.24564524332979676 -0.6893914525809444
vn 0.6814674163434231 0.24564524332979676 -0.6893914525809444
vn -0.9725827576207635 0.2214009486962951 0.07116459439335973
vn -0.9725827576207635 0.2214009486962951 0.07116459439335973
vn -0.9725827576207635 0.2214009486962951 0.07116459439335973
vn -0.9725827576207635 0.2214009486962951 0.07116459439335973
vn -0.9725827576207635 0.2214009486962951 0.07116459439335973
vn 0.9968341952464457 0.007911382442543713 0.07911382442543713
vn 0.9968341952464457 0.007911382442543713 0.07911382442543713
vn 0.6898464043074224 0.6343415453493723 0.3488878649478805
vn 0.6898464043074224 0.6343415453493723 0.3488878649478805
vn 0.38842430353105134 0.34086213595503434 0.856118896356452
vn 0.38842430353105134 0.34086213595503434 0.856118896356452
vn 0.38842430353105134 0.34086213595503434 0.856118896356452
vn -0.9821185279478755 0.18216714727992991 -0.04752186353027921
vn -0.9821185279478755 0.18216714727992991 -0.04752186353027921
vn -0.9821185279478755 0.18216714727992991 -0.04752186353027921
vn -0.9821185279478755 0.18216714727992991 -0.04752186353027921
vn 0.8769567311993333 0.07900511058211782 0.4740306784440091
vn 0.8769567311993333 0.07900511058211782 0.4740306784440091
vn 0.8769567311993333 0.07900511058211782 0.4740306784440091
vn 0.8769567311993333 0.07900511058211782 0.4740306784440091
vn 0.9538802440543324 -0.2601491466193666 -0.14978284787005022
vn 0.9538802440543324 -0.2601491466193666 -0.14978284787005022
vn 0.9538802440543324 -0.2601491466193666 -0.14978284787005022
vn 0.7227915598946183 -0.6910204580489343 0.007942764187972948
vn 0.6911512846349005 -0.3972133895775386 0.603764378617892
vn 0.6911512846349005 -0.3972133895775386 0.603764378617892
vn 0.6787875565465643 0.6630018063649505 0.3157151530008615
vn 0.9216223150433251 -0.35752591518655186 -0.1509553854097308
vn 0.9216223150433251 -0.35752591518655186 -0.1509553854097308
vn 0.9216223150433251 -0.35752591518655186 -0.1509553854097308
vn 0.9467916077400371 -0.06311943852516544 0.3155971926258272
vn 0.8454074729209295 0.26073313635176315 -0.4661592392494446
vn 0.7048855688837177 0.19800155317825863 0.6811253333406965
vn 0.7522172113271438 0.5542652883723498 0.35631342535572663
vn -0.906333195430719 0.3180116501591134 -0.2782601826050928
vn -0.906333195430719 0.3180116501591134 -0.2782601826050928
vn -0.906333195430719 0.3180116501591134 -0.2782601826050928
vn 0.940630636713562 0.30036946285647814 -0.15808918704057426
vn 0.9629311941021769 0.2525721106090203 -0.09471454147838262
vn 0.9629311941021769 0.2525721106090203 -0.09471454147838262
vn 0.9629311941021769 0.2525721106090203 -0.09471454147838262
vn 0.9629311941021769 0.2525721106090203 -0.09471454147838262
vn 0.9317951417142555 -0.2526902140013611 0.26058677945294306
vn 0.9317951417142555 -0.2526902140013611 0.26058677945294306
vn 0.25353743101238707 -0.8636118856314029 0.4357674633010268
vn 0.5629604022267941 0.6263925931934701 0.5391733531221717
vn 0.7588992102028705 -0.640321204868628 -0.11857800533424252
vn 0.7588992102028705 -0.640321204868628 -0.11857800533424252
vn 0.6818314003557506 0.05549790651198331 0.7294010720184768
vn 0.9282791162450706 -0.07140609106240044 0.36496445375194925
vn 0.9282791162450706 -0.07140609106240044 0.36496445375194925
vn 0.9282791162450706 -0.07140609106240044 0.36496445375194925
vn 0.7541107726390596 0.08731809278418091 0.650916656156726
vn 0.41118606807410213 -0.6325939278611036 -0.6563161889326063
vn 0.41118606807410213 -0.6325939278611036 -0.6563161889326063
vn 0.9236394338039039 0.3236685223472853 -0.2052532191317071
vn 0.6278151117191098 -0.6993383781851977 0.3417221360907415
vn 0.7213594312910098 0.3804972725481274 -0.5786729615862027
vn 0.7494034109282132 0.6152996470568248 -0.24454216818558375
vn 0.7494034109282132 0.6152996470568248 -0.24454216818558375
vn 0.7494034109282132 0.6152996470568248 -0.24454216818558375
vn 0.9372166009127566 0.17473531019418082 0.3018155303242068
vn 0.9372166009127566 0.17473531019418082 0.3018155303242068
vn 0.9033405284188905 -0.388277945899494 -0.18225291889006706
vn 0.9033405284188905 -0.388277945899494 -0.18225291889006706
vn 0.6889589751394979 -0.40387250680216696 0.6018492575587897
vn 0.6889589751394979 -0.40387250680216696 0.6018492575587897
vn 0.6889589751394979 -0.40387250680216696 0.6018492575587897
vn 0.9278120002609026 -0.37271081481103285 -0.015860034513159472
vn 0.8412698382273577 0.34920635361113866 0.4126984151732686
vn 0.9980843796975357 -0.03960652270643688 -0.04752782724772425
vn 0.9980843796975357 -0.03960652270643688 -0.04752782724772425
vn 0.9980843796975357 -0.03960652270643688 -0.04752782724772425
vn 0.9097520418085313 -0.21359396402092481 -0.3559899450251877
vn 0.9097520418085313 -0.21359396402092481 -0.3559899450251877
vn 0.8610213637406962 0.3712660915249629 0.3475682673459846
vn 0.8017640728897468 0.460418975822827 0.3810364000007135
vn 0.8017640728897468 0.460418975822827 0.3810364000007135
vn 0.727824423433647 -0.4351124218452777 0.5300460253689452
vn 0.727824423433647 -0.4351124218452777 0.5300460253689452
vn 0.727824423433647 -0.4351124218452777 0.5300460253689452
vn 0.727824423433647 -0.4351124218452777 0.5300460253689452
vn 0.21427222687129177 0.2777602779614565 0.9364489525747745
vn 0.7428335457735523 -0.08692733268829507 0.663808678841419
vn 0.7370051277819646 -0.05547350339503477 0.6736068081931559
vn 0.6960056722968561 0.32427535235834554 0.6406415534317706
vn 0.9757603419156772 0.15072720814217486 0.1586602151462877
vn 0.9757603419156772 0.15072720814217486 0.1586602151462877
vn 0.9757603419156772 0.15072720814217486 0.1586602151462877
vn 0.986057121863838 -0.08677302947085996 -0.14199223140036088
vn 0.8814800063189668 0.15882522568682195 0.4447106319231015
vn 0.8814800063189668 0.15882522568682195 0.4447106319231015
vn 0.8814800063189668 0.15882522568682195 0.4447106319231015
vn 0.8814800063189668 0.15882522568682195 0.4447106319231015
vn 0.8814800063189668 0.15882522568682195 0.4447106319231015
vn 0.8814800063189668 0.15882522568682195 0.4447106319231015
vn 0.6744544858884475 -0.7379325869473673 0.02380427663500908
vn 0.6744544858884475 -0.7379325869473673 0.02380427663500908
vn 0.45110411914320314 0.7834966232559741 0.4273618081187428
vn 0.9097520418085313 -0.21359396402092481 0.3559899450251877
vn 0.9325222778355031 0.3319147095670606 0.14224917192552883
vn 0.9325222778355031 0.3319147095670606 0.14224917192552883
vn 0.9325222778355031 0.3319147095670606 0.14224917192552883
vn 0.9317079962508195 0 -0.3632082181370393
vn 0.9317079962508195 0 -0.3632082181370393
vn 0.783914073918753 -0.380079556440006 0.490936101227514
vn 0.783914073918753 -0.380079556440006 0.490936101227514
vn 0.9988681377414086 0 -0.04756514905905697
vn 0.6910204541920225 -0.1509125224869879 0.7069060350887276
vn 0.6910204541920225 -0.1509125224869879 0.7069060350887276
vn 0.6179199195196565 0.5149332562716712 0.5941537803012573
vn 0.30141649112591185 0.7694052307521114 0.5631728773375304
vn 0.30141649112591185 0.7694052307521114 0.5631728773375304
vn 0.7904459009906923 0.5849300002407656 -0.18180256440807066
vn 0.7904459009906923 0.5849300002407656 -0.18180256440807066
vn 0.9923760807300815 0.03175603422278285 -0.11908513209147487
vn 0.9923760807300815 0.03175603422278285 -0.11908513209147487
vn 0.9923760807300815 0.03175603422278285 -0.11908513209147487
vn 0.9923760807300815 0.03175603422278285 -0.11908513209147487
vn 0.9454573799521689 0 -0.32574582529017926
vn 0.9454573799521689 0 -0.32574582529017926
vn 0.7091689792337506 0.3984095165304394 0.5816779315313088
vn 0.9660052534274611 0.19795188784211187 -0.1662795851879923
vn 0.5304611812186619 -0.7125598332365075 0.4592052038882645
vn 0.7690424165445195 -0.459839790200532 0.44398325295409113
vn 0.7908413113650025 0.5140468583737543 0.3321533495760005
vn 0.7908413113650025 0.5140468583737543 0.3321533495760005
vn 0.8493936288429823 0.36515987725874993 -0.38103638582335486
vn 0.8493936288429823 0.36515987725874993 -0.38103638582335486
vn 0.8493936288429823 0.36515987725874993 -0.38103638582335486
vn 0.8493936288429823 0.36515987725874993 -0.38103638582335486
vn 0.9036242640425747 -0.428032557178459 0.015853057395488496
vn 0.9036242640425747 -0.428032557178459 0.015853057395488496
vn 0.9036242640425747 -0.428032557178459 0.015853057395488496
vn 0.7064827379340702 0.277830268593739 0.6509166481618908
vn 0.8093199177271799 -0.36498743154242463 0.46020152714450535
vn 0.8093199177271799 -0.36498743154242463 0.46020152714450535
vn 0.31740035350854084 -0.9442660254088809 0.0872851009689956
vn 0.31740035350854084 -0.9442660254088809 0.0872851009689956
vn 0.42855792624297845 -0.8333070904871978 0.34919535620921266
vn 0.42855792624297845 -0.8333070904871978 0.34919535620921266
vn 0.8724664960558888 0.3965756691090601 0.28553450217208626
vn 0.8724664960558888 0.3965756691090601 0.28553450217208626
vn 0.7674761608980597 0.3718698979509995 0.5222002694858446
vn 0.7674761608980597 0.3718698979509995 0.5222002694858446
vn 0.973191421846971 -0.01582425045740438 0.22945162788904314
vn 0.973191421846971 -0.01582425045740438 0.22945162788904314
vn 0.8056509958638307 0.4739123786447399 -0.3554342839835549
vn 0.8506542738804826 0.18285091840337417 0.4929024730795247
vn 0.8506542738804826 0.18285091840337417 0.4929024730795247
vn 0.9509146225712343 0.3011229618147176 0.07131859819247251
vn 0.9641030998049418 0.21336707823920545 -0.15804968481514545
vn 0.6901936415236695 -0.5711947895826194 0.4442625907658256
vn 0.6901936415236695 -0.5711947895826194 0.4442625907658256
vn 0.6901936415236695 -0.5711947895826194 0.4442625907658256
vn 0.6901936415236695 -0.5711947895826194 0.4442625907658256
vn 0.6823462941510641 0.6585435269238195 0.3173703798482875
vn 0.6823462941510641 0.6585435269238195 0.3173703798482875
vn 0.04760405773796687 -0.7219948944608683 0.6902588109248008
vn 0.7452810328545891 0.6659957948850983 -0.03171408618520995
vn 0.20570238355103795 -0.2373489029456327 0.9493956117825308
vn 0.7636866504563623 -0.24660715130683805 -0.5966302144872215
vn 0.7636866504563623 -0.24660715130683805 -0.5966302144872215
vn 0.37897624544023734 -0.05526736912670128 0.9237545795836868
vn 0.37897624544023734 -0.05526736912670128 0.9237545795836868
vn 0.5149979016494521 -0.8477658014744237 -0.1267687151748772
vn 0.134653725740294 -0.6257438054844896 0.7683183350942803
vn 0.9687422470136409 -0.1588102007333022 0.19057224087996266
vn 0.9687422470136409 -0.1588102007333022 0.19057224087996266
vn 0.6981269557120587 0.1903982524596821 -0.6901936388931096
vn 0.10309994954599723 -0.9596225986539609 -0.26171524326303924
vn 0.6989191629624463 0.35740184059752855 0.6194965116781306
vn 0.8068852458841468 -0.0791063988568483 0.5853873739963831
vn 0.8068852458841468 -0.0791063988568483 0.5853873739963831
vn 0.9268798769263309 0.04753230234186724 0.3723363720926428
vn 0.9268798769263309 0.04753230234186724 0.3723363720926428
vn 0.93541854457815 -0.11890914363367654 0.33294558417195014
vn 0.93541854457815 -0.11890914363367654 0.33294558417195014
vn 0.7138362455192522 0.15863027177873176 0.6821101461335872
vn 0.7138362455192522 0.15863027177873176 0.6821101461335872
vn 0.7761904547698273 0.5623420433692318 -0.2851312052082793
vn 0.7761904547698273 0.5623420433692318 -0.2851312052082793
vn 0.9480909242639857 -0.14221364162995156 -0.28442728325990313
vn 0.7943265321956947 -0.27801428025560804 0.5401420370827643
vn 0.7515578251962821 -0.6566241906728625 0.0632890797013415
vn -0.14195690030932293 -0.19716234744510472 0.9700387864433592
vn -0.3405626728153453 0.530644170893432 0.776166109658036
vn -0.3405626728153453 0.530644170893432 0.776166109658036
vn -0.4131019302505095 -0.834148124342807 0.36543631713156255
vn 0.31622776063083796 -0.7589466255140112 -0.5692099990577297
vn 0.31622776063083796 -0.7589466255140112 -0.5692099990577297
vn 0.31622776063083796 -0.7589466255140112 -0.5692099990577297
vn -0.21478687736840338 0.38184333085291666 0.8989228376192702
vn -0.21478687736840338 0.38184333085291666 0.8989228376192702
vn 0.27667335304716145 0.2608634539974763 -0.9248795132784309
vn 0.0709872835771946 0.3785988258428602 -0.9228346193336803
vn -0.6710200799129071 0.2368306305006971 0.702597541135975
vn -0.24555274031036328 -0.7049740118486507 -0.6653686905348718
vn -0.5521404409261788 -0.7651089240072546 0.3312842705265463
vn -0.5521404409261788 -0.7651089240072546 0.3312842705265463
vn 0.32472254413676227 0.8395266096943256 0.4356034216400284
vn 0.38061689307100954 0.9198241432487422 0.09515422326775239
vn -0.3559899450251877 -0.21359396402092481 0.9097520418085313
vn -0.015856544701205205 0.8958947718671343 0.44398325163374575
vn -0.015856544701205205 0.8958947718671343 0.44398325163374575
vn 0.26160010324586896 0.9354185419082869 -0.23781828658857426
vn -0.5007417541488774 0.6199659841922683 0.604069428208726
vn -0.5007417541488774 0.6199659841922683 0.604069428208726
vn -0.07097845083554981 0.8359683993940215 0.5441680758107582
vn -0.07097845083554981 0.8359683993940215 0.5441680758107582
vn -0.07097845083554981 0.8359683993940215 0.5441680758107582
vn 0.30185360207291756 -0.9532219076124495 -0.015887031292451288
vn 0.26110013882603333 0.245275895247865 -0.933630790363827
vn 0.007895584250686568 -0.9632613009967289 0.268449857052354
vn 0.007895584250686568 -0.9632613009967289 0.268449857052354
vn 0.6018681232306199 -0.10295112752525538 -0.7919317063864344
vn 0.6070147110427444 -0.14978285174553083 -0.7804474600513925
vn 0.4767012074929242 0.866007177574244 -0.15095538137039047
vn 0.34083002303389454 -0.09511535840482209 -0.9353010018139813
vn 0.34083002303389454 -0.09511535840482209 -0.9353010018139813
vn 0.6698598658902709 0.3030318584659462 -0.6778343845100683
vn 0.29268453149472723 0.9176055080299481 -0.2689533354632602
vn 0.29268453149472723 0.9176055080299481 -0.2689533354632602
vn 0.6091574036245266 0.7911134816467369 0.0553779447632701
vn -0.1354635362098216 0.19124264467734609 0.9721501330629672
vn -0.1354635362098216 0.19124264467734609 0.9721501330629672
vn 0.1267249713848743 0.8791544927297584 0.4593780137757833
vn -0.6346808090203662 -0.2538723236081465 0.7298829453871724
vn -0.6346808090203662 -0.2538723236081465 0.7298829453871724
vn 0.07919565294756031 -0.9503478653454466 0.3009434886944099
vn -0.06370711101074183 0.6689246505424941 0.7405951768025952
vn -0.06370711101074183 0.6689246505424941 0.7405951768025952
vn 0.2683495010565197 -0.9550085711825296 -0.1262821216586899
vn 0.8932038860358036 0.442649715286972 -0.07904459201553071
vn 0.8932038860358036 0.442649715286972 -0.07904459201553071
vn 0.5701193456885418 0.7364041273751779 -0.36424290364600354
vn 0.5701193456885418 0.7364041273751779 -0.36424290364600354
vn 0.6035358742229757 0.667065934607668 -0.4367693755426388
vn 0.6035358742229757 0.667065934607668 -0.4367693755426388
vn -0.05552583295767513 0.7139035891157637 0.6980390729192653
vn 0.3722079139186706 0.554352184158733 -0.7444158278373412
vn -0.3492063667649608 -0.1746031833824804 0.9206349123097165
vn 0.3160697616572888 -0.031606976165728884 -0.9482093148791376
vn 0.4289498524637498 -0.36540172728635617 -0.8261256573714889
vn -0.539122511186113 -0.3250591664518055 0.7769706920071291
vn 0.42769677332630157 -0.37225459623052704 -0.8237123197278995
vn 0.42769677332630157 -0.37225459623052704 -0.8237123197278995
vn 0.04735432203261262 -0.44986605557583786 0.8918397278802223
vn -0.7092993620579254 0.12609766038863343 0.6935371619666337
vn -0.6499345104686556 -0.10303840294001997 0.752972920908474
vn -0.6499345104686556 0.10303840294001997 0.752972920908474
vn -0.5643993186064539 -0.22258002335376711 0.7949286397912753
vn 0.36515987725874993 0.38103638582335486 -0.8493936288429823
vn -0.6236539864690229 0.01578870842364836 0.7815410557658559
vn 0.37271081481103285 -0.015860034513159472 -0.9278120002609026
vn -0.5852408858908937 0.28471178637036026 0.759231390409696
vn -0.36395777490586184 -0.2611001337530772 0.8940701640473745
vn -0.24745422325016866 0.6226267533254228 0.742362669750506
vn -0.24745422325016866 0.6226267533254228 0.742362669750506
vn -0.34189493361164625 0.6917409086917179 0.6360836184127402
vn -0.34189493361164625 0.6917409086917179 0.6360836184127402
vn 0.3013975310609608 0.6662471423242855 -0.6821101623748764
vn 0.3013975310609608 0.6662471423242855 -0.6821101623748764
vn -0.19948995261341287 0.7820006214930443 0.5904902935618762
vn -0.19948995261341287 0.7820006214930443 0.5904902935618762
vn -0.5091405419287941 0.60460440859547 0.6125597257993507
vn 0.2782250103235331 0.8744215039985521 -0.3974643090585369
vn 0.4589032671950492 -0.4193426587839196 -0.7833004058991304
vn 0.4589032671950492 -0.4193426587839196 -0.7833004058991304
vn 0.4589032671950492 -0.4193426587839196 -0.7833004058991304
vn 0.34016815413903456 0.6407818891583432 -0.6882471921020142
vn 0.397464313811651 -0.6836386101281312 -0.6120950661362252
vn 0.18281048594059138 0.6199659905666296 0.7630350560563405
vn -0.3580574493749054 -0.5012804170785583 0.7877263524858641
vn 0.813828824402206 -0.11851876838420991 -0.5688901002063695
vn 0.813828824402206 -0.11851876838420991 -0.5688901002063695
vn 0.26271686429968805 0.8598006741916995 -0.4378614505434775
vn 0.18209291147894047 0.22167832245789945 -0.9579670625555841
vn 0.3560902439680249 -0.6647017527999365 -0.656788640260689
vn 0.023742321900538287 -0.9971775273111243 -0.07122696944587296
vn -0.6980390729192653 0.05552583295767513 0.7139035891157637
vn -0.5062651205742926 -0.5299962868737108 0.6802937333167022
vn 0.5799132683836064 0.746737606900736 0.3257046938452153
vn -0.2856693140356643 -0.8649431666246813 -0.412633446932822
vn 0.7303197621817556 -0.4286659460612273 -0.5318632828596245
vn -0.23770626856966925 -0.9666721508527152 -0.09508250442889027
vn 0.6936018096802874 -0.22069147540629538 -0.6857199153380501
vn -0.6579225402416168 0.00792677772882379 0.7530438879885129
vn -0.6579225402416168 0.00792677772882379 0.7530438879885129
vn 0.41992138295606785 -0.5070748639524327 0.7526892549278787
vn 0.41992138295606785 -0.5070748639524327 0.7526892549278787
vn 0.14274480195229494 -0.5471883599596907 0.8247477312731596
vn -0.6803150135945797 -0.3955319902184191 0.6170299239029362
vn -0.2624425590944097 0.3896874380553678 0.8827613515542133
vn -0.2624425590944097 0.3896874380553678 0.8827613515542133
vn 0.5136454564291673 -0.5531566269796323 -0.6558857302291218
vn 0.5136454564291673 -0.5531566269796323 -0.6558857302291218
vn 0 0.5782371246211208 -0.815868756424646
vn 0 0.5782371246211208 -0.815868756424646
vn -0.22112461735952116 -0.9081903815176746 0.35537886053673196
vn -0.36428860025474885 0.776093081432808 0.5147556164594659
vn 0.2599634204290927 -0.1969419842700342 -0.9453215722020674
vn 0.2294516355275351 -0.3006607761863828 -0.9257186638589184
vn 0.2294516355275351 -0.3006607761863828 -0.9257186638589184
vn -0.07103148494498346 -0.9628712121530238 -0.26044876070635725
vn -0.07103148494498346 -0.9628712121530238 -0.26044876070635725
vn -0.07103148494498346 -0.9628712121530238 -0.26044876070635725
vn 0.11860765320736066 -0.9488612256588853 -0.29256554657334516
vn 0.11860765320736066 -0.9488612256588853 -0.29256554657334516
vn 0.039526000072132764 -0.8616668127926262 -0.5059328009232994
vn 0.19866939718043405 0.30992426922634514 -0.9297727776013228
vn 0.14238261210623607 0.18193333186981644 -0.9729478169586241
vn 0.08725214454806382 0.9359774878335746 -0.3410765391235736
vn -0.5778927596107962 0.7758011962432452 0.25332284203555033
vn -0.5778927596107962 0.7758011962432452 0.25332284203555033
vn 0.007899278504378295 -0.9874098242590141 -0.1579855700875659
vn 0.007899278504378295 -0.9874098242590141 -0.1579855700875659
vn -0.45927718403150475 -0.8710429569352762 0.17420859738124808
vn -0.7035848129167946 -0.25297430534316184 0.6640575365651564
vn 0.24577645074194748 -0.2537047194745679 -0.9355361305567103
vn -0.21443433874217582 0.9609835275300215 0.1747242804654296
vn 0.269807267685948 -0.1428391532000854 0.9522610013105262
vn 0.269807267685948 -0.1428391532000854 0.9522610013105262
vn 0.269807267685948 -0.1428391532000854 0.9522610013105262
vn -0.6275773675583806 0.683185462092554 0.37336881513307557
vn -0.3492063667649608 -0.9206349123097165 -0.1746031833824804
vn -0.617474449012524 -0.3799842717057822 0.6887214662495327
vn 0.18141193519845927 0.10253718238680662 -0.9780469497911256
vn 0.23002835687661205 -0.10311616541415809 -0.9677055396467078
vn 0.23002835687661205 -0.10311616541415809 -0.9677055396467078
vn -0.2532038685184543 -0.9336892427004709 -0.2532038685184543
vn -0.15087920887110098 -0.98468535366743 0.08735112250726329
vn -0.15087920887110098 -0.98468535366743 0.08735112250726329
vn -0.48887142919664434 -0.18924055034928328 0.8515824914937664
vn 0.26844986820830474 -0.24476312567838077 -0.9316789578857586
vn -0.7035848129167946 -0.25297430534316184 0.6640575365651564
vn -0.6899765541895266 -0.0555153570480633 0.7216996603855189
vn -0.15048118709964628 0.8712068584827187 0.4672836633799145
vn -0.15048118709964628 0.8712068584827187 0.4672836633799145
vn 0.2764833587454762 0.15799049711860177 -0.9479430126104824
vn -0.5875607242410054 -0.5955007299669511 -0.5478606355070729
vn -0.5875607242410054 -0.5955007299669511 -0.5478606355070729
vn 0.5946951985586547 -0.7453512995207403 0.3013122319356217
vn 0.3792837299432751 -0.12642790998109169 -0.9166023324092786
vn 0.08705790787766063 0.7122919653749501 -0.696463263021285
vn 0.4112374984282651 0.6405814608819492 0.6484898702838853
vn -0.16675596499065576 -0.13499292332446075 0.9767135500198363
vn -0.7191709943420905 -0.38724590622484534 0.576917402241523
vn 0.4041260153859169 -0.27734137957955185 -0.8716443786666743
vn -0.7607316947196633 0.19810720841750404 0.6180945094578763
vn 0.22930095372158588 0.03953464783835312 -0.972552355527798
vn 0.18193333897898695 0.3322260829472915 -0.925486947491674
vn 0.04756514905905697 0.9988681377414086 0
vn 0.04756514905905697 0.9988681377414086 0
vn 0.04756514905905697 0.9988681377414086 0
vn -0.6342617832949649 -0.1744219979080348 0.7531858714137305
vn 0.14252537384943845 0.9105787182657157 -0.38798571578170793
vn 0.6502000613169607 -0.7215635097645218 0.23787808146133466
vn 0.2938915459916698 -0.07148713382444248 -0.9531617642835829
vn -0.37169542606140893 0.6643066972649552 0.648489878266388
vn -0.6272607494282513 -0.7146008720385253 0.3096603718729406
vn -0.6272607494282513 -0.7146008720385253 0.3096603718729406
vn 0.29283114491453743 -0.11080096950107467 -0.9497226256784994
vn 0.7047750376768409 -0.3880221935694655 -0.5939115452364498
vn 0.7047750376768409 -0.3880221935694655 -0.5939115452364498
vn -0.7824436718724259 -0.5690499812520674 0.25291108948367014
vn -0.7824436718724259 -0.5690499812520674 0.25291108948367014
vn 0.02372746563034791 -0.6010958109364745 -0.7988246575121368
vn -0.6922881961458984 -0.5410988255149882 0.47744016850633597
vn -0.6922881961458984 -0.5410988255149882 0.47744016850633597
vn 0.19800155317825863 -0.7048855688837177 -0.6811253333406965
vn 0.19800155317825863 -0.7048855688837177 -0.6811253333406965
vn -0.7745644068460337 -0.6322974810814039 -0.015807437027035097
vn -0.7745644068460337 -0.6322974810814039 -0.015807437027035097
vn -0.7745644068460337 -0.6322974810814039 -0.015807437027035097
vn -0.8415879752506471 0.015879017975716822 0.5398865961492681
vn -0.6737125908191318 0.5786002674082336 0.45970977314703
vn -0.6737125908191318 0.5786002674082336 0.45970977314703
vn 0.26923145957544886 0.6809972177530806 -0.6809972177530806
vn -0.2541925056875864 -0.651368288308097 -0.7149164447953664
vn -0.05521919699274117 0.7020726736039953 -0.7099611265851214
vn -0.05521919699274117 0.7020726736039953 -0.7099611265851214
vn -0.20546460130669145 -0.7191260970959018 -0.6638086728007535
vn -0.20546460130669145 -0.7191260970959018 -0.6638086728007535
vn 0.3250591664518055 -0.7769706920071291 0.539122511186113
vn 0.00790618823459354 -0.5455269694843968 0.8380559753099843
vn 0.0632673067954222 -0.33215335319283806 -0.9411011623909555
vn 0.0632673067954222 -0.33215335319283806 -0.9411011623909555
vn -0.778071875989286 -0.22230625242909655 0.5875236896716965
vn -0.8206293721264059 -0.17359467602156065 0.5444559872573634
vn -0.7448597391428955 0.18225291681102707 0.6418472118174625
vn 0.12628212165868993 -0.2683495010565198 -0.9550085711825298
vn 0.12628212165868993 -0.2683495010565198 -0.9550085711825298
vn 0.0793825809762689 0.09525909717152267 -0.9922822734704135
vn 0.09518714593365452 0.7535649090609456 -0.6504454897076111
vn -0.4050426352559344 -0.8974474287464549 -0.17472428640948853
vn -0.23799782636944244 -0.9123249610474519 -0.33319693890128455
vn -0.7003342617562943 0.27058367287398094 0.6605425026327169
vn 0.05546305411198769 -0.015846586889139338 -0.9983349815129867
vn -0.8765191591428251 -0.31586275870517644 0.3632421799828739
vn -0.32447840509165615 0.1503680468633405 0.9338646663792775
vn 0.18266629011781124 -0.16678225770199046 -0.9689255414996669
vn -0.10295112752525538 0.7919317063864344 0.6018681232306199
vn -0.5381087359254852 -0.3481880302645799 0.7675963026885607
vn -0.9169172646454251 -0.05533121514852926 0.39522295786725054
vn 0.173936147165797 0.5297145960002776 -0.8301497837700019
vn 0.173936147165797 0.5297145960002776 -0.8301497837700019
vn -0.03170113513544734 -0.18228153077836803 -0.9827352041970508
vn -0.5288722729178166 -0.8367233375846908 -0.1420850987256513
vn -0.06335652462156845 -0.586047875230551 -0.8077956664439548
vn 0.2224746072405432 0.31782086748649024 -0.9216805006743393
vn -0.1343380386103385 -0.9087573340860027 -0.3951118817844238
vn -0.07934009494453709 0.8330710231933578 -0.5474466363489355
vn -0.07934009494453709 0.8330710231933578 -0.5474466363489355
vn 0.06320606280478072 -0.9164878957175512 -0.39503788505399484
vn 0.06320606280478072 -0.9164878957175512 -0.39503788505399484
vn -0.26945965175390374 0.229833235025068 -0.9351835007925328
vn -0.9058466494220061 -0.16686648567709084 0.38935513825902257
vn -0.9058466494220061 -0.16686648567709084 0.38935513825902257
vn -0.1266653894953188 -0.4749952255891703 -0.870824560271179
vn -0.5243878578692539 0.04767162412611433 0.8501439823773816
vn -0.5243878578692539 0.04767162412611433 0.8501439823773816
vn -0.09488612152662891 0.11860765564926533 -0.9883971104586553
vn -0.09488612152662891 0.11860765564926533 -0.9883971104586553
vn 0.2689617529917819 -0.23731920790613298 -0.9334554991998244
vn -0.03947300052630485 -0.9947196207329401 0.09473520126313163
vn 0.4190803783236877 0.853975102640917 -0.3083798965132293
vn -0.35787623490744874 0.7555164758487042 0.5487435240707838
vn -0.35787623490744874 0.7555164758487042 0.5487435240707838
vn -0.35787623490744874 0.7555164758487042 0.5487435240707838
vn -0.4831692689906598 -0.6574270115956696 -0.5782189740292328
vn -0.4831692689906598 -0.6574270115956696 -0.5782189740292328
vn -0.4831692689906598 -0.6574270115956696 -0.5782189740292328
vn -0.7341063226078923 -0.6472765251668358 0.20523403001223725
vn -0.18992668297053503 -0.3481989337554089 -0.9179789527148247
vn -0.18992668297053503 -0.3481989337554089 -0.9179789527148247
vn -0.18992668297053503 -0.3481989337554089 -0.9179789527148247
vn 0.6898464043074224 0.6343415453493723 -0.3488878649478805
vn -0.33215334540877467 0.8857422743784078 0.3242449359862459
vn -0.33215334540877467 0.8857422743784078 0.3242449359862459
vn -0.9307431149607459 -0.2625172903791387 0.2545622246232984
vn -0.9307431149607459 -0.2625172903791387 0.2545622246232984
vn -0.40490218667220107 0.8574399636048805 -0.31757035132601863
vn 0.15862528010539173 0.08724390781034058 -0.9834767516629292
vn 0.15862528010539173 0.08724390781034058 -0.9834767516629292
vn 0.41324541016292793 -0.6596032155523971 -0.6278151232745283
vn -0.7305730206358635 -0.10323314585375747 0.6749859103093389
vn -0.9063331866493382 0.4134151562468138 0.0874532067078071
vn -0.3405947263143618 -0.8158431823339231 -0.46732765191683484
vn -0.5299962687984241 -0.838501599809452 -0.12656627582708668
vn 0.23916724726961608 0.5181956823014375 -0.8211408299905821
vn 0.23916724726961608 0.5181956823014375 -0.8211408299905821
vn 0.23916724726961608 0.5181956823014375 -0.8211408299905821
vn -0.6953317888083078 -0.18173444072403447 0.6953317888083078
vn -0.5637584370479212 0.5081766430146164 0.6511013163492148
vn -0.5637584370479212 0.5081766430146164 0.6511013163492148
vn -0.5637584370479212 0.5081766430146164 0.6511013163492148
vn -0.6747944502263366 0.15083641447489587 0.7224270385389057
vn 0.16596253078964754 0.16596253078964754 -0.9720662923627126
vn 0.3180920868108425 0.1351891331322795 -0.9383716335180141
vn 0.1347213596211665 0.9905982713249668 0.023774358241848856
vn 0.2611082988693543 -0.17407220922873617 -0.9494847667212883
vn -0.7691149324690519 -0.12686431937655512 0.6263925806730544
vn -0.490936101227514 -0.380079556440006 -0.783914073918753
vn -0.490936101227514 -0.380079556440006 -0.783914073918753
vn -0.023680849301580886 -0.9314467167881331 -0.3631063634267009
vn -0.023680849301580886 -0.9314467167881331 -0.3631063634267009
vn -0.015852559049959757 0.9749324003226097 0.22193582669943662
vn -0.8327303617903574 0.4361920842654353 0.3410228880539779
vn 0.16628479870391213 -0.49093609091680324 -0.8551789990144331
vn -0.536749174453397 0.38677514744449554 -0.7498701947956629
vn -0.6959621242988854 -0.09490392195892328 0.7117794371420105
vn -0.5646134177524276 -0.3499013043437363 0.7475163982900138
vn -0.40540078471739666 -0.7313112548858096 0.548483411078094
vn -0.40540078471739666 -0.7313112548858096 0.548483411078094
vn 0.3033503256541187 0.1436922634959575 -0.9419825440723137
vn 0.3033503256541187 0.1436922634959575 -0.9419825440723137
vn -0.6106689369497542 0.10309995224581939 0.7851457503493009
vn -0.8638288148254122 -0.4755021087098928 0.1664257290498351
vn -0.07124482081666547 0.007916090785718774 -0.9974274464909584
vn 0.00792702659413768 -0.9750242898307866 -0.22195674463585507
vn -0.9041925511066113 -0.3965756760965915 0.15863027344063121
vn 0.4279653467834228 -0.4041894758532302 -0.8083789517064603
vn -0.5711768046202733 0.7536360257878235 0.3252534373354248
vn -0.6014156706202243 0.7675962935919631 0.22157418892169428
vn -0.7144432328107224 -0.6985667245381656 -0.039691289459812124
vn -0.5349567643783332 0.43115919991908036 0.7265831023159038
vn 0.40504263409556307 0.492404792079873 -0.7703752237070614
vn -0.16617543306042046 -0.15826232076591387 -0.973313291429316
vn -0.16617543306042046 -0.15826232076591387 -0.973313291429316
vn -0.16617543306042046 -0.15826232076591387 -0.973313291429316
vn -0.19782170642427085 -0.4352077661131462 -0.8783283968893382
vn -0.19782170642427085 -0.4352077661131462 -0.8783283968893382
vn -0.7690424037371693 -0.5866921684245371 -0.2537047117486611
vn -0.5491952732750381 -0.5412359249812331 -0.6367481647575163
vn -0.5491952732750381 -0.5412359249812331 -0.6367481647575163
vn 0.15874515758697508 0.4127374247469789 -0.8969101366111983
vn -0.31641569151613075 0.39551960691016247 0.8622327706089578
vn -0.8847468108207319 0 0.46607196948812973
vn 0.15810893979229662 -0.11858170858438327 -0.9802754416728823
vn -0.3975271218707645 -0.4293293072682493 0.810955321394287
vn -0.3975271218707645 -0.4293293072682493 0.810955321394287
vn -0.06336447270884356 0 -0.9979904526589071
vn -0.8076690537411403 0.22171307974629867 0.5463643563578271
vn -0.8076690537411403 0.22171307974629867 0.5463643563578271
vn 0.3641173719212232 -0.49076688998428386 -0.7915594729142816
vn -0.7597781043854457 -0.6489771233404841 0.0395717762700753
vn 0.08679733869600421 -0.06312533451842624 -0.9942240261315496
vn 0.23687491763324806 -0.12633328541974717 -0.9632913237392385
vn 0.23687491763324806 -0.12633328541974717 -0.9632913237392385
vn -0.1104934154320257 -0.21309444778146003 -0.970763597108421
vn -0.1104934154320257 -0.21309444778146003 -0.970763597108421
vn -0.4360549780026439 -0.22199162325540286 0.8721099560052878
vn -0.17485668449070135 -0.4371416961855226 -0.882231419382105
vn -0.9355361265225833 0.055497907145749106 0.3488440027771193
vn -0.19843144270803517 0.8889728801553424 -0.4127374236643955
vn -0.6345011207992355 -0.6027760797687743 -0.4838071158665425
vn -0.7779248028144333 0.27783027813528977 0.5635985607836418
vn -0.42204622554147025 0.8361293187326757 0.35037800424945337
vn -0.9316789578857586 -0.26844986820830474 -0.24476312567838077
vn -0.9316789578857586 -0.26844986820830474 -0.24476312567838077
vn -0.9316789578857586 -0.26844986820830474 -0.24476312567838077
vn -0.43693472981240916 0.8579809316490047 -0.27010509586170856
vn -0.43693472981240916 0.8579809316490047 -0.27010509586170856
vn -0.647458098561966 -0.07895830561380345 0.7579997338925131
vn -0.1584211252162481 -0.34060540797229616 -0.9267635637773226
vn -0.1584211252162481 -0.34060540797229616 -0.9267635637773226
vn -0.45338156701767107 0.7476818961824327 -0.48519783265142796
vn -0.45338156701767107 0.7476818961824327 -0.48519783265142796
vn -0.45338156701767107 0.7476818961824327 -0.48519783265142796
vn -0.7743467549518231 -0.1738329541441863 0.608415324551483
vn -0.915459859946289 -0.3630271992307677 0.17362170787601872
vn -0.7545626009170714 -0.5162796679827272 -0.4050809619383628
vn -0.7545626009170714 -0.5162796679827272 -0.4050809619383628
vn -0.7545626009170714 -0.5162796679827272 -0.4050809619383628
vn -0.7357125300094195 0.26105927711511595 0.6249601003418316
vn -0.7313343512545071 -0.4451600307370698 -0.5167036033446257
vn -0.7313343512545071 -0.4451600307370698 -0.5167036033446257
vn -0.37154439783807347 0.577079617013417 -0.7272784034073824
vn -0.7656569234967474 -0.15786740767653498 0.6235762640567604
vn 0.19760529912286792 0.8299422981993029 -0.5216779920777004
vn 0.13484421363133905 -0.30141649342278826 -0.9439094954193733
vn -0.7959351784552825 0.6049107621362884 0.023878055805538142
vn -0.7959351784552825 0.6049107621362884 0.023878055805538142
vn -0.5711229069168205 0.0793226217908391 0.8170229781757109
vn 0.03151854436304969 -0.38610216471940934 -0.9219174039794565
vn 0.03151854436304969 -0.38610216471940934 -0.9219174039794565
vn -0.725658445506671 0.3668163550792995 0.5821216214084297
vn -0.0798570241007578 0.4711564308600793 -0.8784272726645971
vn -0.5160192854248135 -0.4842642672681437 0.7065495145542969
vn -0.09480613297571114 0.9954644037206182 -0.007900511081309262
vn -0.09480613297571114 0.9954644037206182 -0.007900511081309262
vn -0.3484936916548093 0.9345966558484864 0.07128280124706428
vn -0.3484936916548093 0.9345966558484864 0.07128280124706428
vn -0.15027394795314666 0.27682041232126026 -0.9490986249536254
vn -0.15027394795314666 0.27682041232126026 -0.9490986249536254
vn -0.9217677981907912 0.27017331704807884 0.2781195875405737
vn -0.6367481647575163 -0.5491952732750381 -0.5412359249812331
vn -0.5236446210603792 -0.721994885429934 -0.4522385391002723
vn -0.6584606068105459 -0.7139934638011886 -0.23799782126706284
vn -0.6584606068105459 -0.7139934638011886 -0.23799782126706284
vn -0.9788452712470996 -0.04774854889862253 0.19895228331252635
vn -0.9788452712470996 -0.04774854889862253 0.19895228331252635
vn -0.9788452712470996 -0.04774854889862253 0.19895228331252635
vn -0.9265310507496581 -0.28508649790417157 0.24549114181466755
vn -0.3754118235542958 -0.023962456581403505 -0.9265483060317053
vn -0.3754118235542958 -0.023962456581403505 -0.9265483060317053
vn -0.25306922670243903 0.5219552725906521 0.8145665472575261
vn -0.11881211941196429 -0.35643635823589287 -0.9267344834462412
vn -0.11881211941196429 -0.35643635823589287 -0.9267344834462412
vn -0.22252377649965777 0.7390968403680033 -0.6357822185704508
vn -0.8630973266704423 -0.38007955174973196 0.33256960028850935
vn -0.4997168054255339 -0.8090652754300692 -0.30934850002637027
vn -0.05540742764199451 0.04749208083599529 -0.9973337050455902
vn -0.6149579233893413 0.6548902364484307 0.43925565524553856
vn -0.3894904076750542 -0.3894904076750542 -0.8346223365440444
vn -0.3894904076750542 -0.3894904076750542 -0.8346223365440444
vn -0.8689748643593989 -0.4739863005232376 -0.14219589314695177
vn -0.8689748643593989 -0.4739863005232376 -0.14219589314695177
vn -0.8689748643593989 -0.4739863005232376 -0.14219589314695177
vn -0.5477397921134062 0.6985667453857741 -0.4604189639629209
vn -0.7750244824145157 -0.0949009579466503 -0.6247646435570119
vn -0.7750244824145157 -0.0949009579466503 -0.6247646435570119
vn -0.7750244824145157 -0.0949009579466503 -0.6247646435570119
vn -0.7750244824145157 -0.0949009579466503 -0.6247646435570119
vn -0.9129572225026545 -0.2461015189462073 -0.32548909697961914
vn -0.9129572225026545 -0.2461015189462073 -0.32548909697961914
vn -0.9555444355471967 0.03948530617329929 0.292191276890995
vn -0.11890540345780445 -0.06341621317729816 -0.990878342146395
vn -0.11890540345780445 -0.06341621317729816 -0.990878342146395
vn -0.7951045015004629 -0.5009158491865947 -0.3418949308301797
vn -0.71514210775057 -0.4529233168637765 -0.53238354103333
vn -0.71514210775057 -0.4529233168637765 -0.53238354103333
vn -0.7441591601846185 -0.5699942745799433 -0.34832983113624877
vn 0.04749208074730714 0.5540742529161828 -0.8311114392917867
vn 0.04749208074730714 0.5540742529161828 -0.8311114392917867
vn -0.7602782969026619 -0.4593347968850106 -0.4593347968850106
vn -0.7602782969026619 -0.4593347968850106 -0.4593347968850106
vn -0.6928148175091199 0.5255836671340596 0.493730126163797
vn -0.6928148175091199 0.5255836671340596 0.493730126163797
vn -0.7943014559948929 0.595726122059646 0.11914522441192921
vn -0.3081199291119284 0.9480613387459975 -0.0790051090702828
vn -0.3081199291119284 0.9480613387459975 -0.0790051090702828
vn -0.3081199291119284 0.9480613387459975 -0.0790051090702828
vn -0.7986498189993231 -0.03162969654276452 0.6009642492769108
vn 0.11877113974189547 -0.07918075733050657 -0.9897594778697391
vn -0.5680749690936621 0.06311943769234521 -0.8205527198630428
vn -0.5680749690936621 0.06311943769234521 -0.8205527198630428
vn -0.33356451982363006 0.3732745938744102 -0.8656793798414776
vn -0.12656627768557388 0.7435768888877476 -0.656562554266413
vn -0.17424684028359919 0.9821185270734285 0.07128279897914383
vn -0.9359185964673271 0.04758908232113323 0.3489866186982835
vn -0.9509146239837584 0.2377286559959396 -0.19810720333241674
vn -0.15787232365559192 -0.5367658854907585 0.8288297253338022
vn -0.15787232365559192 -0.5367658854907585 0.8288297253338022
vn 0.4371831348425385 0.4053879829939274 -0.8028271855470304
vn 0.4371831348425385 0.4053879829939274 -0.8028271855470304
vn -0.2860297662509348 -0.2621939348546811 -0.9216514055454236
vn 0.17473531019418082 -0.3018155303242068 -0.9372166009127566
vn -0.07905447050154898 0.996086335799839 -0.03952723525077449
vn -0.6333864963511213 0.728394485786923 0.2612719259990542
vn -0.11121624443550154 0.8182337720380415 -0.5640252133283237
vn -0.9453380417964581 0.2700965833704166 0.18271240347624398
vn -0.2849168037927544 0.3007455067937399 -0.9101508419267091
vn -0.3710346435076385 0.40261204471885836 0.8368015504075381
vn -0.3710346435076385 0.40261204471885836 0.8368015504075381
vn -0.604069428208726 -0.6199659841922683 -0.5007417541488774
vn 0.08677303198464321 0.930837917043393 -0.3549805813203157
vn 0.08677303198464321 0.930837917043393 -0.3549805813203157
vn -0.5239250429894554 -0.5398015521599301 -0.6588754310294379
vn -0.5239250429894554 -0.5398015521599301 -0.6588754310294379
vn -0.6186969932570279 -0.023796037913521896 -0.7852692398880345
vn -0.9901009518080789 0.03960403762263179 0.13465372416952
vn -0.9901009518080789 0.03960403762263179 0.13465372416952
vn -0.8312676953430015 -0.5462615924109917 -0.1029188580180638
vn -0.7978271426885719 0.5608487704492991 -0.22117980711380172
vn -0.7978271426885719 0.5608487704492991 -0.22117980711380172
vn -0.7978271426885719 0.5608487704492991 -0.22117980711380172
vn -0.7978271426885719 0.5608487704492991 -0.22117980711380172
vn 0.2455450398720978 -0.8950512569650776 0.37227796174289507
vn 0.4041260153859169 -0.8716443786666743 -0.27734137957955185
vn -0.4914139012516627 0.1981507598597236 -0.848085286998681
vn 0.6349006391137068 0.4285579389112278 -0.6428368933478903
vn -0.6918283966450848 0.6918283966450848 -0.20675332933469925
vn -0.5648992882835453 0.6365062700092159 -0.5251176652291363
vn -0.10280615846181065 -0.9885207296893755 0.11071432046808384
vn -0.3504335746271559 0.5176859364835774 -0.7805111023817374
vn -0.9886134743380762 -0.007908907704901455 0.15026925013492576
vn -0.26171524326303924 -0.10309994954599723 -0.9596225986539609
vn -0.9466832082594734 -0.27048091664556384 0.17501707611009354
vn 0.04746978024462018 0.06329304032616025 0.996865392623196
vn -0.21364745778812258 0.561813649244517 -0.7991997167812507
vn -0.8991220063137404 -0.007956831947594797 0.43762576088218547
vn -0.8991220063137404 -0.007956831947594797 0.43762576088218547
vn -0.05544217455799812 0.03168124260457035 -0.9979591495383521
vn -0.05544217455799812 0.03168124260457035 -0.9979591495383521
vn -0.05544217455799812 0.03168124260457035 -0.9979591495383521
vn -0.8709064397419054 0.49087454203266667 0.023751993606827417
vn -0.8731808889467366 0.2937063077495828 0.388962388883931
vn -0.0709277370556347 0.09457031110280885 -0.992988274036549
vn -0.585662300867301 0.4748613217891627 -0.6568914631896721
vn -0.585662300867301 0.4748613217891627 -0.6568914631896721
vn 0.055301850948571686 -0.26070872216270047 -0.9638322818156454
vn -0.18281048803877115 0.38151753240698005 -0.9061041319457246
vn -0.8289072050905131 -0.5526047635546074 0.08683789867212569
vn -0.5398015521599301 0.6588754310294379 0.5239250429894554
vn -0.8761368147250194 -0.023679373270018608 0.48148060102670426
vn -0.3007360817852035 -0.6252144739926344 -0.7201837755896732
vn 0.04735137196245606 -0.520865084119518 -0.8523247102592065
vn -0.4279653399541197 -0.9034823610170782 0.023775851803057104
vn -0.7677405401685835 0.19787127045982136 0.6094435357834782
vn -0.9201424078423516 0.04759357359588317 0.3886808472801984
vn 0.11095397488640235 -0.6577985541493191 -0.7449766960220789
vn -0.841031500840492 0.53952961258489 0.03967129614706315
vn -0.7782436015555493 0.10323640087860367 0.619418390243202
vn -0.9154598663124527 -0.07891895527995263 0.39459476893226425
vn -0.5666236354252263 0.1276898392913334 -0.8140227028279085
vn -0.9533121466604182 0.2701050921840686 0.1350525460920343
vn -0.5010583951015196 0.6998911164168305 -0.5090116991377426
vn -0.4444444470403944 -0.7777777748109779 -0.4444444470403944
vn -0.4444444470403944 -0.7777777748109779 -0.4444444470403944
vn -0.03170113513544734 0.18228153077836803 -0.9827352041970508
vn -0.15027395357468026 -0.3480028461593273 -0.9253711460500822
vn -0.15027395357468026 -0.3480028461593273 -0.9253711460500822
vn -0.9435533731278121 -0.32508982292824345 0.0634321613033282
vn -0.8678718050571955 0.49365185352375573 0.055734885837558354
vn -0.4032155813138535 -0.5850579410238272 0.7036507660982763
vn -0.5382604367881603 0.7440659261104052 -0.3957797364571408
vn -0.8086075175590025 -0.5707818229902415 -0.14269545574756037
vn -0.9983083025024035 0.05590526430534794 0.01597293265867084
vn -0.30869853251869633 -0.3007831893719037 -0.9023495381569544
vn 0.08732634589761219 0.08732634589761219 -0.9923448083324371
vn -0.11037659785925705 0.9933893881933819 0.03153617081693059
vn -0.11037659785925705 0.9933893881933819 0.03153617081693059
vn -0.48532066062715884 -0.23072620657538884 0.8433441017566609
vn -0.601434506487599 -0.6647433703787261 -0.44316225690321376
vn -0.9773608571177981 -0.11919034989606624 0.174812515185888
vn -0.48458506827131204 -0.5560811903958741 -0.6752414540713532
vn -0.7844799410757058 -0.5546827720777757 -0.27734138603888786
vn -0.08670022578193287 -0.9931116418825862 0.07881838368449234
vn -0.4666401402740575 -0.22936549445290325 -0.8541887668656051
vn 0.05522091663724655 -0.9939765069349153 -0.09466442852099408
vn -0.33255918618866953 0.039590380200112026 -0.9422510225397159
vn 0.11104118856621625 -0.14276724994726436 -0.9835076851678881
vn 0.11104118856621625 -0.14276724994726436 -0.9835076851678881
vn -0.9859037578492541 0.11830845333009744 0.11830845333009744
vn -0.9859037578492541 0.11830845333009744 0.11830845333009744
vn -0.612792470439474 0.7799176677436981 0.12733349800393007
vn -0.9631712387027381 -0.26842475772580304 -0.01578969207035846
vn -0.7923293393700293 -0.6100936141064363 0
vn -0.7923293393700293 -0.6100936141064363 0
vn -0.957726967133752 -0.03957549342647364 0.2849435676495188
vn -0.957726967133752 -0.03957549342647364 0.2849435676495188
vn -0.584783862399462 -0.545271399653726 -0.600588823569698
vn -0.584783862399462 -0.545271399653726 -0.600588823569698
vn -0.3161388554921343 0.02371041416191007 -0.9484165963902118
vn 0.30927067524937607 -0.9119519688016428 0.26962057790458555
vn 0.30927067524937607 -0.9119519688016428 0.26962057790458555
vn -0.5875607242410054 0.5955007299669511 -0.5478606355070729
vn -0.3246818261016002 -0.19005765649651069 -0.9265310566874618
vn -0.27043812170077264 -0.7556359530741636 -0.5965547156402826
vn -0.27043812170077264 -0.7556359530741636 -0.5965547156402826
vn -0.941867266134291 0.32450889529916316 0.08706336690269555
vn -0.8206293711594688 0.3314079957485985 -0.46554932665004684
vn -0.8206293711594688 0.3314079957485985 -0.46554932665004684
vn -0.9745039259254576 0.1663787121122481 0.15053312762226034
vn -0.7683183350942803 -0.6257438054844896 0.134653725740294
vn -0.9700387850446834 -0.055205458249764194 0.23659482853280586
vn -0.9700387850446834 -0.055205458249764194 0.23659482853280586
vn 0.03163068502589099 -0.07907671256472748 -0.9963665857979924
vn -0.6725938148206462 0.6725938148206462 -0.308601880308628
vn -0.6386729447369478 0.6626231688334427 -0.39118717487433363
vn -0.6803788870432056 -0.5142398697171041 -0.5221512486427516
vn -0.6803788870432056 -0.5142398697171041 -0.5221512486427516
vn -0.8524611140266587 0.5178501942375512 -0.07170233887788095
vn 0.3169218000791835 -0.10299958877422127 -0.9428423289961645
vn -0.23790051483884403 0.9595320725147668 -0.15067032506412517
vn -0.18240759977669985 -0.21413065995488434 0.9596225966550541
vn -0.18240759977669985 -0.21413065995488434 0.9596225966550541
vn -0.9088708417430335 0.4109677049906884 0.07112902701426822
vn -0.9869283758573788 -0.05571369778682584 -0.15122289775835754
vn -0.7070844771252335 -0.325735529762237 -0.6276367634699628
vn -0.7070844771252335 -0.325735529762237 -0.6276367634699628
vn -0.7184155101371958 0.039911971526544604 -0.6944682781259177
vn -0.9354185419082869 -0.26160010324586896 -0.23781828658857426
vn -0.7432978765889756 -0.5614270877121308 -0.36374151789615017
vn -0.6194965116781306 -0.35740184059752855 -0.6989191629624463
vn -0.35715411932591357 0.198418945167798 -0.9127271537798299
vn -0.6961145526768504 0.6802937156741878 -0.22940137306850572
vn -0.9248795062785995 -0.1343842007440899 -0.3557229054421798
vn -0.8164837440379148 0.41220541359474844 -0.40427836044613047
vn -0.8164837440379148 0.41220541359474844 -0.40427836044613047
vn -0.9570077778695772 0.1265464795604855 -0.2610021103515862
vn -0.7314961378898566 0.5804262977183673 -0.35779702789315193
vn -0.87145287283524 -0.253513560825883 -0.41988184636226944
vn -0.6800384459806704 -0.20559303282066252 -0.7037607667693595
vn -0.5455440216813946 0.7115792055540358 -0.44276038060194284
vn -0.4059140749753926 0.3104048932676823 -0.859582785991175
vn -0.7405012649491087 -0.398118946039905 -0.5414417617923879
vn -0.8161760857696776 0.5229866273838039 -0.24564524134491608
vn -0.8161760857696776 0.5229866273838039 -0.24564524134491608
vn -0.37931925543595096 0.17385466621899595 -0.9087857049323549
vn -0.3005197103507887 0.26097763295929877 -0.9173759201034434
vn -0.7882755144109881 0.6051408226858891 0.1114733066663825
vn -0.993698267742107 0.07097845089403106 -0.0867514391524393
vn -0.47550211146509375 0.8796788822140835 -0.007925034941123022
vn -0.2218452533481551 -0.7051510100960415 -0.6734587860644669
vn -0.5553981225270848 0.10314537354876213 -0.825162988390097
vn -0.5553981225270848 0.10314537354876213 -0.825162988390097
vn -0.5553981225270848 0.10314537354876213 -0.825162988390097
vn -0.44426258505116106 -0.8567921433262322 0.26179759100897165
vn -0.5065663239216855 -0.6252928098355578 -0.5936324295693612
vn -0.5065663239216855 -0.6252928098355578 -0.5936324295693612
vn -0.32459022670781745 0.45125958493352125 -0.8312676895750211
vn -0.9533121420776005 -0.007944267600078185 -0.3018821763200256
vn -0.5797669398218199 0.5956509573348333 -0.5559408534329336
vn -0.9680101051567058 0.14282116724059435 -0.2062972382329382
vn -0.9680101051567058 0.14282116724059435 -0.2062972382329382
vn -0.7029480762201398 0.02369487809200138 -0.7108463651806975
vn -0.5883215519988619 -0.4054648265666878 0.6996256326571348
vn -0.7277561132994689 -0.08701431984711068 -0.6802937216355853
vn -0.9773608571177981 0.11919034989606624 0.174812515185888
vn -0.8282879952814153 -0.3234267270813903 -0.4575304897841389
vn 0.15023166637978733 0.9883662127944622 0.02372078883772501
vn -0.9731914191951987 0.1503303826790386 0.17406676204378813
vn -0.19734039808909512 -0.25259571433428296 -0.9472339586300688
vn -0.19734039808909512 -0.25259571433428296 -0.9472339586300688
vn -0.6818314003557506 0.05549790651198331 -0.7294010720184768
vn -0.9766211802312147 -0.015880018885343922 0.21438025870865565
vn -0.6677189478647814 0.6438718533289904 -0.37360466157830574
vn -0.7283260094172261 -0.5224947276476494 -0.4433288661781312
vn -0.7283260094172261 -0.5224947276476494 -0.4433288661781312
vn -0.7209744466011144 -0.35652582721947085 -0.5942097120324514
vn -0.7209744466011144 -0.35652582721947085 -0.5942097120324514
vn -0.1028930654404463 -0.989356373693795 0.1028930654404463
vn -0.9799998738449196 0.1975806129722781 -0.0237096740053665
vn 0.23695618294384446 -0.9715203381117059 0
vn 0.23695618294384446 -0.9715203381117059 0
vn 0.23695618294384446 -0.9715203381117059 0
vn -0.7232708221087498 -0.14306456202094295 -0.6755825996722302
vn -0.5553981255376805 0.4125814964314912 -0.7220176112475252
vn 0.284845435837147 0.9573971352171469 0.04747423681056617
vn -0.8880502356358859 0.3885219743393867 -0.24579962254338905
vn -0.8880502356358859 0.3885219743393867 -0.24579962254338905
vn -0.5796389983928328 0.6828623281491394 0.44465455393697545
vn -0.5796389983928328 0.6828623281491394 0.44465455393697545
vn -0.5796389983928328 0.6828623281491394 0.44465455393697545
vn -0.9628712121530238 0.07103148494498346 -0.26044876070635725
vn 0.25419251345814237 0.9373348708278695 -0.2383054888833519
vn 0.25419251345814237 0.9373348708278695 -0.2383054888833519
vn -0.9327261808806541 0.324082829616844 0.15808918700318902
vn 0.17481803688433933 -0.6595407358727999 -0.7310572287477031
vn -0.4198818511499438 0.649628499527403 -0.6337839092913855
vn -0.4596231541707288 0.7290574438512274 -0.5071703852900569
vn -0.49927720315604496 0.8559037854090555 -0.13472558974124632
vn -0.49927720315604496 0.8559037854090555 -0.13472558974124632
vn -0.20546460130669145 -0.7191260970959018 0.6638086728007535
vn -0.8584144449974487 0.1112759446238926 -0.5007417545679431
vn -0.8584144449974487 0.1112759446238926 -0.5007417545679431
vn -0.3338278318186355 -0.8981558497005784 -0.2861381630469819
vn -0.37942589471008703 0.8853270876568697 -0.2687600012733577
vn -0.37942589471008703 0.8853270876568697 -0.2687600012733577
vn -0.9661566983032549 -0.07919317014941947 -0.24549883120992325
vn -0.9661566983032549 -0.07919317014941947 -0.24549883120992325
vn -0.1663787121122481 -0.9745039259254576 -0.15053312762226034
vn -0.7178668220379641 -0.05583408439745712 -0.6939378796669133
vn -0.7178668220379641 -0.05583408439745712 -0.6939378796669133
vn -0.9510340704944428 0 -0.30908606691142065
vn -0.302225711196705 -0.9066771034876797 -0.29427240696816476
vn -0.5467072292732823 0.41201127436902196 -0.7289430123494876
vn -0.505885390155541 0.3952229535796295 -0.7667325407147985
vn -0.8307991824960249 0.5380413433867586 -0.14242271999406858
vn -0.8307991824960249 0.5380413433867586 -0.14242271999406858
vn -0.7149841021177062 0.007944267550739362 -0.6990955745332821
vn -0.6173197031241934 -0.3165742028899706 0.7202063302965598
vn -0.08719455733390012 -0.9908472110649345 0.10304811253092695
vn -0.7140833404303911 -0.5712666843564478 0.40464720221961853
vn -0.039433696669483834 -0.20505523014393592 -0.977955692328439
vn -0.039433696669483834 -0.20505523014393592 -0.977955692328439
vn -0.7177379577138042 0.1183084552243048 0.686188992537228
vn -0.7206126909868689 0.6730997300766418 0.16629522831222635
vn -0.7206126909868689 0.6730997300766418 0.16629522831222635
vn -0.5788366770246545 -0.1903024605253594 0.7929269038499387
vn -0.9354613292110443 0.27983885347545634 -0.2158756995037849
vn -0.7737993545101797 0.32706982807798274 -0.5424572669995933
vn -0.9138392032457241 0.3860182867001003 -0.12604678871093544
vn -0.8388165842728037 0.2927944714859316 -0.4589750923701421
vn -0.8066581376646392 0.24516081710955206 -0.5377720917764262
vn -0.5559759330888284 0.36535563550411804 -0.7465962907966986
vn -0.07936507819198249 -0.9841269846000071 0.15873015638396498
vn -0.8541086190983312 0.37169541479904117 -0.3637870055393823
vn -0.388962388883931 0.2937063077495828 -0.8731808889467366
vn -0.9684369873069918 0.15082215400719157 -0.19845019394394187
vn -0.8450038678522378 0.09566081266676658 -0.5261344621241719
vn -0.5805180694817011 0.17495065066436707 -0.795230181040278
vn -0.07919317014941947 -0.9661566983032549 -0.24549883120992325
vn -0.9024909055079815 -0.12666539129808338 -0.411662536700496
vn -0.5059328009232995 -0.03952600007213278 -0.8616668127926264
vn -0.9961797258646955 0.08696807439305435 -0.007906188241140259
vn -0.08695720374704949 -0.12648320001018987 -0.9881500112997401
vn -0.3637528779193967 -0.6009830182954994 -0.7116904211283078
vn 0.19753743794398343 -0.9165737144525902 0.3476659123139747
vn -0.7386304835853343 0.38122863087101805 -0.5559583974747608
vn -0.36563252753643954 0.9220298180400027 -0.12717652870099092
vn 0.3650218939376141 -0.8808136862244463 -0.30153982673255597
vn -0.8820085846680107 0.04767613950857583 -0.4688153605562552
vn -0.8820085846680107 0.04767613950857583 -0.4688153605562552
vn -0.8820085846680107 0.04767613950857583 -0.4688153605562552
vn -0.8820085846680107 0.04767613950857583 -0.4688153605562552
vn -0.8589572602252067 0.37380547157000343 -0.3499455593813612
vn -0.8589572602252067 0.37380547157000343 -0.3499455593813612
vn -0.9650678679796466 -0.2294013693740133 -0.12656627482290414
vn -0.5217594985241256 -0.45851592203873803 -0.7193957012220875
vn -0.8540018022166959 0.37955634988991616 -0.35583408924508475
vn -0.7875518590648131 0.47730417890650634 -0.38979839671545913
vn -0.7875518590648131 0.47730417890650634 -0.38979839671545913
vn -0.7777532791129645 0.38094038528446056 -0.4999842594405924
vn -0.8106991358888325 0.3894535135346263 -0.4371417068464583
vn -0.8106991358888325 0.3894535135346263 -0.4371417068464583
vn 0.2683495010565197 -0.9550085711825296 0.1262821216586899
vn 0.332559181069029 -0.9105787193461058 0.24546035720804787
vn -0.7602306171441852 0.4513869251827544 -0.46722505554671395
vn -0.7602306171441852 0.4513869251827544 -0.46722505554671395
vn -0.8056509958638307 -0.5923904733059249 0
vn -0.6893914525809444 0.6814674163434231 0.24564524332979676
vn -0.6893914525809444 0.6814674163434231 0.24564524332979676
vn -0.6893914525809444 0.6814674163434231 0.24564524332979676
vn -0.5553981406237425 0.6585435250408973 -0.5077926063053682
vn -0.5553981406237425 0.6585435250408973 -0.5077926063053682
vn -0.5553981406237425 0.6585435250408973 -0.5077926063053682
vn -0.8387378035376617 -0.31650482304767297 0.4431067522667422
vn -0.2845961059135902 0.6245303144424612 -0.7273011362848412
vn -0.7749275590992962 0.4586305931476682 0.4349083319245847
vn -0.7749275590992962 0.4586305931476682 0.4349083319245847
vn -0.7620727794624328 -0.42072769159527057 -0.4921720109141895
vn -0.7620727794624328 -0.42072769159527057 -0.4921720109141895
vn -0.4589750923701421 0.8388165842728037 0.2927944714859316
vn -0.5702087496737993 -0.45933479448612996 -0.6810826149372975
vn -0.5872091519920093 0.007935258506302964 -0.8093963451173124
vn -0.8742005599350795 0.1748401180029382 0.45299482794609464
vn -0.8742005599350795 0.1748401180029382 0.45299482794609464
vn -0.27855966531587417 0.5491604864939694 -0.7879259311209492
vn -0.27855966531587417 0.5491604864939694 -0.7879259311209492
vn -0.1976299957792152 -0.9802448125757012 0.007905199980770366
vn -0.43533044115200503 0.4828210418131625 -0.7598494907472485
vn -0.6229555570816491 -0.1971378296081685 0.75700928002137
vn -0.6229555570816491 -0.1971378296081685 0.75700928002137
vn -0.13425003958607706 -0.08686767882707441 -0.9871326826958639
vn -0.4992301906300146 0.5547001851510382 0.665640234178286
vn -0.03170511844200813 0.03963139805251016 -0.99871123842329
vn -0.7035847996026542 0.6008139787812744 0.379461450834083
vn -0.7035847996026542 0.6008139787812744 0.379461450834083
vn -0.3648725917243063 0.6583570428758195 -0.6583570428758195
vn -0.8709064397419054 -0.023751993606827417 0.49087454203266667
vn -0.6866376633274192 0.26044877502871555 -0.678745279826168
vn -0.9362425959104614 0.1507509338404965 0.31737037912990357
vn -0.4994026825215935 0.06341621317729816 0.8640459157917987
vn -0.6107649731909363 0.5869689469712248 -0.5314448257482297
vn -0.6107649731909363 0.5869689469712248 -0.5314448257482297
vn -0.7435768888877476 0.656562554266413 0.12656627768557388
vn -0.7435768888877476 0.656562554266413 0.12656627768557388
vn -0.16601438180476982 0.9644645479877043 0.20554162767880704
vn 0.4050554119289225 -0.9054179972885515 0.12707621120052062
vn 0.4050554119289225 -0.9054179972885515 0.12707621120052062
vn 0.4050554119289225 -0.9054179972885515 0.12707621120052062
vn -0.7915594729142816 -0.49076688998428386 0.3641173719212232
vn -0.7915594729142816 -0.49076688998428386 0.3641173719212232
vn 0.3326217529284343 -0.9345087329906143 -0.1267130515893773
vn 0.2683244307751036 -0.9628112419788922 0.031567580969717915
vn -0.5787638891932847 -0.7294010477458136 -0.3647005238729068
vn -0.2522188305776789 0.8906477417484373 -0.37832824586651836
vn -0.33282011930398114 0 -0.9429903330291799
vn -0.33282011930398114 0 -0.9429903330291799
vn -0.46664015281389737 -0.37963945548987915 -0.7988246688837111
vn -0.7337178323764524 -0.14989934354328746 0.6627128558116944
vn -0.8928134867218939 -0.27653514069819796 0.35554520653008725
vn -0.8928134867218939 -0.27653514069819796 0.35554520653008725
vn -0.37975824677030395 -0.20570239115342023 -0.9019258285932996
vn -0.37975824677030395 -0.20570239115342023 -0.9019258285932996
vn -0.04745641473608478 0.9886753182278627 0.1423692516923187
vn -0.8387378035376617 -0.31650482304767297 0.4431067522667422
vn -0.4752335666247474 0.8078970152964953 0.348504619521946
vn 0.19002190377052475 0.9817798511313142 0
vn -0.7621688526375919 -0.35726666094234405 -0.5398695889269972
vn -0.5811799838169336 -0.41399121763402774 -0.700600526785731
vn -0.5811799838169336 -0.41399121763402774 -0.700600526785731
vn -0.727824423433647 -0.5300460253689452 0.4351124218452777
vn -0.3485264805339211 0.879237223641977 -0.32476329369093804
vn -0.3485264805339211 0.879237223641977 -0.32476329369093804
vn -0.6401811975704551 -0.4584013465457638 -0.6164707939248123
vn -0.52399106642525 -0.1746636988248367 -0.8336221893755924
vn -0.52399106642525 -0.1746636988248367 -0.8336221893755924
vn -0.52399106642525 -0.1746636988248367 -0.8336221893755924
vn -0.7594927197243997 -0.632910599770333 0.15031627118842306
vn -0.9404543788409184 -0.2766042255518063 0.19757445109585342
vn -0.204946901586358 0.13400373473875998 -0.9695564793276438
vn -0.204946901586358 0.13400373473875998 -0.9695564793276438
vn -0.8308511923714921 -0.482684974432093 0.27695037749091395
vn -0.8308511923714921 -0.482684974432093 0.27695037749091395
vn -0.8308511923714921 -0.482684974432093 0.27695037749091395
vn -0.8308511923714921 -0.482684974432093 0.27695037749091395
vn -0.655721947850222 0.17380582795004046 0.7347246159467586
vn -0.6995372137165327 -0.6359428942084723 -0.3259207295209404
vn -0.6995372137165327 -0.6359428942084723 -0.3259207295209404
vn -0.4295193943311413 0.8988090834395138 -0.08749469366784669
vn -0.9116080739864694 0.31708107312611505 -0.26159188157867447
vn -0.9116080739864694 0.31708107312611505 -0.26159188157867447
vn -0.717849598523433 -0.6547419132938965 -0.2366537151113287
vn -0.717849598523433 -0.6547419132938965 -0.2366537151113287
vn -0.6752414540713532 0.48458506827131204 -0.5560811903958741
vn -0.6752414540713532 0.48458506827131204 -0.5560811903958741
vn -0.8549646013758554 0.49872934580883055 0.142494105223061
vn -0.8477658014744237 -0.5149979016494521 0.1267687151748772
vn -0.9027172381974515 0.047511433983694354 -0.4276029133459903
vn -0.9027172381974515 0.047511433983694354 -0.4276029133459903
vn -0.8254748305979577 -0.24605499238256084 0.5079844926500129
vn -0.8254748305979577 -0.24605499238256084 0.5079844926500129
vn -0.9984603532284836 0 -0.05547001920724076
vn -0.9984603532284836 0 -0.05547001920724076
vn -0.47673130009060777 -0.19069251402165033 -0.8581163281339084
vn -0.47673130009060777 -0.19069251402165033 -0.8581163281339084
vn -0.4999842594405924 0.38094038528446056 0.7777532791129645
vn -0.4999842594405924 0.38094038528446056 0.7777532791129645
vn -0.023691923265450724 0.46594114634493417 -0.884498468576827
vn -0.023691923265450724 0.46594114634493417 -0.884498468576827
vn -0.21419129914953075 -0.34905249639941693 0.912296246909945
vn -0.21419129914953075 -0.34905249639941693 0.912296246909945
vn -0.19006956854054488 -0.9661869958954787 -0.17423044532251356
vn -0.7531621979942309 -0.4281132547558206 -0.4994654588806683
vn -0.7531621979942309 -0.4281132547558206 -0.4994654588806683
vn -0.7531621979942309 -0.4281132547558206 -0.4994654588806683
vn -0.836853703817939 0.4579010634882929 0.30000415740867314
vn -0.836853703817939 0.4579010634882929 0.30000415740867314
vn -0.836853703817939 0.4579010634882929 0.30000415740867314
vn -0.8894212683044036 -0.45265189171924325 0.06353009059317169
vn -0.37186989336921655 0.8782459132853305 0.30066076931183344
vn -0.7386770687830725 -0.2462256895943575 -0.6274783644380347
vn -0.7386770687830725 -0.2462256895943575 -0.6274783644380347
vn -0.18956494789599315 0.9241291023085028 -0.33173865134420244
vn -0.18956494789599315 0.9241291023085028 -0.33173865134420244
vn -0.5454758437109063 0.4901377389227289 -0.6798684437533409
vn -0.5454758437109063 0.4901377389227289 -0.6798684437533409
vn -0.5454758437109063 0.4901377389227289 -0.6798684437533409
vn -0.9532219076124497 -0.3018536020729176 -0.01588703129245129
vn -0.9532219076124497 -0.3018536020729176 -0.01588703129245129
vn 0.03946193404448915 -0.9707635961643425 -0.23677161173489866
vn -0.4844016795068115 -0.3494044970341344 -0.802042087638363
vn -0.913417879721979 -0.039713821347627264 0.4050809664723499
vn -0.913417879721979 -0.039713821347627264 0.4050809664723499
vn -0.8597080782774617 -0.49689549204547445 -0.11830845333009743
vn -0.8597080782774617 -0.49689549204547445 -0.11830845333009743
vn -0.8597080782774617 -0.49689549204547445 -0.11830845333009743
vn -0.4431483820447038 0.06330691172067197 0.8942101243105852
vn 0.11041435123667656 0.1261878299847732 -0.9858424329499708
vn -0.5215639537685295 0.8218583930856632 -0.22917203983904974
vn -0.5853873739963831 0.8068852458841468 0.0791063988568483
vn -0.5253837821331657 -0.6288684792747831 -0.5731459824914348
vn -0.5253837821331657 -0.6288684792747831 -0.5731459824914348
vn -0.44381590023141293 -0.031701135730815205 -0.8955570806459837
vn -0.7126715167576606 0.33258002317099666 -0.6176486358682537
vn -0.7126715167576606 0.33258002317099666 -0.6176486358682537
vn -0.7126715167576606 0.33258002317099666 -0.6176486358682537
vn -0.9020105257911362 0.38770627810412867 0.1898969543743182
vn -0.9020105257911362 0.38770627810412867 0.1898969543743182
vn -0.9406306367135622 -0.15808918704057429 0.3003694628564782
vn -0.9406306367135622 -0.15808918704057429 0.3003694628564782
vn -0.22893626835398762 -0.8999563724658517 0.3710346516031304
vn -0.9301840600225572 -0.3498128310155556 0.1113040778086513
vn -0.7080235955187641 -0.27048090653837253 -0.6523363146313882
vn -0.5857540387884572 -0.17414309342250606 -0.7915594665318904
vn -0.7183862352596053 -0.3236685114297768 0.6157596216855757
vn -0.23655069216901678 -0.2207806390608196 -0.9462027686760671
vn -0.23655069216901678 -0.2207806390608196 -0.9462027686760671
vn -0.9080771189933314 -0.4185051233870607 -0.015792645742623717
vn -0.9080771189933314 -0.4185051233870607 -0.015792645742623717
vn -0.9080771189933314 -0.4185051233870607 -0.015792645742623717
vn -0.900630163165381 -0.3871129643447397 -0.19750661263088728
vn -0.900630163165381 -0.3871129643447397 -0.19750661263088728
vn -0.8101108267590477 -0.4765358087388582 -0.3415173075517182
vn -0.8101108267590477 -0.4765358087388582 -0.3415173075517182
vn -0.8101108267590477 -0.4765358087388582 -0.3415173075517182
vn -0.9090980045499799 0.22925080023676683 0.34782882099395807
vn -0.53952961258489 0.03967129614706315 -0.841031500840492
vn -0.8864910799481462 -0.4511606351574543 0.10289628981013708
vn -0.6576127109113855 -0.03169217938105278 -0.7526892640484901
vn -0.6111496068645181 0.2857322934823528 -0.7381417306253992
vn -0.9449802978330973 -0.03176404450863878 0.3255814524565609
vn -0.9871326826958639 -0.13425003958607706 0.08686767882707441
vn -0.9006582670973716 0 0.4345281186634068
vn -0.7851457503493009 -0.10309995224581939 -0.6106689369497542
vn -0.7851457503493009 -0.10309995224581939 -0.6106689369497542
vn -0.8974474225867224 -0.42886868913072507 -0.10324616785015404
vn -0.8974474225867224 -0.42886868913072507 -0.10324616785015404
vn -0.7827371079782064 -0.28463169467163835 -0.5534504658795263
vn -0.7827371079782064 -0.28463169467163835 -0.5534504658795263
vn -0.7125598332365075 0.5304611812186619 -0.4592052038882645
vn -0.7125598332365075 0.5304611812186619 -0.4592052038882645
vn -0.8635847800099636 0.4991361545023688 0.07130516814179742
vn -0.9096951191173444 -0.31641569751125076 0.26895333539956207
vn -0.576719333834988 -0.49771666652229274 -0.6478216805934056
vn -0.576719333834988 -0.49771666652229274 -0.6478216805934056
vn -0.576719333834988 -0.49771666652229274 -0.6478216805934056
vn -0.576719333834988 -0.49771666652229274 -0.6478216805934056
vn -0.6462103869177528 0.21277659699809018 -0.7328971657807941
vn -0.9499904390096794 0.15833173484103835 0.2691639417389029
vn -0.9499904390096794 0.15833173484103835 0.2691639417389029
vn -0.8473138047900614 0.49888569086452683 -0.18213287364672437
vn -0.8333595921896564 0.15079840139489706 0.5317627593600678
vn -0.8333595921896564 0.15079840139489706 0.5317627593600678
vn -0.8333595921896564 0.15079840139489706 0.5317627593600678
vn -0.33199765510268875 0.22133177505487298 -0.9169459102680895
vn -0.6648891374775783 0.6648891374775783 -0.3403599120470035
vn -0.18980784811916357 0.980673896915736 -0.04745196202979089
vn -0.18980784811916357 0.980673896915736 -0.04745196202979089
vn -0.9045340282730574 0.3015113527681136 -0.3015113527681136
vn -0.9045340282730574 0.3015113527681136 -0.3015113527681136
vn -0.9045340282730574 0.3015113527681136 -0.3015113527681136
vn -0.9111501522378758 -0.2535374367953629 -0.32484483714557216
vn -0.2051892844720221 0.978595028341186 -0.015783790538809496
vn -0.8399745843130719 -0.4754573141389161 -0.2615015107793643
vn -0.8399745843130719 -0.4754573141389161 -0.2615015107793643
vn -0.9981783332613171 0.02376615061345917 0.05545435143140473
vn -0.7814193185003919 0.6235568425885469 0.023679373627375294
vn -0.837846505583608 -0.308264275840518 -0.45054008625410713
vn -0.837846505583608 -0.308264275840518 -0.45054008625410713
vn -0.837846505583608 -0.308264275840518 -0.45054008625410713
vn -0.9370688338927101 -0.3335329752848094 -0.10323640319489684
vn -0.915431360731033 0.40247412810034056 0
vn -0.9954954726611511 0.09480909192240636 0
vn -0.8465974224503502 0.10285763223433653 -0.5222002602369796
vn -0.8465974224503502 0.10285763223433653 -0.5222002602369796
vn -0.7387236843188185 -0.0953191836186657 -0.6672342702984475
vn -0.7387236843188185 -0.0953191836186657 -0.6672342702984475
vn -0.9739538593423482 -0.22171306940740101 -0.04750994344444308
vn -0.8083789517064603 0.4041894758532302 -0.4279653467834228
vn -0.8083789517064603 0.4041894758532302 -0.4279653467834228
vn -0.8083789517064603 0.4041894758532302 -0.4279653467834228
vn -0.8391319293502915 -0.19790846485808442 -0.5066456796246995
vn -0.9959307432377595 0.05532948531992258 0.07113791343661992
vn -0.9959307432377595 0.05532948531992258 0.07113791343661992
vn -0.8068852458841468 0.0791063988568483 -0.5853873739963831
vn -0.15008629874541948 0.3712661019153645 -0.9163163124693736
vn -0.9012209742773427 -0.3399342187407416 -0.2687851976052974
vn -0.9012209742773427 -0.3399342187407416 -0.2687851976052974
vn -0.6665616951635789 -0.15076991439036183 -0.7300437928339499
vn -0.9509146239837584 -0.19810720333241674 0.2377286559959396
vn -0.9963354349622745 0.0474445441657182 -0.07116681998967346
vn -0.9013336398128309 0.15812871005159435 -0.40322819940968013
vn -0.9013336398128309 0.15812871005159435 -0.40322819940968013
vn -0.9687422470136409 0.1588102007333022 -0.19057224087996266
vn -0.9687422470136409 0.1588102007333022 -0.19057224087996266
vn -0.9145205394942244 -0.220746340720596 -0.3390032977740174
vn -0.9145205394942244 -0.220746340720596 -0.3390032977740174
vn -0.9145205394942244 -0.220746340720596 -0.3390032977740174
vn -0.9631712387027381 -0.26842475772580304 -0.01578969207035846
vn -0.943316178300481 0.21402973083384125 -0.2536648617285579
vn -0.9607714507276958 -0.06352207764834895 -0.2699688224922208
vn -0.9607714507276958 -0.06352207764834895 -0.2699688224922208
vn -0.925486947491674 0.3322260829472915 0.18193333897898695
vn -0.8164837311244232 0.08719729822752754 -0.57074595748981
vn -0.9976775539405291 0.055426530358236546 0.03959037882731182
vn -0.9976775539405291 0.055426530358236546 0.03959037882731182
vn -0.996865392623196 0.0791163004077003 0
vn -0.996865392623196 0.0791163004077003 0
vn -0.8254488293692849 0.5000314879637301 -0.2619212498780033
vn -0.8254488293692849 0.5000314879637301 -0.2619212498780033
vn -0.6678877825285242 0.48501376904833304 -0.564524183523311
vn -0.8980140259118136 0.4132454092245132 0.15099351317364934
vn -0.8980140259118136 0.4132454092245132 0.15099351317364934
vn -0.9277244929720718 -0.07929269331019052 -0.36474639672973924
usemtl character
s 1
f 1900/1900/1900 155/155/155 1841/1841/1841
f 168/168/168 155/155/155 1900/1900/1900
f 155/155/155 1769/1769/1769 1841/1841/1841
f 1841/1841/1841 2193/2193/2193 1900/1900/1900
f 169/169/169 1901/1901/1901 94/94/94
f 155/155/155 168/168/168 251/251/251
f 1901/1901/1901 2238/2238/2238 1899/1899/1899
f 2238/2238/2238 1901/1901/1901 2194/2194/2194
f 251/251/251 1769/1769/1769 155/155/155
f 1901/1901/1901 1899/1899/1899 94/94/94
f 1769/1769/1769 1971/1971/1971 1841/1841/1841
f 169/169/169 94/94/94 335/335/335
f 1971/1971/1971 2193/2193/2193 1841/1841/1841
f 251/251/251 284/284/284 1769/1769/1769
f 540/540/540 335/335/335 343/343/343
f 446/446/446 540/540/540 343/343/343
f 334/334/334 251/251/251 168/168/168
f 2238/2238/2238 2194/2194/2194 2233/2233/2233
f 1971/1971/1971 2167/2167/2167 2193/2193/2193
f 334/334/334 284/284/284 251/251/251
f 335/335/335 94/94/94 343/343/343
f 2233/2233/2233 2194/2194/2194 2168/2168/2168
f 2238/2238/2238 2233/2233/2233 1899/1899/1899
f 540/540/540 446/446/446 461/461/461
f 343/343/343 94/94/94 313/313/313
f 446/446/446 343/343/343 313/313/313
f 446/446/446 313/313/313 461/461/461
f 461/461/461 335/335/335 540/540/540
f 460/460/460 284/284/284 334/334/334
f 94/94/94 1899/1899/1899 313/313/313
f 1899/1899/1899 2233/2233/2233 1965/1965/1965
f 1795/1795/1795 1769/1769/1769 284/284/284
f 1795/1795/1795 1971/1971/1971 1769/1769/1769
f 313/313/313 1899/1899/1899 1/1/1
f 1928/1928/1928 2167/2167/2167 1971/1971/1971
f 170/170/170 313/313/313 1/1/1
f 102/102/102 1795/1795/1795 284/284/284
f 188/188/188 284/284/284 460/460/460
f 284/284/284 188/188/188 102/102/102
f 313/313/313 189/189/189 461/461/461
f 1795/1795/1795 1928/1928/1928 1971/1971/1971
f 170/170/170 189/189/189 313/313/313
f 1899/1899/1899 1965/1965/1965 1/1/1
f 2167/2167/2167 1928/1928/1928 2072/2072/2072
f 1965/1965/1965 2233/2233/2233 2075/2075/2075
f 2075/2075/2075 2233/2233/2233 2073/2073/2073
f 2233/2233/2233 2168/2168/2168 2073/2073/2073
f 170/170/170 1/1/1 85/85/85
f 1965/1965/1965 2075/2075/2075 2017/2017/2017
f 1/1/1 1965/1965/1965 85/85/85
f 2055/2055/2055 2072/2072/2072 1928/1928/1928
f 2073/2073/2073 2222/2222/2222 2075/2075/2075
f 146/146/146 1795/1795/1795 102/102/102
f 1808/1808/1808 1928/1928/1928 1795/1795/1795
f 2221/2221/2221 2072/2072/2072 2055/2055/2055
f 1808/1808/1808 2055/2055/2055 1928/1928/1928
f 322/322/322 102/102/102 188/188/188
f 146/146/146 1808/1808/1808 1795/1795/1795
f 322/322/322 146/146/146 102/102/102
f 2017/2017/2017 2075/2075/2075 2203/2203/2203
f 2075/2075/2075 2222/2222/2222 2203/2203/2203
f 1965/1965/1965 2017/2017/2017 85/85/85
f 312/312/312 189/189/189 170/170/170
f 311/311/311 322/322/322 188/188/188
f 312/312/312 170/170/170 85/85/85
f 2017/2017/2017 2203/2203/2203 2103/2103/2103
f 1808/1808/1808 2023/2023/2023 2055/2055/2055
f 312/312/312 85/85/85 194/194/194
f 2203/2203/2203 2132/2132/2132 2103/2103/2103
f 2203/2203/2203 2222/2222/2222 2132/2132/2132
f 85/85/85 2017/2017/2017 41/41/41
f 41/41/41 194/194/194 85/85/85
f 1799/1799/1799 1808/1808/1808 146/146/146
f 41/41/41 2017/2017/2017 1948/1948/1948
f 1948/1948/1948 2017/2017/2017 2103/2103/2103
f 311/311/311 239/239/239 322/322/322
f 2055/2055/2055 2023/2023/2023 2221/2221/2221
f 239/239/239 311/311/311 192/192/192
f 322/322/322 239/239/239 146/146/146
f 1808/1808/1808 1799/1799/1799 2023/2023/2023
f 2023/2023/2023 2130/2130/2130 2221/2221/2221
f 107/107/107 1799/1799/1799 146/146/146
f 239/239/239 107/107/107 146/146/146
f 2046/2046/2046 2131/2131/2131 2024/2024/2024
f 193/193/193 306/306/306 240/240/240
f 240/240/240 137/137/137 108/108/108
f 991/991/991 1102/1102/1102 993/993/993
f 993/993/993 1102/1102/1102 994/994/994
f 991/991/991 993/993/993 823/823/823
f 823/823/823 993/993/993 782/782/782
f 306/306/306 332/332/332 240/240/240
f 1948/1948/1948 2103/2103/2103 1952/1952/1952
f 1283/1283/1283 1281/1281/1281 1102/1102/1102
f 1283/1283/1283 1102/1102/1102 991/991/991
f 991/991/991 823/823/823 996/996/996
f 137/137/137 1794/1794/1794 108/108/108
f 1794/1794/1794 1800/1800/1800 108/108/108
f 1274/1274/1274 991/991/991 996/996/996
f 1147/1147/1147 994/994/994 1102/1102/1102
f 1147/1147/1147 1016/1016/1016 994/994/994
f 994/994/994 1016/1016/1016 802/802/802
f 994/994/994 807/807/807 993/993/993
f 993/993/993 807/807/807 782/782/782
f 807/807/807 994/994/994 802/802/802
f 823/823/823 782/782/782 635/635/635
f 822/822/822 634/634/634 485/485/485
f 194/194/194 41/41/41 307/307/307
f 1281/1281/1281 1147/1147/1147 1102/1102/1102
f 1283/1283/1283 991/991/991 1274/1274/1274
f 1147/1147/1147 1267/1267/1267 1016/1016/1016
f 806/806/806 655/655/655 781/781/781
f 806/806/806 801/801/801 655/655/655
f 781/781/781 655/655/655 634/634/634
f 332/332/332 137/137/137 240/240/240
f 1794/1794/1794 2025/2025/2025 1800/1800/1800
f 1283/1283/1283 1325/1325/1325 1281/1281/1281
f 1267/1267/1267 1147/1147/1147 1281/1281/1281
f 1263/1263/1263 1016/1016/1016 1267/1267/1267
f 1015/1015/1015 1029/1029/1029 801/801/801
f 996/996/996 823/823/823 486/486/486
f 2102/2102/2102 2129/2129/2129 1951/1951/1951
f 1325/1325/1325 1267/1267/1267 1281/1281/1281
f 655/655/655 801/801/801 523/523/523
f 634/634/634 655/655/655 409/409/409
f 485/485/485 634/634/634 464/464/464
f 634/634/634 409/409/409 464/464/464
f 1793/1793/1793 2046/2046/2046 2024/2024/2024
f 2128/2128/2128 2101/2101/2101 2218/2218/2218
f 2101/2101/2101 2131/2131/2131 2218/2218/2218
f 1441/1441/1441 1283/1283/1283 1274/1274/1274
f 1016/1016/1016 1263/1263/1263 1030/1030/1030
f 801/801/801 721/721/721 523/523/523
f 996/996/996 486/486/486 501/501/501
f 655/655/655 523/523/523 409/409/409
f 485/485/485 464/464/464 266/266/266
f 40/40/40 72/72/72 306/306/306
f 73/73/73 41/41/41 1952/1952/1952
f 41/41/41 1948/1948/1948 1952/1952/1952
f 2131/2131/2131 2046/2046/2046 2218/2218/2218
f 1274/1274/1274 996/996/996 1441/1441/1441
f 485/485/485 266/266/266 500/500/500
f 409/409/409 523/523/523 164/164/164
f 349/349/349 371/371/371 306/306/306
f 306/306/306 371/371/371 332/332/332
f 371/371/371 184/184/184 332/332/332
f 332/332/332 184/184/184 137/137/137
f 104/104/104 349/349/349 72/72/72
f 349/349/349 306/306/306 72/72/72
f 137/137/137 184/184/184 1794/1794/1794
f 1794/1794/1794 184/184/184 1827/1827/1827
f 104/104/104 72/72/72 1936/1936/1936
f 1936/1936/1936 72/72/72 1951/1951/1951
f 1936/1936/1936 1951/1951/1951 2129/2129/2129
f 1793/1793/1793 1826/1826/1826 2116/2116/2116
f 2046/2046/2046 1793/1793/1793 2116/2116/2116
f 1936/1936/1936 2129/2129/2129 2166/2166/2166
f 2165/2165/2165 2128/2128/2128 2218/2218/2218
f 2218/2218/2218 2046/2046/2046 2116/2116/2116
f 523/523/523 465/465/465 164/164/164
f 266/266/266 464/464/464 95/95/95
f 464/464/464 409/409/409 95/95/95
f 383/383/383 184/184/184 371/371/371
f 2218/2218/2218 2116/2116/2116 2258/2258/2258
f 1370/1370/1370 1267/1267/1267 1325/1325/1325
f 1370/1370/1370 1423/1423/1423 1267/1267/1267
f 1423/1423/1423 1263/1263/1263 1267/1267/1267
f 501/501/501 703/703/703 996/996/996
f 2218/2218/2218 2258/2258/2258 2165/2165/2165
f 1283/1283/1283 1495/1495/1495 1325/1325/1325
f 1029/1029/1029 944/944/944 801/801/801
f 1495/1495/1495 1370/1370/1370 1325/1325/1325
f 1201/1201/1201 1030/1030/1030 1263/1263/1263
f 801/801/801 944/944/944 721/721/721
f 721/721/721 465/465/465 523/523/523
f 266/266/266 208/208/208 500/500/500
f 409/409/409 126/126/126 95/95/95
f 1029/1029/1029 1200/1200/1200 944/944/944
f 349/349/349 104/104/104 362/362/362
f 409/409/409 164/164/164 126/126/126
f 1481/1481/1481 1495/1495/1495 1283/1283/1283
f 1479/1479/1479 1423/1423/1423 1370/1370/1370
f 1167/1167/1167 944/944/944 1200/1200/1200
f 796/796/796 721/721/721 944/944/944
f 349/349/349 383/383/383 371/371/371
f 104/104/104 123/123/123 362/362/362
f 127/127/127 165/165/165 1765/1765/1765
f 266/266/266 95/95/95 1796/1796/1796
f 104/104/104 1936/1936/1936 123/123/123
f 1481/1481/1481 1283/1283/1283 1441/1441/1441
f 1479/1479/1479 1370/1370/1370 1495/1495/1495
f 1441/1441/1441 996/996/996 703/703/703
f 721/721/721 513/513/513 465/465/465
f 164/164/164 465/465/465 182/182/182
f 208/208/208 266/266/266 1796/1796/1796
f 1423/1423/1423 1248/1248/1248 1263/1263/1263
f 362/362/362 383/383/383 349/349/349
f 466/466/466 145/145/145 183/183/183
f 165/165/165 183/183/183 1765/1765/1765
f 208/208/208 1796/1796/1796 1782/1782/1782
f 127/127/127 1765/1765/1765 1849/1849/1849
f 1601/1601/1601 1479/1479/1479 1495/1495/1495
f 1248/1248/1248 1201/1201/1201 1263/1263/1263
f 1045/1045/1045 944/944/944 1167/1167/1167
f 465/465/465 513/513/513 144/144/144
f 500/500/500 208/208/208 702/702/702
f 127/127/127 1849/1849/1849 96/96/96
f 96/96/96 1819/1819/1819 1797/1797/1797
f 96/96/96 1849/1849/1849 1819/1819/1819
f 1936/1936/1936 2166/2166/2166 2161/2161/2161
f 2165/2165/2165 2258/2258/2258 2160/2160/2160
f 1481/1481/1481 1601/1601/1601 1495/1495/1495
f 1167/1167/1167 1150/1150/1150 1045/1045/1045
f 1045/1045/1045 1150/1150/1150 1080/1080/1080
f 147/147/147 161/161/161 1824/1824/1824
f 1824/1824/1824 161/161/161 1834/1834/1834
f 1252/1252/1252 1201/1201/1201 1248/1248/1248
f 1248/1248/1248 1266/1266/1266 1252/1252/1252
f 1168/1168/1168 1146/1146/1146 1151/1151/1151
f 1145/1145/1145 1080/1080/1080 1150/1150/1150
f 796/796/796 513/513/513 721/721/721
f 208/208/208 1782/1782/1782 5/5/5
f 147/147/147 1824/1824/1824 145/145/145
f 1834/1834/1834 2086/2086/2086 1824/1824/1824
f 43/43/43 1915/1915/1915 1972/1972/1972
f 1654/1654/1654 1423/1423/1423 1479/1479/1479
f 1361/1361/1361 1266/1266/1266 1248/1248/1248
f 1252/1252/1252 1144/1144/1144 1201/1201/1201
f 1144/1144/1144 1168/1168/1168 1201/1201/1201
f 1045/1045/1045 919/919/919 944/944/944
f 919/919/919 949/949/949 796/796/796
f 949/949/949 843/843/843 796/796/796
f 944/944/944 919/919/919 796/796/796
f 796/796/796 577/577/577 513/513/513
f 514/514/514 282/282/282 145/145/145
f 362/362/362 123/123/123 454/454/454
f 376/376/376 161/161/161 147/147/147
f 183/183/183 145/145/145 1765/1765/1765
f 1783/1783/1783 1797/1797/1797 1822/1822/1822
f 1797/1797/1797 1819/1819/1819 1822/1822/1822
f 1765/1765/1765 1966/1966/1966 1849/1849/1849
f 1822/1822/1822 1819/1819/1819 2243/2243/2243
f 1423/1423/1423 1361/1361/1361 1248/1248/1248
f 791/791/791 577/577/577 796/796/796
f 376/376/376 147/147/147 282/282/282
f 215/215/215 184/184/184 383/383/383
f 147/147/147 145/145/145 282/282/282
f 1834/1834/1834 161/161/161 79/79/79
f 1798/1798/1798 1783/1783/1783 1822/1822/1822
f 1966/1966/1966 1765/1765/1765 1817/1817/1817
f 1849/1849/1849 2026/2026/2026 1819/1819/1819
f 1817/1817/1817 1824/1824/1824 2086/2086/2086
f 1834/1834/1834 1893/1893/1893 2086/2086/2086
f 1653/1653/1653 1601/1601/1601 1481/1481/1481
f 1614/1614/1614 1654/1654/1654 1479/1479/1479
f 1667/1667/1667 1423/1423/1423 1654/1654/1654
f 1144/1144/1144 1146/1146/1146 1168/1168/1168
f 1145/1145/1145 1099/1099/1099 1080/1080/1080
f 1045/1045/1045 1080/1080/1080 1066/1066/1066
f 920/920/920 873/873/873 949/949/949
f 949/949/949 873/873/873 843/843/843
f 843/843/843 791/791/791 796/796/796
f 416/416/416 376/376/376 282/282/282
f 161/161/161 376/376/376 279/279/279
f 161/161/161 279/279/279 79/79/79
f 296/296/296 52/52/52 20/20/20
f 145/145/145 1817/1817/1817 1765/1765/1765
f 79/79/79 1829/1829/1829 1834/1834/1834
f 145/145/145 1824/1824/1824 1817/1817/1817
f 1829/1829/1829 1883/1883/1883 1834/1834/1834
f 1883/1883/1883 1893/1893/1893 1834/1834/1834
f 1849/1849/1849 1966/1966/1966 2026/2026/2026
f 1819/1819/1819 2026/2026/2026 2243/2243/2243
f 1969/1969/1969 2411/2411/2411 2485/2485/2485
f 1601/1601/1601 1614/1614/1614 1479/1479/1479
f 1441/1441/1441 1653/1653/1653 1481/1481/1481
f 1066/1066/1066 919/919/919 1045/1045/1045
f 791/791/791 843/843/843 832/832/832
f 791/791/791 611/611/611 577/577/577
f 513/513/513 415/415/415 281/281/281
f 143/143/143 84/84/84 79/79/79
f 84/84/84 1756/1756/1756 1829/1829/1829
f 84/84/84 1829/1829/1829 79/79/79
f 1754/1754/1754 21/21/21 1990/1990/1990
f 20/20/20 52/52/52 1989/1989/1989
f 1966/1966/1966 1817/1817/1817 1959/1959/1959
f 1798/1798/1798 1822/1822/1822 2093/2093/2093
f 1822/1822/1822 2243/2243/2243 2093/2093/2093
f 1972/1972/1972 1915/1915/1915 2081/2081/2081
f 2081/2081/2081 1969/1969/1969 2485/2485/2485
f 2485/2485/2485 2411/2411/2411 2484/2484/2484
f 984/984/984 920/920/920 949/949/949
f 843/843/843 873/873/873 832/832/832
f 577/577/577 611/611/611 624/624/624
f 577/577/577 624/624/624 522/522/522
f 577/577/577 522/522/522 513/513/513
f 522/522/522 415/415/415 513/513/513
f 278/278/278 263/263/263 142/142/142
f 123/123/123 134/134/134 454/454/454
f 142/142/142 78/78/78 278/278/278
f 21/21/21 1754/1754/1754 298/298/298
f 143/143/143 1756/1756/1756 84/84/84
f 142/142/142 220/220/220 1755/1755/1755
f 220/220/220 1775/1775/1775 1755/1755/1755
f 1798/1798/1798 7/7/7 1783/1783/1783
f 1755/1755/1755 1775/1775/1775 1828/1828/1828
f 1915/1915/1915 1754/1754/1754 1969/1969/1969
f 1798/1798/1798 2093/2093/2093 2214/2214/2214
f 2086/2086/2086 1893/1893/1893 2053/2053/2053
f 1915/1915/1915 1969/1969/1969 2081/2081/2081
f 2143/2143/2143 2116/2116/2116 1826/1826/1826
f 1296/1296/1296 1144/1144/1144 1252/1252/1252
f 1135/1135/1135 1099/1099/1099 1145/1145/1145
f 1143/1143/1143 1135/1135/1135 1145/1145/1145
f 1143/1143/1143 1106/1106/1106 1135/1135/1135
f 1066/1066/1066 1080/1080/1080 1099/1099/1099
f 949/949/949 919/919/919 987/987/987
f 987/987/987 984/984/984 949/949/949
f 611/611/611 665/665/665 624/624/624
f 522/522/522 624/624/624 576/576/576
f 374/374/374 389/389/389 278/278/278
f 43/43/43 166/166/166 1915/1915/1915
f 1829/1829/1829 1776/1776/1776 1883/1883/1883
f 1832/1832/1832 2143/2143/2143 1826/1826/1826
f 1817/1817/1817 2086/2086/2086 1959/1959/1959
f 81/81/81 1798/1798/1798 2214/2214/2214
f 1883/1883/1883 2053/2053/2053 1893/1893/1893
f 2411/2411/2411 1990/1990/1990 2551/2551/2551
f 2026/2026/2026 1966/1966/1966 2227/2227/2227
f 2086/2086/2086 2053/2053/2053 2226/2226/2226
f 2113/2113/2113 2182/2182/2182 2069/2069/2069
f 1653/1653/1653 1441/1441/1441 1706/1706/1706
f 1252/1252/1252 1266/1266/1266 1296/1296/1296
f 1066/1066/1066 987/987/987 919/919/919
f 832/832/832 665/665/665 791/791/791
f 791/791/791 665/665/665 611/611/611
f 522/522/522 576/576/576 552/552/552
f 415/415/415 522/522/522 503/503/503
f 548/548/548 375/375/375 503/503/503
f 549/549/549 390/390/390 377/377/377
f 375/375/375 415/415/415 503/503/503
f 454/454/454 383/383/383 362/362/362
f 297/297/297 491/491/491 401/401/401
f 389/389/389 263/263/263 278/278/278
f 263/263/263 426/426/426 142/142/142
f 142/142/142 426/426/426 220/220/220
f 215/215/215 1827/1827/1827 184/184/184
f 287/287/287 1754/1754/1754 1915/1915/1915
f 1882/1882/1882 1775/1775/1775 1945/1945/1945
f 1883/1883/1883 1946/1946/1946 2052/2052/2052
f 1959/1959/1959 2086/2086/2086 2104/2104/2104
f 1883/1883/1883 2052/2052/2052 2053/2053/2053
f 1966/1966/1966 1959/1959/1959 2104/2104/2104
f 2069/2069/2069 1972/1972/1972 2113/2113/2113
f 2104/2104/2104 2086/2086/2086 2226/2226/2226
f 2053/2053/2053 2189/2189/2189 2226/2226/2226
f 2214/2214/2214 2093/2093/2093 2235/2235/2235
f 2093/2093/2093 2243/2243/2243 2235/2235/2235
f 2243/2243/2243 2026/2026/2026 2239/2239/2239
f 2306/2306/2306 2468/2468/2468 2474/2474/2474
f 2550/2550/2550 2066/2066/2066 2408/2408/2408
f 1653/1653/1653 1703/1703/1703 1601/1601/1601
f 1703/1703/1703 1614/1614/1614 1601/1601/1601
f 1667/1667/1667 1361/1361/1361 1423/1423/1423
f 987/987/987 1039/1039/1039 984/984/984
f 1039/1039/1039 1027/1027/1027 984/984/984
f 984/984/984 1027/1027/1027 920/920/920
f 637/637/637 576/576/576 624/624/624
f 552/552/552 503/503/503 522/522/522
f 702/702/702 208/208/208 354/354/354
f 448/448/448 426/426/426 263/263/263
f 393/393/393 263/263/263 389/389/389
f 296/296/296 402/402/402 52/52/52
f 1858/1858/1858 1972/1972/1972 2069/2069/2069
f 1969/1969/1969 1990/1990/1990 2411/2411/2411
f 2026/2026/2026 2227/2227/2227 2239/2239/2239
f 1703/1703/1703 1679/1679/1679 1614/1614/1614
f 1679/1679/1679 1654/1654/1654 1614/1614/1614
f 1135/1135/1135 1097/1097/1097 1099/1099/1099
f 930/930/930 920/920/920 1027/1027/1027
f 710/710/710 665/665/665 832/832/832
f 616/616/616 552/552/552 576/576/576
f 491/491/491 297/297/297 588/588/588
f 354/354/354 208/208/208 221/221/221
f 393/393/393 448/448/448 263/263/263
f 287/287/287 298/298/298 1754/1754/1754
f 1754/1754/1754 1990/1990/1990 1969/1969/1969
f 2052/2052/2052 1946/1946/1946 2189/2189/2189
f 2053/2053/2053 2052/2052/2052 2189/2189/2189
f 1989/1989/1989 2066/2066/2066 2550/2550/2550
f 1966/1966/1966 2104/2104/2104 2227/2227/2227
f 2258/2258/2258 2309/2309/2309 2160/2160/2160
f 2306/2306/2306 2081/2081/2081 2485/2485/2485
f 2475/2475/2475 2183/2183/2183 2307/2307/2307
f 2411/2411/2411 2551/2551/2551 2547/2547/2547
f 1296/1296/1296 1191/1191/1191 1144/1144/1144
f 1066/1066/1066 1099/1099/1099 1097/1097/1097
f 1066/1066/1066 1097/1097/1097 1075/1075/1075
f 920/920/920 853/853/853 873/873/873
f 832/832/832 873/873/873 853/853/853
f 624/624/624 665/665/665 748/748/748
f 710/710/710 748/748/748 665/665/665
f 748/748/748 637/637/637 624/624/624
f 588/588/588 883/883/883 491/491/491
f 563/563/563 968/968/968 411/411/411
f 208/208/208 5/5/5 221/221/221
f 166/166/166 287/287/287 1915/1915/1915
f 1775/1775/1775 220/220/220 15/15/15
f 1858/1858/1858 43/43/43 1972/1972/1972
f 1972/1972/1972 2081/2081/2081 2113/2113/2113
f 2227/2227/2227 2104/2104/2104 2191/2191/2191
f 2104/2104/2104 2226/2226/2226 2191/2191/2191
f 2226/2226/2226 2189/2189/2189 2212/2212/2212
f 2113/2113/2113 2306/2306/2306 2182/2182/2182
f 2243/2243/2243 2239/2239/2239 2294/2294/2294
f 2408/2408/2408 2219/2219/2219 2465/2465/2465
f 2485/2485/2485 2452/2452/2452 2306/2306/2306
f 2452/2452/2452 2485/2485/2485 2503/2503/2503
f 1718/1718/1718 1703/1703/1703 1653/1653/1653
f 1066/1066/1066 1075/1075/1075 987/987/987
f 1075/1075/1075 1039/1039/1039 987/987/987
f 1140/1140/1140 883/883/883 966/966/966
f 903/903/903 920/920/920 930/930/930
f 616/616/616 576/576/576 637/637/637
f 552/552/552 584/584/584 503/503/503
f 584/584/584 548/548/548 503/503/503
f 410/410/410 588/588/588 297/297/297
f 410/410/410 297/297/297 286/286/286
f 6/6/6 69/69/69 222/222/222
f 15/15/15 1945/1945/1945 1775/1775/1775
f 2189/2189/2189 1946/1946/1946 2112/2112/2112
f 2081/2081/2081 2306/2306/2306 2113/2113/2113
f 2258/2258/2258 2116/2116/2116 2143/2143/2143
f 2294/2294/2294 2239/2239/2239 2227/2227/2227
f 2475/2475/2475 2418/2418/2418 2183/2183/2183
f 2468/2468/2468 2306/2306/2306 2452/2452/2452
f 2475/2475/2475 2469/2469/2469 2505/2505/2505
f 1075/1075/1075 1082/1082/1082 1039/1039/1039
f 1039/1039/1039 1082/1082/1082 1027/1027/1027
f 853/853/853 809/809/809 832/832/832
f 832/832/832 809/809/809 710/710/710
f 883/883/883 770/770/770 491/491/491
f 616/616/616 584/584/584 552/552/552
f 966/966/966 588/588/588 410/410/410
f 547/547/547 534/534/534 389/389/389
f 491/491/491 770/770/770 401/401/401
f 220/220/220 426/426/426 15/15/15
f 439/439/439 167/167/167 115/115/115
f 1798/1798/1798 70/70/70 7/7/7
f 1877/1877/1877 123/123/123 1936/1936/1936
f 1859/1859/1859 2070/2070/2070 2043/2043/2043
f 2066/2066/2066 1989/1989/1989 52/52/52
f 2189/2189/2189 2112/2112/2112 2212/2212/2212
f 2066/2066/2066 2219/2219/2219 2408/2408/2408
f 2226/2226/2226 2212/2212/2212 2317/2317/2317
f 2243/2243/2243 2294/2294/2294 2350/2350/2350
f 2408/2408/2408 2465/2465/2465 2479/2479/2479
f 1361/1361/1361 1310/1310/1310 1266/1266/1266
f 1296/1296/1296 1266/1266/1266 1310/1310/1310
f 1190/1190/1190 1106/1106/1106 1143/1143/1143
f 1140/1140/1140 1084/1084/1084 883/883/883
f 1075/1075/1075 1097/1097/1097 1082/1082/1082
f 930/930/930 1027/1027/1027 1054/1054/1054
f 903/903/903 908/908/908 920/920/920
f 908/908/908 853/853/853 920/920/920
f 762/762/762 637/637/637 748/748/748
f 776/776/776 584/584/584 616/616/616
f 411/411/411 439/439/439 563/563/563
f 44/44/44 115/115/115 167/167/167
f 81/81/81 70/70/70 1798/1798/1798
f 43/43/43 1858/1858/1858 1860/1860/1860
f 1945/1945/1945 15/15/15 77/77/77
f 1858/1858/1858 2042/2042/2042 1860/1860/1860
f 2070/2070/2070 2183/2183/2183 2118/2118/2118
f 2227/2227/2227 2191/2191/2191 2308/2308/2308
f 2235/2235/2235 2243/2243/2243 2357/2357/2357
f 1711/1711/1711 1667/1667/1667 1654/1654/1654
f 1082/1082/1082 1054/1054/1054 1027/1027/1027
f 772/772/772 1189/1189/1189 948/948/948
f 776/776/776 637/637/637 762/762/762
f 616/616/616 637/637/637 776/776/776
f 582/582/582 426/426/426 448/448/448
f 439/439/439 411/411/411 288/288/288
f 167/167/167 439/439/439 288/288/288
f 1895/1895/1895 1891/1891/1891 2043/2043/2043
f 1890/1890/1890 1860/1860/1860 2042/2042/2042
f 2191/2191/2191 2226/2226/2226 2364/2364/2364
f 2214/2214/2214 2235/2235/2235 2357/2357/2357
f 2411/2411/2411 2547/2547/2547 2484/2484/2484
f 2485/2485/2485 2484/2484/2484 2503/2503/2503
f 1714/1714/1714 1718/1718/1718 1653/1653/1653
f 1679/1679/1679 1711/1711/1711 1654/1654/1654
f 1711/1711/1711 1683/1683/1683 1667/1667/1667
f 1190/1190/1190 1133/1133/1133 1106/1106/1106
f 1135/1135/1135 1119/1119/1119 1097/1097/1097
f 1097/1097/1097 1054/1054/1054 1082/1082/1082
f 930/930/930 957/957/957 903/903/903
f 809/809/809 748/748/748 710/710/710
f 966/966/966 883/883/883 588/588/588
f 548/548/548 584/584/584 709/709/709
f 389/389/389 534/534/534 393/393/393
f 426/426/426 508/508/508 15/15/15
f 15/15/15 508/508/508 77/77/77
f 1816/1816/1816 1891/1891/1891 1895/1895/1895
f 1895/1895/1895 2041/2041/2041 1816/1816/1816
f 2118/2118/2118 2043/2043/2043 2070/2070/2070
f 2212/2212/2212 2112/2112/2112 2299/2299/2299
f 2350/2350/2350 2294/2294/2294 2353/2353/2353
f 2294/2294/2294 2227/2227/2227 2353/2353/2353
f 2243/2243/2243 2350/2350/2350 2357/2357/2357
f 1135/1135/1135 1106/1106/1106 1158/1158/1158
f 1158/1158/1158 1106/1106/1106 1133/1133/1133
f 1158/1158/1158 1119/1119/1119 1135/1135/1135
f 563/563/563 439/439/439 519/519/519
f 215/215/215 1833/1833/1833 1827/1827/1827
f 1890/1890/1890 60/60/60 1860/1860/1860
f 77/77/77 2016/2016/2016 1945/1945/1945
f 2041/2041/2041 1895/1895/1895 2043/2043/2043
f 81/81/81 2214/2214/2214 2404/2404/2404
f 2214/2214/2214 2357/2357/2357 2404/2404/2404
f 2461/2461/2461 2550/2550/2550 2408/2408/2408
f 1714/1714/1714 1653/1653/1653 1706/1706/1706
f 1296/1296/1296 1302/1302/1302 1191/1191/1191
f 1054/1054/1054 1021/1021/1021 930/930/930
f 883/883/883 1084/1084/1084 770/770/770
f 809/809/809 853/853/853 824/824/824
f 809/809/809 824/824/824 748/748/748
f 824/824/824 762/762/762 748/748/748
f 426/426/426 648/648/648 508/508/508
f 534/534/534 448/448/448 393/393/393
f 291/291/291 439/439/439 115/115/115
f 367/367/367 53/53/53 403/403/403
f 115/115/115 44/44/44 61/61/61
f 2191/2191/2191 2364/2364/2364 2308/2308/2308
f 2550/2550/2550 2461/2461/2461 2546/2546/2546
f 1718/1718/1718 1711/1711/1711 1703/1703/1703
f 1703/1703/1703 1711/1711/1711 1679/1679/1679
f 1706/1706/1706 1441/1441/1441 1426/1426/1426
f 1426/1426/1426 1441/1441/1441 1235/1235/1235
f 1296/1296/1296 1310/1310/1310 1323/1323/1323
f 957/957/957 902/902/902 903/903/903
f 902/902/902 908/908/908 903/903/903
f 824/824/824 776/776/776 762/762/762
f 776/776/776 633/633/633 584/584/584
f 709/709/709 584/584/584 633/633/633
f 648/648/648 638/638/638 508/508/508
f 291/291/291 519/519/519 439/439/439
f 53/53/53 367/367/367 1863/1863/1863
f 123/123/123 1877/1877/1877 134/134/134
f 1860/1860/1860 60/60/60 43/43/43
f 1945/1945/1945 2016/2016/2016 2111/2111/2111
f 2160/2160/2160 2309/2309/2309 2147/2147/2147
f 2353/2353/2353 2227/2227/2227 2421/2421/2421
f 2418/2418/2418 2475/2475/2475 2505/2505/2505
f 2468/2468/2468 2452/2452/2452 2482/2482/2482
f 2452/2452/2452 2503/2503/2503 2482/2482/2482
f 2468/2468/2468 2482/2482/2482 2504/2504/2504
f 2484/2484/2484 2547/2547/2547 2530/2530/2530
f 1346/1346/1346 1361/1361/1361 1667/1667/1667
f 1346/1346/1346 1310/1310/1310 1361/1361/1361
f 1323/1323/1323 1302/1302/1302 1296/1296/1296
f 1181/1181/1181 1133/1133/1133 1190/1190/1190
f 426/426/426 582/582/582 648/648/648
f 476/476/476 77/77/77 508/508/508
f 181/181/181 291/291/291 115/115/115
f 76/76/76 475/475/475 258/258/258
f 105/105/105 61/61/61 1892/1892/1892
f 1816/1816/1816 2041/2041/2041 1886/1886/1886
f 75/75/75 81/81/81 2404/2404/2404
f 2212/2212/2212 2299/2299/2299 2317/2317/2317
f 2227/2227/2227 2308/2308/2308 2416/2416/2416
f 1658/1658/1658 1691/1691/1691 1715/1715/1715
f 1715/1715/1715 1691/1691/1691 1717/1717/1717
f 1691/1691/1691 1710/1710/1710 1717/1717/1717
f 1624/1624/1624 1682/1682/1682 1710/1710/1710
f 1323/1323/1323 1310/1310/1310 1346/1346/1346
f 1158/1158/1158 1133/1133/1133 1181/1181/1181
f 1231/1231/1231 1119/1119/1119 1158/1158/1158
f 1119/1119/1119 1056/1056/1056 1097/1097/1097
f 1118/1118/1118 1056/1056/1056 1119/1119/1119
f 1141/1141/1141 967/967/967 1093/1093/1093
f 1056/1056/1056 1054/1054/1054 1097/1097/1097
f 1021/1021/1021 957/957/957 930/930/930
f 708/708/708 829/829/829 546/546/546
f 403/403/403 771/771/771 367/367/367
f 443/443/443 215/215/215 383/383/383
f 320/320/320 519/519/519 291/291/291
f 258/258/258 54/54/54 76/76/76
f 52/52/52 1862/1862/1862 2066/2066/2066
f 1936/1936/1936 2161/2161/2161 2148/2148/2148
f 2309/2309/2309 2258/2258/2258 2143/2143/2143
f 2353/2353/2353 2421/2421/2421 2350/2350/2350
f 1658/1658/1658 1715/1715/1715 1707/1707/1707
f 1683/1683/1683 1346/1346/1346 1667/1667/1667
f 1141/1141/1141 1293/1293/1293 1085/1085/1085
f 1158/1158/1158 1181/1181/1181 1231/1231/1231
f 1074/1074/1074 1056/1056/1056 1118/1118/1118
f 853/853/853 847/847/847 824/824/824
f 776/776/776 684/684/684 633/633/633
f 519/519/519 842/842/842 563/563/563
f 709/709/709 633/633/633 684/684/684
f 509/509/509 590/590/590 477/477/477
f 2016/2016/2016 77/77/77 1987/1987/1987
f 2183/2183/2183 2418/2418/2418 2118/2118/2118
f 2421/2421/2421 2427/2427/2427 2350/2350/2350
f 2503/2503/2503 2484/2484/2484 2530/2530/2530
f 1691/1691/1691 1624/1624/1624 1710/1710/1710
f 1091/1091/1091 1074/1074/1074 1118/1118/1118
f 1189/1189/1189 998/998/998 948/948/948
f 908/908/908 847/847/847 853/853/853
f 829/829/829 778/778/778 546/546/546
f 778/778/778 533/533/533 546/546/546
f 448/448/448 672/672/672 582/582/582
f 769/769/769 947/947/947 366/366/366
f 291/291/291 181/181/181 320/320/320
f 54/54/54 258/258/258 262/262/262
f 427/427/427 22/22/22 418/418/418
f 115/115/115 105/105/105 181/181/181
f 105/105/105 115/115/115 61/61/61
f 418/418/418 22/22/22 4/4/4
f 54/54/54 1856/1856/1856 76/76/76
f 1816/1816/1816 89/89/89 1891/1891/1891
f 1863/1863/1863 367/367/367 1869/1869/1869
f 2066/2066/2066 1862/1862/1862 2219/2219/2219
f 2043/2043/2043 2118/2118/2118 2041/2041/2041
f 1996/1996/1996 2465/2465/2465 2219/2219/2219
f 2358/2358/2358 2317/2317/2317 2299/2299/2299
f 2418/2418/2418 2403/2403/2403 2118/2118/2118
f 2317/2317/2317 2382/2382/2382 2445/2445/2445
f 2357/2357/2357 2425/2425/2425 2404/2404/2404
f 2421/2421/2421 2227/2227/2227 2416/2416/2416
f 2357/2357/2357 2427/2427/2427 2425/2425/2425
f 2357/2357/2357 2350/2350/2350 2427/2427/2427
f 2482/2482/2482 2503/2503/2503 2593/2593/2593
f 2461/2461/2461 2560/2560/2560 2546/2546/2546
f 2547/2547/2547 2561/2561/2561 2530/2530/2530
f 2530/2530/2530 2636/2636/2636 2503/2503/2503
f 1658/1658/1658 1707/1707/1707 1427/1427/1427
f 1293/1293/1293 1141/1141/1141 1093/1093/1093
f 1302/1302/1302 1183/1183/1183 1191/1191/1191
f 1021/1021/1021 1054/1054/1054 1056/1056/1056
f 908/908/908 902/902/902 1014/1014/1014
f 867/867/867 829/829/829 708/708/708
f 709/709/709 684/684/684 868/868/868
f 732/732/732 684/684/684 776/776/776
f 519/519/519 790/790/790 842/842/842
f 619/619/619 519/519/519 320/320/320
f 475/475/475 437/437/437 258/258/258
f 258/258/258 437/437/437 262/262/262
f 427/427/427 404/404/404 254/254/254
f 427/427/427 254/254/254 22/22/22
f 262/262/262 42/42/42 54/54/54
f 365/365/365 1869/1869/1869 367/367/367
f 254/254/254 11/11/11 22/22/22
f 4/4/4 22/22/22 1918/1918/1918
f 77/77/77 1857/1857/1857 1987/1987/1987
f 1886/1886/1886 2041/2041/2041 1953/1953/1953
f 1953/1953/1953 2041/2041/2041 2263/2263/2263
f 1862/1862/1862 1996/1996/1996 2219/2219/2219
f 2041/2041/2041 2118/2118/2118 2263/2263/2263
f 2299/2299/2299 2112/2112/2112 2329/2329/2329
f 2299/2299/2299 2329/2329/2329 2358/2358/2358
f 2308/2308/2308 2364/2364/2364 2416/2416/2416
f 2317/2317/2317 2445/2445/2445 2226/2226/2226
f 2504/2504/2504 2482/2482/2482 2593/2593/2593
f 2504/2504/2504 2593/2593/2593 2554/2554/2554
f 2593/2593/2593 2503/2503/2503 2636/2636/2636
f 1118/1118/1118 1119/1119/1119 1213/1213/1213
f 957/957/957 1014/1014/1014 902/902/902
f 977/977/977 908/908/908 1014/1014/1014
f 977/977/977 847/847/847 908/908/908
f 817/817/817 810/810/810 849/849/849
f 849/849/849 810/810/810 847/847/847
f 847/847/847 810/810/810 824/824/824
f 810/810/810 783/783/783 824/824/824
f 776/776/776 824/824/824 732/732/732
f 533/533/533 778/778/778 680/680/680
f 619/619/619 790/790/790 519/519/519
f 681/681/681 448/448/448 534/534/534
f 477/477/477 590/590/590 438/438/438
f 431/431/431 318/318/318 433/433/433
f 413/413/413 433/433/433 262/262/262
f 262/262/262 433/433/433 318/318/318
f 262/262/262 318/318/318 207/207/207
f 207/207/207 318/318/318 180/180/180
f 207/207/207 180/180/180 56/56/56
f 47/47/47 418/418/418 4/4/4
f 90/90/90 105/105/105 1892/1892/1892
f 152/152/152 1816/1816/1816 1886/1886/1886
f 22/22/22 2067/2067/2067 1918/1918/1918
f 22/22/22 11/11/11 2067/2067/2067
f 1856/1856/1856 54/54/54 42/42/42
f 2348/2348/2348 2263/2263/2263 2118/2118/2118
f 2364/2364/2364 2226/2226/2226 2445/2445/2445
f 2408/2408/2408 2479/2479/2479 2461/2461/2461
f 1323/1323/1323 1346/1346/1346 1332/1332/1332
f 1332/1332/1332 1302/1302/1302 1323/1323/1323
f 1301/1301/1301 1232/1232/1232 1182/1182/1182
f 772/772/772 1086/1086/1086 1189/1189/1189
f 563/563/563 1094/1094/1094 968/968/968
f 849/849/849 847/847/847 977/977/977
f 732/732/732 824/824/824 783/783/783
f 448/448/448 681/681/681 672/672/672
f 947/947/947 646/646/646 366/366/366
f 568/568/568 432/432/432 434/434/434
f 454/454/454 443/443/443 383/383/383
f 431/431/431 387/387/387 318/318/318
f 437/437/437 413/413/413 262/262/262
f 404/404/404 327/327/327 254/254/254
f 327/327/327 336/336/336 133/133/133
f 254/254/254 327/327/327 11/11/11
f 152/152/152 89/89/89 1816/1816/1816
f 327/327/327 133/133/133 1876/1876/1876
f 2140/2140/2140 4/4/4 1918/1918/1918
f 1936/1936/1936 2148/2148/2148 1877/1877/1877
f 2348/2348/2348 2118/2118/2118 2403/2403/2403
f 2358/2358/2358 2382/2382/2382 2317/2317/2317
f 2636/2636/2636 2530/2530/2530 2561/2561/2561
f 1682/1682/1682 1368/1368/1368 1345/1345/1345
f 1118/1118/1118 1213/1213/1213 1185/1185/1185
f 1185/1185/1185 1091/1091/1091 1118/1118/1118
f 1021/1021/1021 1056/1056/1056 1042/1042/1042
f 702/702/702 354/354/354 575/575/575
f 726/726/726 579/579/579 419/419/419
f 418/418/418 578/578/578 427/427/427
f 512/512/512 432/432/432 568/568/568
f 438/438/438 585/585/585 414/414/414
f 568/568/568 434/434/434 414/414/414
f 318/318/318 387/387/387 180/180/180
f 275/275/275 320/320/320 181/181/181
f 418/418/418 47/47/47 387/387/387
f 181/181/181 105/105/105 275/275/275
f 262/262/262 207/207/207 57/57/57
f 262/262/262 57/57/57 42/42/42
f 207/207/207 56/56/56 57/57/57
f 180/180/180 387/387/387 37/37/37
f 365/365/365 381/381/381 1869/1869/1869
f 180/180/180 37/37/37 56/56/56
f 1986/1986/1986 1856/1856/1856 1968/1968/1968
f 11/11/11 1876/1876/1876 2146/2146/2146
f 2328/2328/2328 2111/2111/2111 2016/2016/2016
f 1953/1953/1953 2263/2263/2263 2255/2255/2255
f 2427/2427/2427 2402/2402/2402 2425/2425/2425
f 2403/2403/2403 2418/2418/2418 2505/2505/2505
f 1301/1301/1301 1291/1291/1291 1232/1232/1232
f 1231/1231/1231 1213/1213/1213 1119/1119/1119
f 1441/1441/1441 703/703/703 1235/1235/1235
f 1074/1074/1074 1042/1042/1042 1056/1056/1056
f 1021/1021/1021 1042/1042/1042 1014/1014/1014
f 1014/1014/1014 957/957/957 1021/1021/1021
f 579/579/579 581/581/581 428/428/428
f 419/419/419 388/388/388 726/726/726
f 618/618/618 520/520/520 529/529/529
f 568/568/568 414/414/414 585/585/585
f 580/580/580 404/404/404 427/427/427
f 337/337/337 454/454/454 134/134/134
f 618/618/618 319/319/319 520/520/520
f 432/432/432 512/512/512 388/388/388
f 319/319/319 273/273/273 520/520/520
f 37/37/37 387/387/387 47/47/47
f 90/90/90 275/275/275 105/105/105
f 11/11/11 327/327/327 1876/1876/1876
f 1818/1818/1818 57/57/57 56/56/56
f 42/42/42 57/57/57 1818/1818/1818
f 37/37/37 1818/1818/1818 56/56/56
f 42/42/42 1957/1957/1957 1856/1856/1856
f 1954/1954/1954 1886/1886/1886 1953/1953/1953
f 1954/1954/1954 1953/1953/1953 2255/2255/2255
f 2263/2263/2263 2348/2348/2348 2255/2255/2255
f 2364/2364/2364 2445/2445/2445 2349/2349/2349
f 2526/2526/2526 2504/2504/2504 2554/2554/2554
f 2555/2555/2555 2604/2604/2604 2528/2528/2528
f 2554/2554/2554 2593/2593/2593 2602/2602/2602
f 1658/1658/1658 1606/1606/1606 1691/1691/1691
f 1691/1691/1691 1606/1606/1606 1624/1624/1624
f 1368/1368/1368 1331/1331/1331 1345/1345/1345
f 1058/1058/1058 1091/1091/1091 1124/1124/1124
f 1058/1058/1058 1096/1096/1096 1074/1074/1074
f 1058/1058/1058 1074/1074/1074 1091/1091/1091
f 1096/1096/1096 1042/1042/1042 1074/1074/1074
f 977/977/977 955/955/955 849/849/849
f 955/955/955 817/817/817 849/849/849
f 868/868/868 684/684/684 732/732/732
f 680/680/680 778/778/778 757/757/757
f 722/722/722 923/923/923 620/620/620
f 638/638/638 589/589/589 508/508/508
f 4/4/4 2140/2140/2140 47/47/47
f 1818/1818/1818 37/37/37 1944/1944/1944
f 1968/1968/1968 1856/1856/1856 1957/1957/1957
f 1918/1918/1918 2125/2125/2125 2140/2140/2140
f 1911/1911/1911 1954/1954/1954 2255/2255/2255
f 2309/2309/2309 2392/2392/2392 2147/2147/2147
f 2416/2416/2416 2364/2364/2364 2349/2349/2349
f 2402/2402/2402 2427/2427/2427 2421/2421/2421
f 2373/2373/2373 2479/2479/2479 2465/2465/2465
f 2403/2403/2403 2505/2505/2505 2495/2495/2495
f 2348/2348/2348 2403/2403/2403 2509/2509/2509
f 1319/1319/1319 1677/1677/1677 1382/1382/1382
f 1677/1677/1677 1293/1293/1293 1382/1382/1382
f 1410/1410/1410 1368/1368/1368 1682/1682/1682
f 1291/1291/1291 1214/1214/1214 1232/1232/1232
f 1220/1220/1220 1085/1085/1085 1293/1293/1293
f 1042/1042/1042 977/977/977 1014/1014/1014
f 563/563/563 842/842/842 1094/1094/1094
f 810/810/810 780/780/780 783/783/783
f 678/678/678 778/778/778 829/829/829
f 780/780/780 732/732/732 783/783/783
f 757/757/757 671/671/671 680/680/680
f 703/703/703 574/574/574 876/876/876
f 722/722/722 620/620/620 530/530/530
f 1077/1077/1077 1052/1052/1052 405/405/405
f 647/647/647 365/365/365 367/367/367
f 561/561/561 520/520/520 273/273/273
f 606/606/606 561/561/561 273/273/273
f 606/606/606 273/273/273 225/225/225
f 443/443/443 412/412/412 215/215/215
f 152/152/152 274/274/274 89/89/89
f 222/222/222 69/69/69 138/138/138
f 42/42/42 1818/1818/1818 1957/1957/1957
f 1957/1957/1957 1818/1818/1818 1944/1944/1944
f 11/11/11 2146/2146/2146 2067/2067/2067
f 1996/1996/1996 2373/2373/2373 2465/2465/2465
f 2309/2309/2309 2143/2143/2143 2242/2242/2242
f 2494/2494/2494 2504/2504/2504 2526/2526/2526
f 2594/2594/2594 2638/2638/2638 2634/2634/2634
f 1368/1368/1368 1301/1301/1301 1331/1331/1331
f 1293/1293/1293 1396/1396/1396 1220/1220/1220
f 1186/1186/1186 1291/1291/1291 1301/1301/1301
f 1382/1382/1382 1293/1293/1293 1093/1093/1093
f 955/955/955 848/848/848 817/817/817
f 848/848/848 805/805/805 817/817/817
f 805/805/805 810/810/810 817/817/817
f 868/868/868 732/732/732 780/780/780
f 757/757/757 778/778/778 678/678/678
f 658/658/658 620/620/620 923/923/923
f 657/657/657 790/790/790 619/619/619
f 590/590/590 905/905/905 438/438/438
f 1035/1035/1035 443/443/443 454/454/454
f 663/663/663 454/454/454 337/337/337
f 561/561/561 559/559/559 520/520/520
f 559/559/559 529/529/529 520/520/520
f 726/726/726 388/388/388 628/628/628
f 512/512/512 628/628/628 388/388/388
f 226/226/226 274/274/274 152/152/152
f 37/37/37 47/47/47 1958/1958/1958
f 1957/1957/1957 1944/1944/1944 1973/1973/1973
f 1863/1863/1863 1869/1869/1869 1998/1998/1998
f 1772/1772/1772 2143/2143/2143 1832/1832/1832
f 2404/2404/2404 2425/2425/2425 2363/2363/2363
f 2403/2403/2403 2495/2495/2495 2529/2529/2529
f 2472/2472/2472 2348/2348/2348 2509/2509/2509
f 2462/2462/2462 2480/2480/2480 2581/2581/2581
f 2562/2562/2562 2462/2462/2462 2599/2599/2599
f 1624/1624/1624 1410/1410/1410 1682/1682/1682
f 1368/1368/1368 1186/1186/1186 1301/1301/1301
f 1186/1186/1186 1214/1214/1214 1291/1291/1291
f 1382/1382/1382 1093/1093/1093 1319/1319/1319
f 1221/1221/1221 1189/1189/1189 1086/1086/1086
f 1124/1124/1124 1091/1091/1091 1185/1185/1185
f 1042/1042/1042 1096/1096/1096 977/977/977
f 842/842/842 845/845/845 1094/1094/1094
f 997/997/997 646/646/646 947/947/947
f 865/865/865 923/923/923 1000/1000/1000
f 874/874/874 810/810/810 805/805/805
f 736/736/736 829/829/829 867/867/867
f 722/722/722 530/530/530 864/864/864
f 865/865/865 658/658/658 923/923/923
f 779/779/779 736/736/736 867/867/867
f 845/845/845 842/842/842 790/790/790
f 559/559/559 863/863/863 529/529/529
f 790/790/790 657/657/657 845/845/845
f 767/767/767 581/581/581 579/579/579
f 715/715/715 559/559/559 606/606/606
f 606/606/606 559/559/559 561/561/561
f 568/568/568 641/641/641 512/512/512
f 581/581/581 1077/1077/1077 405/405/405
f 602/602/602 628/628/628 512/512/512
f 138/138/138 69/69/69 80/80/80
f 81/81/81 75/75/75 201/201/201
f 152/152/152 1886/1886/1886 23/23/23
f 37/37/37 1958/1958/1958 1944/1944/1944
f 1957/1957/1957 2050/2050/2050 1968/1968/1968
f 1957/1957/1957 1973/1973/1973 2100/2100/2100
f 1986/1986/1986 1968/1968/1968 2050/2050/2050
f 1911/1911/1911 2255/2255/2255 2339/2339/2339
f 1997/1997/1997 2477/2477/2477 2374/2374/2374
f 2402/2402/2402 2421/2421/2421 2356/2356/2356
f 2564/2564/2564 2581/2581/2581 2480/2480/2480
f 2603/2603/2603 2594/2594/2594 2596/2596/2596
f 1468/1468/1468 1606/1606/1606 1658/1658/1658
f 1450/1450/1450 1624/1624/1624 1606/1606/1606
f 1504/1504/1504 1497/1497/1497 722/722/722
f 722/722/722 1497/1497/1497 923/923/923
f 1125/1125/1125 1186/1186/1186 1234/1234/1234
f 1041/1041/1041 1058/1058/1058 1124/1124/1124
f 955/955/955 977/977/977 1003/1003/1003
f 931/931/931 863/863/863 559/559/559
f 874/874/874 805/805/805 848/848/848
f 874/874/874 780/780/780 810/810/810
f 863/863/863 844/844/844 656/656/656
f 678/678/678 629/629/629 757/757/757
f 818/818/818 582/582/582 672/672/672
f 630/630/630 672/672/672 758/758/758
f 663/663/663 1035/1035/1035 454/454/454
f 227/227/227 744/744/744 607/607/607
f 715/715/715 931/931/931 559/559/559
f 641/641/641 602/602/602 512/512/512
f 404/404/404 600/600/600 327/327/327
f 327/327/327 662/662/662 336/336/336
f 744/744/744 227/227/227 256/256/256
f 354/354/354 221/221/221 212/212/212
f 152/152/152 23/23/23 226/226/226
f 67/67/67 1869/1869/1869 381/381/381
f 1954/1954/1954 1868/1868/1868 1886/1886/1886
f 47/47/47 2140/2140/2140 1958/1958/1958
f 1918/1918/1918 2067/2067/2067 2125/2125/2125
f 2358/2358/2358 2329/2329/2329 2399/2399/2399
f 2358/2358/2358 2399/2399/2399 2382/2382/2382
f 2356/2356/2356 2421/2421/2421 2416/2416/2416
f 2445/2445/2445 2382/2382/2382 2399/2399/2399
f 2403/2403/2403 2529/2529/2529 2509/2509/2509
f 2462/2462/2462 2581/2581/2581 2599/2599/2599
f 2603/2603/2603 2596/2596/2596 2527/2527/2527
f 1677/1677/1677 1396/1396/1396 1293/1293/1293
f 1480/1480/1480 1468/1468/1468 1658/1658/1658
f 1427/1427/1427 1480/1480/1480 1658/1658/1658
f 1468/1468/1468 1450/1450/1450 1606/1606/1606
f 1450/1450/1450 1410/1410/1410 1624/1624/1624
f 1318/1318/1318 1092/1092/1092 1286/1286/1286
f 1096/1096/1096 1058/1058/1058 1041/1041/1041
f 1117/1117/1117 722/722/722 864/864/864
f 864/864/864 999/999/999 1117/1117/1117
f 955/955/955 1003/1003/1003 963/963/963
f 927/927/927 1253/1253/1253 931/931/931
f 963/963/963 848/848/848 955/955/955
f 927/927/927 931/931/931 715/715/715
f 1049/1049/1049 844/844/844 863/863/863
f 736/736/736 678/678/678 829/829/829
f 818/818/818 648/648/648 582/582/582
f 927/927/927 715/715/715 606/606/606
f 744/744/744 928/928/928 607/607/607
f 568/568/568 718/718/718 641/641/641
f 405/405/405 1052/1052/1052 601/601/601
f 200/200/200 138/138/138 80/80/80
f 1911/1911/1911 1868/1868/1868 1954/1954/1954
f 1998/1998/1998 1869/1869/1869 1907/1907/1907
f 1957/1957/1957 2100/2100/2100 2047/2047/2047
f 2292/2292/2292 2328/2328/2328 2016/2016/2016
f 2329/2329/2329 2293/2293/2293 2399/2399/2399
f 2368/2368/2368 2425/2425/2425 2402/2402/2402
f 2564/2564/2564 2656/2656/2656 2581/2581/2581
f 2562/2562/2562 2633/2633/2633 2637/2637/2637
f 2581/2581/2581 2656/2656/2656 2599/2599/2599
f 1234/1234/1234 1186/1186/1186 1368/1368/1368
f 1000/1000/1000 923/923/923 1497/1497/1497
f 1504/1504/1504 722/722/722 1117/1117/1117
f 1041/1041/1041 1003/1003/1003 1096/1096/1096
f 1003/1003/1003 977/977/977 1096/1096/1096
f 846/846/846 1060/1060/1060 1095/1095/1095
f 1041/1041/1041 963/963/963 1003/1003/1003
f 874/874/874 848/848/848 795/795/795
f 726/726/726 1047/1047/1047 579/579/579
f 779/779/779 699/699/699 736/736/736
f 872/872/872 581/581/581 767/767/767
f 893/893/893 905/905/905 590/590/590
f 647/647/647 826/826/826 365/365/365
f 575/575/575 354/354/354 212/212/212
f 1886/1886/1886 1868/1868/1868 23/23/23
f 2050/2050/2050 1957/1957/1957 2047/2047/2047
f 2155/2155/2155 2016/2016/2016 1987/1987/1987
f 2339/2339/2339 2255/2255/2255 2405/2405/2405
f 2363/2363/2363 2425/2425/2425 2368/2368/2368
f 2356/2356/2356 2347/2347/2347 2402/2402/2402
f 2509/2509/2509 2522/2522/2522 2472/2472/2472
f 1678/1678/1678 1638/1638/1638 1397/1397/1397
f 1128/1128/1128 1125/1125/1125 1234/1234/1234
f 1287/1287/1287 1095/1095/1095 1060/1060/1060
f 1049/1049/1049 1059/1059/1059 844/844/844
f 1007/1007/1007 928/928/928 744/744/744
f 874/874/874 795/795/795 780/780/780
f 648/648/648 897/897/897 638/638/638
f 963/963/963 761/761/761 848/848/848
f 795/795/795 848/848/848 761/761/761
f 700/700/700 780/780/780 795/795/795
f 718/718/718 568/568/568 585/585/585
f 826/826/826 381/381/381 365/365/365
f 744/744/744 256/256/256 252/252/252
f 215/215/215 1773/1773/1773 1833/1833/1833
f 2209/2209/2209 1911/1911/1911 2339/2339/2339
f 1944/1944/1944 1958/1958/1958 2133/2133/2133
f 2242/2242/2242 2143/2143/2143 2169/2169/2169
f 2416/2416/2416 2349/2349/2349 2200/2200/2200
f 2594/2594/2594 2634/2634/2634 2615/2615/2615
f 1504/1504/1504 1117/1117/1117 1437/1437/1437
f 1437/1437/1437 999/999/999 1445/1445/1445
f 1446/1446/1446 1000/1000/1000 1497/1497/1497
f 1117/1117/1117 999/999/999 1437/1437/1437
f 1127/1127/1127 1041/1041/1041 1124/1124/1124
f 1206/1206/1206 863/863/863 931/931/931
f 1041/1041/1041 761/761/761 963/963/963
f 818/818/818 897/897/897 648/648/648
f 638/638/638 897/897/897 589/589/589
f 1047/1047/1047 767/767/767 579/579/579
f 736/736/736 591/591/591 678/678/678
f 872/872/872 1077/1077/1077 581/581/581
f 651/651/651 818/818/818 672/672/672
f 612/612/612 736/736/736 699/699/699
f 664/664/664 328/328/328 601/601/601
f 253/253/253 257/257/257 226/226/226
f 1944/1944/1944 2083/2083/2083 1973/1973/1973
f 1986/1986/1986 2050/2050/2050 2154/2154/2154
f 2339/2339/2339 2405/2405/2405 2209/2209/2209
f 2326/2326/2326 2445/2445/2445 2399/2399/2399
f 2405/2405/2405 2348/2348/2348 2472/2472/2472
f 2509/2509/2509 2529/2529/2529 2522/2522/2522
f 2596/2596/2596 2594/2594/2594 2615/2615/2615
f 1504/1504/1504 1437/1437/1437 1534/1534/1534
f 1534/1534/1534 1497/1497/1497 1504/1504/1504
f 1286/1286/1286 1418/1418/1418 1318/1318/1318
f 1410/1410/1410 1234/1234/1234 1368/1368/1368
f 1253/1253/1253 1206/1206/1206 931/931/931
f 863/863/863 1206/1206/1206 1126/1126/1126
f 1126/1126/1126 1216/1216/1216 863/863/863
f 863/863/863 1216/1216/1216 1049/1049/1049
f 799/799/799 761/761/761 1041/1041/1041
f 897/897/897 894/894/894 589/589/589
f 590/590/590 895/895/895 893/893/893
f 761/761/761 700/700/700 795/795/795
f 905/905/905 915/915/915 438/438/438
f 467/467/467 744/744/744 252/252/252
f 222/222/222 138/138/138 213/213/213
f 1768/1768/1768 226/226/226 23/23/23
f 1944/1944/1944 2133/2133/2133 2083/2083/2083
f 2140/2140/2140 2125/2125/2125 2246/2246/2246
f 75/75/75 2404/2404/2404 2363/2363/2363
f 2200/2200/2200 2349/2349/2349 2445/2445/2445
f 2176/2176/2176 2399/2399/2399 2293/2293/2293
f 2255/2255/2255 2348/2348/2348 2405/2405/2405
f 2489/2489/2489 2480/2480/2480 2375/2375/2375
f 2584/2584/2584 2656/2656/2656 2564/2564/2564
f 1442/1442/1442 1523/1523/1523 1437/1437/1437
f 1523/1523/1523 1534/1534/1534 1437/1437/1437
f 1419/1419/1419 1678/1678/1678 1320/1320/1320
f 1480/1480/1480 1427/1427/1427 1333/1333/1333
f 1314/1314/1314 1410/1410/1410 1450/1450/1450
f 940/940/940 767/767/767 1047/1047/1047
f 1052/1052/1052 664/664/664 601/601/601
f 718/718/718 803/803/803 641/641/641
f 438/438/438 915/915/915 585/585/585
f 803/803/803 717/717/717 641/641/641
f 641/641/641 717/717/717 602/602/602
f 761/761/761 613/613/613 700/700/700
f 717/717/717 628/628/628 602/602/602
f 679/679/679 562/562/562 630/630/630
f 252/252/252 470/470/470 467/467/467
f 1911/1911/1911 1994/1994/1994 1868/1868/1868
f 2083/2083/2083 2180/2180/2180 1973/1973/1973
f 1973/1973/1973 2180/2180/2180 2100/2100/2100
f 2440/2440/2440 2140/2140/2140 2246/2246/2246
f 2368/2368/2368 2402/2402/2402 2347/2347/2347
f 2527/2527/2527 2596/2596/2596 2544/2544/2544
f 1468/1468/1468 1314/1314/1314 1450/1450/1450
f 1049/1049/1049 1297/1297/1297 1059/1059/1059
f 1109/1109/1109 1253/1253/1253 927/927/927
f 1110/1110/1110 928/928/928 1007/1007/1007
f 789/789/789 803/803/803 718/718/718
f 585/585/585 764/764/764 718/718/718
f 761/761/761 493/493/493 613/613/613
f 253/253/253 226/226/226 1768/1768/1768
f 1907/1907/1907 1869/1869/1869 67/67/67
f 1997/1997/1997 1906/1906/1906 2477/2477/2477
f 2309/2309/2309 2242/2242/2242 2412/2412/2412
f 2477/2477/2477 2352/2352/2352 2453/2453/2453
f 2562/2562/2562 2599/2599/2599 2610/2610/2610
f 1442/1442/1442 1437/1437/1437 1435/1435/1435
f 1437/1437/1437 1445/1445/1445 1435/1435/1435
f 1350/1350/1350 1468/1468/1468 1480/1480/1480
f 1468/1468/1468 1350/1350/1350 1314/1314/1314
f 1384/1384/1384 1297/1297/1297 1269/1269/1269
f 1279/1279/1279 1276/1276/1276 1206/1206/1206
f 1287/1287/1287 1060/1060/1060 1317/1317/1317
f 1247/1247/1247 1007/1007/1007 744/744/744
f 1127/1127/1127 799/799/799 1041/1041/1041
f 872/872/872 767/767/767 940/940/940
f 789/789/789 718/718/718 764/764/764
f 765/765/765 726/726/726 628/628/628
f 915/915/915 764/764/764 585/585/585
f 799/799/799 493/493/493 761/761/761
f 717/717/717 765/765/765 628/628/628
f 736/736/736 612/612/612 556/556/556
f 630/630/630 495/495/495 672/672/672
f 1773/1773/1773 215/215/215 412/412/412
f 1768/1768/1768 23/23/23 1868/1868/1868
f 2140/2140/2140 2440/2440/2440 2295/2295/2295
f 2477/2477/2477 1906/1906/1906 2352/2352/2352
f 2292/2292/2292 2016/2016/2016 2155/2155/2155
f 2200/2200/2200 2271/2271/2271 2416/2416/2416
f 2399/2399/2399 2176/2176/2176 2330/2330/2330
f 2416/2416/2416 2271/2271/2271 2356/2356/2356
f 2374/2374/2374 2477/2477/2477 2488/2488/2488
f 2488/2488/2488 2477/2477/2477 2453/2453/2453
f 2480/2480/2480 2489/2489/2489 2564/2564/2564
f 2562/2562/2562 2610/2610/2610 2633/2633/2633
f 1678/1678/1678 1419/1419/1419 1668/1668/1668
f 1435/1435/1435 1533/1533/1533 1522/1522/1522
f 1435/1435/1435 1475/1475/1475 1533/1533/1533
f 1435/1435/1435 1445/1445/1445 1475/1475/1475
f 1333/1333/1333 1350/1350/1350 1480/1480/1480
f 1333/1333/1333 1427/1427/1427 1236/1236/1236
f 1419/1419/1419 1287/1287/1287 1317/1317/1317
f 1297/1297/1297 1216/1216/1216 1269/1269/1269
f 1297/1297/1297 1049/1049/1049 1216/1216/1216
f 1297/1297/1297 1316/1316/1316 1059/1059/1059
f 1206/1206/1206 1194/1194/1194 1126/1126/1126
f 1221/1221/1221 1104/1104/1104 1189/1189/1189
f 1189/1189/1189 1104/1104/1104 998/998/998
f 1235/1235/1235 703/703/703 876/876/876
f 1047/1047/1047 726/726/726 765/765/765
f 764/764/764 803/803/803 789/789/789
f 765/765/765 717/717/717 803/803/803
f 736/736/736 556/556/556 591/591/591
f 1018/1018/1018 744/744/744 467/467/467
f 592/592/592 562/562/562 679/679/679
f 1868/1868/1868 1994/1994/1994 1768/1768/1768
f 2209/2209/2209 2270/2270/2270 1911/1911/1911
f 2083/2083/2083 2133/2133/2133 2240/2240/2240
f 2140/2140/2140 2295/2295/2295 2133/2133/2133
f 2342/2342/2342 2399/2399/2399 2330/2330/2330
f 2405/2405/2405 2472/2472/2472 2459/2459/2459
f 2544/2544/2544 2596/2596/2596 2576/2576/2576
f 1314/1314/1314 1234/1234/1234 1410/1410/1410
f 1068/1068/1068 1128/1128/1128 1234/1234/1234
f 1247/1247/1247 1110/1110/1110 1007/1007/1007
f 1247/1247/1247 744/744/744 1018/1018/1018
f 1047/1047/1047 765/765/765 856/856/856
f 803/803/803 785/785/785 765/765/765
f 997/997/997 825/825/825 646/646/646
f 1035/1035/1035 412/412/412 443/443/443
f 470/470/470 252/252/252 1767/1767/1767
f 1958/1958/1958 2140/2140/2140 2133/2133/2133
f 2047/2047/2047 2100/2100/2100 2253/2253/2253
f 2125/2125/2125 2067/2067/2067 2333/2333/2333
f 2445/2445/2445 2326/2326/2326 2200/2200/2200
f 2326/2326/2326 2399/2399/2399 2342/2342/2342
f 2529/2529/2529 2545/2545/2545 2522/2522/2522
f 1668/1668/1668 1638/1638/1638 1678/1678/1678
f 1371/1371/1371 1384/1384/1384 1269/1269/1269
f 1314/1314/1314 1217/1217/1217 1234/1234/1234
f 1253/1253/1253 1279/1279/1279 1206/1206/1206
f 1253/1253/1253 1109/1109/1109 1250/1250/1250
f 1194/1194/1194 1216/1216/1216 1126/1126/1126
f 1047/1047/1047 1048/1048/1048 940/940/940
f 890/890/890 905/905/905 893/893/893
f 915/915/915 785/785/785 764/764/764
f 765/765/765 785/785/785 856/856/856
f 764/764/764 785/785/785 803/803/803
f 562/562/562 505/505/505 630/630/630
f 505/505/505 495/495/495 630/630/630
f 2270/2270/2270 1994/1994/1994 1911/1911/1911
f 2257/2257/2257 2050/2050/2050 2047/2047/2047
f 2240/2240/2240 2180/2180/2180 2083/2083/2083
f 2100/2100/2100 2180/2180/2180 2277/2277/2277
f 2175/2175/2175 2292/2292/2292 2155/2155/2155
f 2268/2268/2268 2363/2363/2363 2368/2368/2368
f 2368/2368/2368 2347/2347/2347 2288/2288/2288
f 2209/2209/2209 2405/2405/2405 2385/2385/2385
f 1333/1333/1333 1292/1292/1292 1350/1350/1350
f 1350/1350/1350 1292/1292/1292 1314/1314/1314
f 1371/1371/1371 1269/1269/1269 1216/1216/1216
f 1194/1194/1194 1340/1340/1340 1216/1216/1216
f 1148/1148/1148 1104/1104/1104 1221/1221/1221
f 1067/1067/1067 799/799/799 1127/1127/1127
f 1052/1052/1052 1036/1036/1036 664/664/664
f 837/837/837 893/893/893 895/895/895
f 837/837/837 890/890/890 893/893/893
f 915/915/915 856/856/856 785/785/785
f 651/651/651 897/897/897 818/818/818
f 455/455/455 672/672/672 495/495/495
f 200/200/200 213/213/213 138/138/138
f 2050/2050/2050 2257/2257/2257 2154/2154/2154
f 2100/2100/2100 2277/2277/2277 2253/2253/2253
f 2067/2067/2067 2146/2146/2146 2333/2333/2333
f 2284/2284/2284 2347/2347/2347 2356/2356/2356
f 2356/2356/2356 2271/2271/2271 2284/2284/2284
f 2472/2472/2472 2522/2522/2522 2459/2459/2459
f 1497/1497/1497 1476/1476/1476 1446/1446/1446
f 1460/1460/1460 1442/1442/1442 1435/1435/1435
f 1333/1333/1333 1236/1236/1236 1228/1228/1228
f 1228/1228/1228 1292/1292/1292 1333/1333/1333
f 1379/1379/1379 1279/1279/1279 1253/1253/1253
f 1292/1292/1292 1217/1217/1217 1314/1314/1314
f 1217/1217/1217 1068/1068/1068 1234/1234/1234
f 1276/1276/1276 1194/1194/1194 1206/1206/1206
f 1048/1048/1048 872/872/872 940/940/940
f 1048/1048/1048 1077/1077/1077 872/872/872
f 751/751/751 799/799/799 1067/1067/1067
f 890/890/890 820/820/820 905/905/905
f 915/915/915 937/937/937 856/856/856
f 897/897/897 838/838/838 894/894/894
f 614/614/614 494/494/494 557/557/557
f 562/562/562 487/487/487 505/505/505
f 75/75/75 2363/2363/2363 2268/2268/2268
f 2246/2246/2246 2125/2125/2125 2333/2333/2333
f 2333/2333/2333 2146/2146/2146 2391/2391/2391
f 2412/2412/2412 2242/2242/2242 2332/2332/2332
f 2489/2489/2489 2584/2584/2584 2564/2564/2564
f 2545/2545/2545 2627/2627/2627 2522/2522/2522
f 1340/1340/1340 1371/1371/1371 1216/1216/1216
f 1279/1279/1279 1305/1305/1305 1276/1276/1276
f 1228/1228/1228 1217/1217/1217 1292/1292/1292
f 1305/1305/1305 1194/1194/1194 1276/1276/1276
f 1251/1251/1251 1110/1110/1110 1247/1247/1247
f 1217/1217/1217 980/980/980 1068/1068/1068
f 1018/1018/1018 1258/1258/1258 1247/1247/1247
f 1047/1047/1047 856/856/856 937/937/937
f 815/815/815 890/890/890 837/837/837
f 918/918/918 1018/1018/1018 467/467/467
f 592/592/592 487/487/487 562/562/562
f 826/826/826 696/696/696 381/381/381
f 2169/2169/2169 2143/2143/2143 2087/2087/2087
f 2277/2277/2277 2180/2180/2180 2240/2240/2240
f 2268/2268/2268 2368/2368/2368 2288/2288/2288
f 2405/2405/2405 2459/2459/2459 2515/2515/2515
f 2627/2627/2627 2545/2545/2545 2577/2577/2577
f 2599/2599/2599 2617/2617/2617 2610/2610/2610
f 1532/1532/1532 1602/1602/1602 1496/1496/1496
f 1459/1459/1459 1521/1521/1521 1599/1599/1599
f 1474/1474/1474 1496/1496/1496 1602/1602/1602
f 1460/1460/1460 1435/1435/1435 1522/1522/1522
f 1419/1419/1419 1360/1360/1360 1668/1668/1668
f 1317/1317/1317 1360/1360/1360 1419/1419/1419
f 1347/1347/1347 1305/1305/1305 1279/1279/1279
f 1330/1330/1330 1253/1253/1253 1250/1250/1250
f 1305/1305/1305 1372/1372/1372 1194/1194/1194
f 1228/1228/1228 1062/1062/1062 1217/1217/1217
f 1217/1217/1217 1062/1062/1062 980/980/980
f 751/751/751 1067/1067/1067 979/979/979
f 897/897/897 676/676/676 838/838/838
f 379/379/379 494/494/494 800/800/800
f 391/391/391 381/381/381 696/696/696
f 1768/1768/1768 1994/1994/1994 2270/2270/2270
f 2087/2087/2087 2143/2143/2143 1772/1772/1772
f 2330/2330/2330 2176/2176/2176 2210/2210/2210
f 2330/2330/2330 2215/2215/2215 2342/2342/2342
f 2342/2342/2342 2215/2215/2215 2326/2326/2326
f 2309/2309/2309 2412/2412/2412 2392/2392/2392
f 2385/2385/2385 2405/2405/2405 2515/2515/2515
f 2515/2515/2515 2459/2459/2459 2523/2523/2523
f 2596/2596/2596 2615/2615/2615 2674/2674/2674
f 1523/1523/1523 1442/1442/1442 1490/1490/1490
f 1387/1387/1387 1397/1397/1397 1638/1638/1638
f 1397/1397/1397 1387/1387/1387 1222/1222/1222
f 1387/1387/1387 1149/1149/1149 1222/1222/1222
f 1105/1105/1105 1449/1449/1449 1408/1408/1408
f 1448/1448/1448 1104/1104/1104 1148/1148/1148
f 1194/1194/1194 1341/1341/1341 1340/1340/1340
f 1228/1228/1228 1236/1236/1236 738/738/738
f 738/738/738 1062/1062/1062 1228/1228/1228
f 1236/1236/1236 877/877/877 738/738/738
f 727/727/727 1061/1061/1061 737/737/737
f 729/729/729 980/980/980 1062/1062/1062
f 825/825/825 997/997/997 1103/1103/1103
f 979/979/979 686/686/686 751/751/751
f 728/728/728 686/686/686 979/979/979
f 737/737/737 875/875/875 573/573/573
f 487/487/487 420/420/420 505/505/505
f 420/420/420 495/495/495 505/505/505
f 2234/2234/2234 2352/2352/2352 1906/1906/1906
f 2063/2063/2063 2154/2154/2154 2257/2257/2257
f 2210/2210/2210 2215/2215/2215 2330/2330/2330
f 2332/2332/2332 2242/2242/2242 2169/2169/2169
f 2440/2440/2440 2246/2246/2246 2414/2414/2414
f 2621/2621/2621 2627/2627/2627 2577/2577/2577
f 1490/1490/1490 1442/1442/1442 1460/1460/1460
f 1375/1375/1375 1297/1297/1297 1384/1384/1384
f 1330/1330/1330 1379/1379/1379 1253/1253/1253
f 1305/1305/1305 1366/1366/1366 1372/1372/1372
f 1372/1372/1372 1341/1341/1341 1194/1194/1194
f 1088/1088/1088 1048/1048/1048 1047/1047/1047
f 906/906/906 915/915/915 866/866/866
f 915/915/915 905/905/905 866/866/866
f 815/815/815 820/820/820 890/890/890
f 737/737/737 489/489/489 727/727/727
f 1035/1035/1035 587/587/587 412/412/412
f 480/480/480 750/750/750 685/685/685
f 751/751/751 378/378/378 799/799/799
f 737/737/737 573/573/573 325/325/325
f 494/494/494 406/406/406 557/557/557
f 2047/2047/2047 2253/2253/2253 2267/2267/2267
f 2240/2240/2240 2133/2133/2133 2244/2244/2244
f 2133/2133/2133 2295/2295/2295 2244/2244/2244
f 2240/2240/2240 2244/2244/2244 2295/2295/2295
f 2326/2326/2326 2215/2215/2215 2217/2217/2217
f 2277/2277/2277 2240/2240/2240 2295/2295/2295
f 2298/2298/2298 2347/2347/2347 2284/2284/2284
f 2288/2288/2288 2347/2347/2347 2298/2298/2298
f 2246/2246/2246 2333/2333/2333 2379/2379/2379
f 2379/2379/2379 2414/2414/2414 2246/2246/2246
f 2409/2409/2409 2352/2352/2352 2234/2234/2234
f 2409/2409/2409 2453/2453/2453 2352/2352/2352
f 2459/2459/2459 2522/2522/2522 2523/2523/2523
f 2599/2599/2599 2656/2656/2656 2617/2617/2617
f 2584/2584/2584 2626/2626/2626 2656/2656/2656
f 2656/2656/2656 2626/2626/2626 2617/2617/2617
f 2633/2633/2633 2610/2610/2610 2667/2667/2667
f 2662/2662/2662 2634/2634/2634 2690/2690/2690
f 1532/1532/1532 1650/1650/1650 1602/1602/1602
f 1638/1638/1638 1421/1421/1421 1387/1387/1387
f 1375/1375/1375 1316/1316/1316 1297/1297/1297
f 1047/1047/1047 937/937/937 1088/1088/1088
f 820/820/820 866/866/866 905/905/905
f 467/467/467 470/470/470 830/830/830
f 737/737/737 325/325/325 489/489/489
f 727/727/727 489/489/489 685/685/685
f 685/685/685 489/489/489 480/480/480
f 672/672/672 455/455/455 651/651/651
f 480/480/480 338/338/338 750/750/750
f 339/339/339 379/379/379 752/752/752
f 557/557/557 406/406/406 593/593/593
f 494/494/494 379/379/379 406/406/406
f 573/573/573 211/211/211 325/325/325
f 470/470/470 25/25/25 333/333/333
f 2200/2200/2200 2326/2326/2326 2217/2217/2217
f 2257/2257/2257 2047/2047/2047 2267/2267/2267
f 2277/2277/2277 2314/2314/2314 2253/2253/2253
f 2277/2277/2277 2295/2295/2295 2314/2314/2314
f 2576/2576/2576 2596/2596/2596 2620/2620/2620
f 2667/2667/2667 2610/2610/2610 2617/2617/2617
f 1421/1421/1421 1638/1638/1638 1668/1668/1668
f 1386/1386/1386 1448/1448/1448 1148/1148/1148
f 1376/1376/1376 1360/1360/1360 1317/1317/1317
f 1089/1089/1089 1154/1154/1154 1048/1048/1048
f 277/277/277 339/339/339 481/481/481
f 260/260/260 490/490/490 326/326/326
f 489/489/489 259/259/259 480/480/480
f 351/351/351 495/495/495 420/420/420
f 261/261/261 277/277/277 481/481/481
f 268/268/268 379/379/379 339/339/339
f 412/412/412 330/330/330 1773/1773/1773
f 25/25/25 470/470/470 1767/1767/1767
f 75/75/75 2268/2268/2268 1865/1865/1865
f 1772/1772/1772 2036/2036/2036 2087/2087/2087
f 2271/2271/2271 2200/2200/2200 2110/2110/2110
f 2169/2169/2169 2087/2087/2087 2276/2276/2276
f 2270/2270/2270 2209/2209/2209 2433/2433/2433
f 2267/2267/2267 2253/2253/2253 2313/2313/2313
f 2314/2314/2314 2265/2265/2265 2253/2253/2253
f 2295/2295/2295 2440/2440/2440 2314/2314/2314
f 2379/2379/2379 2333/2333/2333 2414/2414/2414
f 2209/2209/2209 2385/2385/2385 2433/2433/2433
f 2433/2433/2433 2385/2385/2385 2515/2515/2515
f 2596/2596/2596 2674/2674/2674 2620/2620/2620
f 2674/2674/2674 2615/2615/2615 2662/2662/2662
f 2662/2662/2662 2615/2615/2615 2634/2634/2634
f 1531/1531/1531 1473/1473/1473 1649/1649/1649
f 1371/1371/1371 1512/1512/1512 1384/1384/1384
f 1347/1347/1347 1366/1366/1366 1305/1305/1305
f 1258/1258/1258 1251/1251/1251 1247/1247/1247
f 1239/1239/1239 1258/1258/1258 1018/1018/1018
f 1018/1018/1018 918/918/918 1239/1239/1239
f 1115/1115/1115 1048/1048/1048 1088/1088/1088
f 467/467/467 830/830/830 918/918/918
f 470/470/470 333/333/333 830/830/830
f 988/988/988 391/391/391 696/696/696
f 351/351/351 455/455/455 495/495/495
f 391/391/391 67/67/67 381/381/381
f 326/326/326 205/205/205 260/260/260
f 326/326/326 213/213/213 205/205/205
f 200/200/200 205/205/205 213/213/213
f 1906/1906/1906 2136/2136/2136 2234/2234/2234
f 2110/2110/2110 2200/2200/2200 2217/2217/2217
f 2284/2284/2284 2271/2271/2271 2068/2068/2068
f 2217/2217/2217 2215/2215/2215 2174/2174/2174
f 2265/2265/2265 2313/2313/2313 2253/2253/2253
f 2169/2169/2169 2303/2303/2303 2332/2332/2332
f 2510/2510/2510 2584/2584/2584 2489/2489/2489
f 2523/2523/2523 2522/2522/2522 2574/2574/2574
f 1360/1360/1360 1729/1729/1729 1668/1668/1668
f 1395/1395/1395 1371/1371/1371 1340/1340/1340
f 1251/1251/1251 1258/1258/1258 1335/1335/1335
f 837/837/837 677/677/677 815/815/815
f 268/268/268 406/406/406 379/379/379
f 339/339/339 119/119/119 268/268/268
f 114/114/114 339/339/339 277/277/277
f 261/261/261 114/114/114 277/277/277
f 200/200/200 74/74/74 205/205/205
f 330/330/330 1778/1778/1778 1773/1773/1773
f 1777/1777/1777 2036/2036/2036 1772/1772/1772
f 1768/1768/1768 2270/2270/2270 2002/2002/2002
f 2068/2068/2068 2271/2271/2271 1931/1931/1931
f 2298/2298/2298 2284/2284/2284 2068/2068/2068
f 2313/2313/2313 2265/2265/2265 2314/2314/2314
f 1521/1521/1521 1489/1489/1489 1599/1599/1599
f 1512/1512/1512 1518/1518/1518 1384/1384/1384
f 1518/1518/1518 1375/1375/1375 1384/1384/1384
f 1395/1395/1395 1400/1400/1400 1371/1371/1371
f 1340/1340/1340 1341/1341/1341 1395/1395/1395
f 1379/1379/1379 1347/1347/1347 1279/1279/1279
f 1115/1115/1115 1100/1100/1100 1048/1048/1048
f 1100/1100/1100 1089/1089/1089 1048/1048/1048
f 906/906/906 913/913/913 915/915/915
f 913/913/913 937/937/937 915/915/915
f 827/827/827 990/990/990 697/697/697
f 587/587/587 330/330/330 412/412/412
f 406/406/406 488/488/488 593/593/593
f 114/114/114 1785/1785/1785 339/339/339
f 1785/1785/1785 119/119/119 339/339/339
f 1785/1785/1785 1840/1840/1840 119/119/119
f 1914/1914/1914 2136/2136/2136 1906/1906/1906
f 2155/2155/2155 2064/2064/2064 2005/2005/2005
f 2271/2271/2271 2110/2110/2110 1931/1931/1931
f 2288/2288/2288 2298/2298/2298 1903/1903/1903
f 2210/2210/2210 2158/2158/2158 2215/2215/2215
f 2257/2257/2257 2267/2267/2267 2127/2127/2127
f 2169/2169/2169 2276/2276/2276 2303/2303/2303
f 2523/2523/2523 2512/2512/2512 2515/2515/2515
f 2523/2523/2523 2574/2574/2574 2541/2541/2541
f 2627/2627/2627 2574/2574/2574 2522/2522/2522
f 2633/2633/2633 2667/2667/2667 2689/2689/2689
f 2617/2617/2617 2696/2696/2696 2667/2667/2667
f 2626/2626/2626 2696/2696/2696 2617/2617/2617
f 1729/1729/1729 1719/1719/1719 1668/1668/1668
f 1649/1649/1649 1473/1473/1473 1513/1513/1513
f 1334/1334/1334 1351/1351/1351 1330/1330/1330
f 1351/1351/1351 1365/1365/1365 1330/1330/1330
f 1334/1334/1334 1330/1330/1330 1250/1250/1250
f 1335/1335/1335 1258/1258/1258 1239/1239/1239
f 1154/1154/1154 1077/1077/1077 1048/1048/1048
f 651/651/651 676/676/676 897/897/897
f 356/356/356 488/488/488 406/406/406
f 487/487/487 355/355/355 420/420/420
f 355/355/355 341/341/341 420/420/420
f 341/341/341 351/351/351 420/420/420
f 205/205/205 1864/1864/1864 260/260/260
f 261/261/261 1784/1784/1784 114/114/114
f 205/205/205 74/74/74 1864/1864/1864
f 1865/1865/1865 1784/1784/1784 261/261/261
f 1847/1847/1847 119/119/119 1840/1840/1840
f 1784/1784/1784 1785/1785/1785 114/114/114
f 26/26/26 1768/1768/1768 2002/2002/2002
f 2110/2110/2110 2038/2038/2038 1917/1917/1917
f 2110/2110/2110 2217/2217/2217 2038/2038/2038
f 2268/2268/2268 2288/2288/2288 1903/1903/1903
f 2158/2158/2158 2174/2174/2174 2215/2215/2215
f 2313/2313/2313 2314/2314/2314 2318/2318/2318
f 2323/2323/2323 2318/2318/2318 2314/2314/2314
f 2323/2323/2323 2314/2314/2314 2388/2388/2388
f 2510/2510/2510 2489/2489/2489 2455/2455/2455
f 1502/1502/1502 1459/1459/1459 1599/1599/1599
f 1514/1514/1514 1474/1474/1474 1602/1602/1602
f 1488/1488/1488 1459/1459/1459 1502/1502/1502
f 1088/1088/1088 937/937/937 1076/1076/1076
f 937/937/937 938/938/938 1076/1076/1076
f 1035/1035/1035 745/745/745 587/587/587
f 406/406/406 268/268/268 87/87/87
f 341/341/341 109/109/109 351/351/351
f 330/330/330 1761/1761/1761 1778/1778/1778
f 1762/1762/1762 2037/2037/2037 1779/1779/1779
f 66/66/66 1914/1914/1914 1906/1906/1906
f 1917/1917/1917 1840/1840/1840 1785/1785/1785
f 2068/2068/2068 1931/1931/1931 1912/1912/1912
f 1931/1931/1931 2110/2110/2110 1917/1917/1917
f 1865/1865/1865 2268/2268/2268 1903/1903/1903
f 1903/1903/1903 2298/2298/2298 1912/1912/1912
f 1912/1912/1912 2298/2298/2298 2068/2068/2068
f 2158/2158/2158 2210/2210/2210 2176/2176/2176
f 2515/2515/2515 2512/2512/2512 2433/2433/2433
f 1740/1740/1740 1448/1448/1448 1727/1727/1727
f 1719/1719/1719 1421/1421/1421 1668/1668/1668
f 1512/1512/1512 1371/1371/1371 1400/1400/1400
f 1393/1393/1393 1372/1372/1372 1366/1366/1366
f 1322/1322/1322 1353/1353/1353 1335/1335/1335
f 1170/1170/1170 745/745/745 1035/1035/1035
f 811/811/811 391/391/391 988/988/988
f 87/87/87 55/55/55 406/406/406
f 356/356/356 118/118/118 342/342/342
f 118/118/118 98/98/98 342/342/342
f 98/98/98 110/110/110 342/342/342
f 268/268/268 119/119/119 87/87/87
f 330/330/330 229/229/229 1761/1761/1761
f 1847/1847/1847 87/87/87 119/119/119
f 229/229/229 25/25/25 1761/1761/1761
f 1903/1903/1903 1784/1784/1784 1865/1865/1865
f 1903/1903/1903 1912/1912/1912 1784/1784/1784
f 1784/1784/1784 1912/1912/1912 1785/1785/1785
f 1931/1931/1931 1917/1917/1917 1785/1785/1785
f 1840/1840/1840 1917/1917/1917 2038/2038/2038
f 1912/1912/1912 1931/1931/1931 1785/1785/1785
f 2007/2007/2007 2036/2036/2036 1777/1777/1777
f 2030/2030/2030 2158/2158/2158 1993/1993/1993
f 2174/2174/2174 2030/2030/2030 2038/2038/2038
f 2030/2030/2030 2174/2174/2174 2158/2158/2158
f 2157/2157/2157 2175/2175/2175 2058/2058/2058
f 2217/2217/2217 2174/2174/2174 2038/2038/2038
f 2063/2063/2063 2257/2257/2257 2127/2127/2127
f 2234/2234/2234 2136/2136/2136 2305/2305/2305
f 2412/2412/2412 2332/2332/2332 2303/2303/2303
f 2314/2314/2314 2440/2440/2440 2388/2388/2388
f 2512/2512/2512 2523/2523/2523 2541/2541/2541
f 2662/2662/2662 2690/2690/2690 2675/2675/2675
f 1727/1727/1727 1448/1448/1448 1386/1386/1386
f 1337/1337/1337 1352/1352/1352 1321/1321/1321
f 1105/1105/1105 990/990/990 827/827/827
f 918/918/918 830/830/830 954/954/954
f 792/792/792 906/906/906 866/866/866
f 455/455/455 676/676/676 651/651/651
f 351/351/351 228/228/228 455/455/455
f 406/406/406 118/118/118 356/356/356
f 303/303/303 229/229/229 330/330/330
f 1840/1840/1840 2038/2038/2038 1847/1847/1847
f 1993/1993/1993 2158/2158/2158 1872/1872/1872
f 2313/2313/2313 2318/2318/2318 2351/2351/2351
f 2584/2584/2584 2510/2510/2510 2687/2687/2687
f 1728/1728/1728 1448/1448/1448 1740/1740/1740
f 1617/1617/1617 1502/1502/1502 1599/1599/1599
f 1379/1379/1379 1369/1369/1369 1347/1347/1347
f 1108/1108/1108 1036/1036/1036 1052/1052/1052
f 913/913/913 938/938/938 937/937/937
f 820/820/820 792/792/792 866/866/866
f 229/229/229 333/333/333 25/25/25
f 55/55/55 118/118/118 406/406/406
f 118/118/118 55/55/55 98/98/98
f 2037/2037/2037 1762/1762/1762 26/26/26
f 1993/1993/1993 1872/1872/1872 1888/1888/1888
f 1779/1779/1779 2037/2037/2037 2008/2008/2008
f 2038/2038/2038 2030/2030/2030 1870/1870/1870
f 1870/1870/1870 1993/1993/1993 1888/1888/1888
f 1870/1870/1870 2030/2030/2030 1993/1993/1993
f 2158/2158/2158 2059/2059/2059 1872/1872/1872
f 2036/2036/2036 2179/2179/2179 2087/2087/2087
f 2409/2409/2409 2234/2234/2234 2305/2305/2305
f 2433/2433/2433 2448/2448/2448 2270/2270/2270
f 2433/2433/2433 2512/2512/2512 2448/2448/2448
f 2584/2584/2584 2687/2687/2687 2626/2626/2626
f 2668/2668/2668 2697/2697/2697 2679/2679/2679
f 1351/1351/1351 1505/1505/1505 1365/1365/1365
f 1393/1393/1393 1383/1383/1383 1372/1372/1372
f 1372/1372/1372 1383/1383/1383 1341/1341/1341
f 1366/1366/1366 1347/1347/1347 1369/1369/1369
f 1369/1369/1369 1393/1393/1393 1366/1366/1366
f 1052/1052/1052 1077/1077/1077 1241/1241/1241
f 1239/1239/1239 918/918/918 1180/1180/1180
f 1170/1170/1170 819/819/819 745/745/745
f 455/455/455 498/498/498 676/676/676
f 228/228/228 498/498/498 455/455/455
f 351/351/351 109/109/109 228/228/228
f 1847/1847/1847 55/55/55 87/87/87
f 55/55/55 1815/1815/1815 98/98/98
f 98/98/98 1815/1815/1815 110/110/110
f 1888/1888/1888 1872/1872/1872 1815/1815/1815
f 1815/1815/1815 1870/1870/1870 1888/1888/1888
f 2058/2058/2058 2175/2175/2175 2005/2005/2005
f 2313/2313/2313 2351/2351/2351 2267/2267/2267
f 2414/2414/2414 2333/2333/2333 2419/2419/2419
f 2627/2627/2627 2621/2621/2621 2606/2606/2606
f 1734/1734/1734 1729/1729/1729 1360/1360/1360
f 1489/1489/1489 1503/1503/1503 1545/1545/1545
f 1352/1352/1352 1337/1337/1337 1506/1506/1506
f 1395/1395/1395 1341/1341/1341 1383/1383/1383
f 1408/1408/1408 1209/1209/1209 1105/1105/1105
f 1154/1154/1154 1241/1241/1241 1077/1077/1077
f 587/587/587 745/745/745 595/595/595
f 27/27/27 228/228/228 109/109/109
f 55/55/55 1812/1812/1812 1815/1815/1815
f 1814/1814/1814 27/27/27 109/109/109
f 1871/1871/1871 27/27/27 1814/1814/1814
f 1812/1812/1812 1870/1870/1870 1815/1815/1815
f 2038/2038/2038 1870/1870/1870 1847/1847/1847
f 2175/2175/2175 2155/2155/2155 2005/2005/2005
f 2121/2121/2121 2179/2179/2179 2007/2007/2007
f 2007/2007/2007 2179/2179/2179 2036/2036/2036
f 2455/2455/2455 2540/2540/2540 2510/2510/2510
f 2574/2574/2574 2627/2627/2627 2606/2606/2606
f 1734/1734/1734 1360/1360/1360 1417/1417/1417
f 1728/1728/1728 1743/1743/1743 1448/1448/1448
f 1449/1449/1449 1690/1690/1690 1408/1408/1408
f 1690/1690/1690 1695/1695/1695 1408/1408/1408
f 1444/1444/1444 1330/1330/1330 1365/1365/1365
f 1444/1444/1444 1379/1379/1379 1330/1330/1330
f 1403/1403/1403 1432/1432/1432 1239/1239/1239
f 1239/1239/1239 1180/1180/1180 1403/1403/1403
f 1209/1209/1209 990/990/990 1105/1105/1105
f 595/595/595 330/330/330 587/587/587
f 333/333/333 229/229/229 554/554/554
f 228/228/228 132/132/132 498/498/498
f 1847/1847/1847 1812/1812/1812 55/55/55
f 1847/1847/1847 1870/1870/1870 1812/1812/1812
f 1871/1871/1871 2057/2057/2057 2004/2004/2004
f 2179/2179/2179 2276/2276/2276 2087/2087/2087
f 2620/2620/2620 2674/2674/2674 2655/2655/2655
f 2655/2655/2655 2674/2674/2674 2662/2662/2662
f 2675/2675/2675 2668/2668/2668 2657/2657/2657
f 2668/2668/2668 2675/2675/2675 2690/2690/2690
f 2678/2678/2678 2626/2626/2626 2646/2646/2646
f 1599/1599/1599 1489/1489/1489 1545/1545/1545
f 1389/1389/1389 1322/1322/1322 1335/1335/1335
f 498/498/498 353/353/353 676/676/676
f 303/303/303 330/330/330 553/553/553
f 1871/1871/1871 132/132/132 27/27/27
f 1871/1871/1871 2004/2004/2004 132/132/132
f 2136/2136/2136 1914/1914/1914 2305/2305/2305
f 2512/2512/2512 2541/2541/2541 2448/2448/2448
f 2647/2647/2647 2687/2687/2687 2510/2510/2510
f 2620/2620/2620 2655/2655/2655 2616/2616/2616
f 2626/2626/2626 2678/2678/2678 2696/2696/2696
f 1734/1734/1734 1719/1719/1719 1729/1729/1729
f 1690/1690/1690 1449/1449/1449 1744/1744/1744
f 1545/1545/1545 1617/1617/1617 1599/1599/1599
f 1115/1115/1115 1134/1134/1134 1100/1100/1100
f 1134/1134/1134 1089/1089/1089 1100/1100/1100
f 1130/1130/1130 1115/1115/1115 1088/1088/1088
f 1107/1107/1107 1170/1170/1170 1035/1035/1035
f 830/830/830 333/333/333 636/636/636
f 516/516/516 392/392/392 813/813/813
f 554/554/554 229/229/229 303/303/303
f 68/68/68 392/392/392 203/203/203
f 26/26/26 2002/2002/2002 2037/2037/2037
f 2305/2305/2305 2389/2389/2389 2409/2409/2409
f 2541/2541/2541 2606/2606/2606 2573/2573/2573
f 2541/2541/2541 2574/2574/2574 2606/2606/2606
f 2626/2626/2626 2687/2687/2687 2646/2646/2646
f 2662/2662/2662 2675/2675/2675 2650/2650/2650
f 2668/2668/2668 2679/2679/2679 2657/2657/2657
f 1420/1420/1420 1727/1727/1727 1386/1386/1386
f 1621/1621/1621 1421/1421/1421 1719/1719/1719
f 1376/1376/1376 1417/1417/1417 1360/1360/1360
f 1432/1432/1432 1335/1335/1335 1239/1239/1239
f 954/954/954 830/830/830 636/636/636
f 595/595/595 553/553/553 330/330/330
f 554/554/554 636/636/636 333/333/333
f 1851/1851/1851 1914/1914/1914 66/66/66
f 2003/2003/2003 2063/2063/2063 1988/1988/1988
f 2008/2008/2008 2037/2037/2037 2122/2122/2122
f 2303/2303/2303 2276/2276/2276 2334/2334/2334
f 2412/2412/2412 2303/2303/2303 2438/2438/2438
f 2410/2410/2410 2390/2390/2390 2454/2454/2454
f 2541/2541/2541 2563/2563/2563 2448/2448/2448
f 2563/2563/2563 2541/2541/2541 2573/2573/2573
f 2540/2540/2540 2647/2647/2647 2510/2510/2510
f 2620/2620/2620 2616/2616/2616 2605/2605/2605
f 1444/1444/1444 1477/1477/1477 1379/1379/1379
f 1432/1432/1432 1389/1389/1389 1335/1335/1335
f 1422/1422/1422 1337/1337/1337 1321/1321/1321
f 1395/1395/1395 1383/1383/1383 1344/1344/1344
f 1089/1089/1089 1136/1136/1136 1154/1154/1154
f 906/906/906 792/792/792 892/892/892
f 896/896/896 913/913/913 906/906/906
f 712/712/712 792/792/792 820/820/820
f 498/498/498 132/132/132 154/154/154
f 27/27/27 132/132/132 228/228/228
f 2127/2127/2127 2267/2267/2267 2248/2248/2248
f 2351/2351/2351 2318/2318/2318 2323/2323/2323
f 2333/2333/2333 2391/2391/2391 2386/2386/2386
f 2414/2414/2414 2419/2419/2419 2432/2432/2432
f 1753/1753/1753 1740/1740/1740 1727/1727/1727
f 1734/1734/1734 1674/1674/1674 1719/1719/1719
f 1674/1674/1674 1621/1621/1621 1719/1719/1719
f 1650/1650/1650 1628/1628/1628 1602/1602/1602
f 1747/1747/1747 1421/1421/1421 1621/1621/1621
f 1602/1602/1602 1588/1588/1588 1514/1514/1514
f 1652/1652/1652 1444/1444/1444 1365/1365/1365
f 1506/1506/1506 1337/1337/1337 1422/1422/1422
f 1388/1388/1388 1422/1422/1422 1321/1321/1321
f 1134/1134/1134 1136/1136/1136 1089/1089/1089
f 918/918/918 954/954/954 1180/1180/1180
f 892/892/892 896/896/896 906/906/906
f 677/677/677 712/712/712 815/815/815
f 352/352/352 712/712/712 677/677/677
f 553/553/553 554/554/554 303/303/303
f 499/499/499 153/153/153 352/352/352
f 2391/2391/2391 2435/2435/2435 2386/2386/2386
f 2434/2434/2434 2392/2392/2392 2412/2412/2412
f 2390/2390/2390 2508/2508/2508 2454/2454/2454
f 2496/2496/2496 2448/2448/2448 2563/2563/2563
f 1602/1602/1602 1628/1628/1628 1588/1588/1588
f 1422/1422/1422 1388/1388/1388 1409/1409/1409
f 1393/1393/1393 1344/1344/1344 1383/1383/1383
f 132/132/132 2004/2004/2004 30/30/30
f 2063/2063/2063 1978/1978/1978 1988/1988/1988
f 1978/1978/1978 2063/2063/2063 2127/2127/2127
f 2267/2267/2267 2301/2301/2301 2248/2248/2248
f 2261/2261/2261 2334/2334/2334 2276/2276/2276
f 2432/2432/2432 2442/2442/2442 2414/2414/2414
f 2440/2440/2440 2414/2414/2414 2442/2442/2442
f 2540/2540/2540 2455/2455/2455 2592/2592/2592
f 2655/2655/2655 2662/2662/2662 2650/2650/2650
f 1753/1753/1753 1728/1728/1728 1740/1740/1740
f 1727/1727/1727 1420/1420/1420 1753/1753/1753
f 1417/1417/1417 1674/1674/1674 1734/1734/1734
f 1505/1505/1505 1652/1652/1652 1365/1365/1365
f 1572/1572/1572 1502/1502/1502 1617/1617/1617
f 1587/1587/1587 1518/1518/1518 1512/1512/1512
f 1545/1545/1545 1503/1503/1503 1539/1539/1539
f 1587/1587/1587 1375/1375/1375 1518/1518/1518
f 1536/1536/1536 1369/1369/1369 1379/1379/1379
f 1512/1512/1512 1400/1400/1400 1594/1594/1594
f 1403/1403/1403 1550/1550/1550 1432/1432/1432
f 1344/1344/1344 1393/1393/1393 1369/1369/1369
f 1403/1403/1403 1180/1180/1180 1207/1207/1207
f 203/203/203 392/392/392 516/516/516
f 132/132/132 30/30/30 154/154/154
f 66/66/66 202/202/202 1851/1851/1851
f 28/28/28 2003/2003/2003 1988/1988/1988
f 1914/1914/1914 1851/1851/1851 2305/2305/2305
f 2179/2179/2179 2261/2261/2261 2276/2276/2276
f 1728/1728/1728 1676/1676/1676 1743/1743/1743
f 1674/1674/1674 1747/1747/1747 1621/1621/1621
f 1503/1503/1503 1571/1571/1571 1539/1539/1539
f 1444/1444/1444 1613/1613/1613 1477/1477/1477
f 1587/1587/1587 1415/1415/1415 1375/1375/1375
f 1477/1477/1477 1536/1536/1536 1379/1379/1379
f 1088/1088/1088 1076/1076/1076 1130/1130/1130
f 1208/1208/1208 1020/1020/1020 989/989/989
f 813/813/813 623/623/623 516/516/516
f 815/815/815 712/712/712 820/820/820
f 819/819/819 595/595/595 745/745/745
f 28/28/28 1988/1988/1988 1978/1978/1978
f 2121/2121/2121 2261/2261/2261 2179/2179/2179
f 2301/2301/2301 2267/2267/2267 2351/2351/2351
f 2434/2434/2434 2412/2412/2412 2438/2438/2438
f 2454/2454/2454 2508/2508/2508 2591/2591/2591
f 1584/1584/1584 1649/1649/1649 1513/1513/1513
f 1545/1545/1545 1637/1637/1637 1617/1617/1617
f 1732/1732/1732 1477/1477/1477 1613/1613/1613
f 1344/1344/1344 1400/1400/1400 1395/1395/1395
f 956/956/956 938/938/938 913/913/913
f 989/989/989 1020/1020/1020 812/812/812
f 859/859/859 892/892/892 792/792/792
f 553/553/553 594/594/594 554/554/554
f 2371/2371/2371 2438/2438/2438 2303/2303/2303
f 2540/2540/2540 2592/2592/2592 2535/2535/2535
f 2651/2651/2651 2678/2678/2678 2646/2646/2646
f 2657/2657/2657 2684/2684/2684 2675/2675/2675
f 2687/2687/2687 2635/2635/2635 2646/2646/2646
f 1545/1545/1545 1539/1539/1539 1637/1637/1637
f 1583/1583/1583 1512/1512/1512 1629/1629/1629
f 1512/1512/1512 1594/1594/1594 1629/1629/1629
f 1405/1405/1405 1409/1409/1409 1388/1388/1388
f 1369/1369/1369 1510/1510/1510 1344/1344/1344
f 1406/1406/1406 1389/1389/1389 1432/1432/1432
f 1130/1130/1130 1159/1159/1159 1115/1115/1115
f 1115/1115/1115 1159/1159/1159 1134/1134/1134
f 819/819/819 754/754/754 595/595/595
f 754/754/754 553/553/553 595/595/595
f 352/352/352 521/521/521 712/712/712
f 2127/2127/2127 2248/2248/2248 1978/1978/1978
f 2122/2122/2122 2037/2037/2037 2207/2207/2207
f 2388/2388/2388 2440/2440/2440 2463/2463/2463
f 1747/1747/1747 1631/1631/1631 1421/1421/1421
f 1617/1617/1617 1648/1648/1648 1572/1572/1572
f 1573/1573/1573 1649/1649/1649 1584/1584/1584
f 1652/1652/1652 1613/1613/1613 1444/1444/1444
f 1732/1732/1732 1536/1536/1536 1477/1477/1477
f 1583/1583/1583 1629/1629/1629 1594/1594/1594
f 1526/1526/1526 1675/1675/1675 1416/1416/1416
f 1536/1536/1536 1510/1510/1510 1369/1369/1369
f 1550/1550/1550 1406/1406/1406 1432/1432/1432
f 1344/1344/1344 1594/1594/1594 1400/1400/1400
f 1207/1207/1207 1463/1463/1463 1403/1403/1403
f 1019/1019/1019 623/623/623 813/813/813
f 788/788/788 636/636/636 554/554/554
f 28/28/28 1978/1978/1978 174/174/174
f 2303/2303/2303 2334/2334/2334 2371/2371/2371
f 2490/2490/2490 2508/2508/2508 2390/2390/2390
f 2432/2432/2432 2419/2419/2419 2446/2446/2446
f 2572/2572/2572 2605/2605/2605 2595/2595/2595
f 2650/2650/2650 2675/2675/2675 2683/2683/2683
f 2684/2684/2684 2657/2657/2657 2679/2679/2679
f 2683/2683/2683 2675/2675/2675 2698/2698/2698
f 1675/1675/1675 1526/1526/1526 1735/1735/1735
f 1733/1733/1733 1580/1580/1580 1537/1537/1537
f 1582/1582/1582 1593/1593/1593 1586/1586/1586
f 1538/1538/1538 1569/1569/1569 1511/1511/1511
f 1620/1620/1620 1526/1526/1526 1416/1416/1416
f 1076/1076/1076 938/938/938 986/986/986
f 792/792/792 831/831/831 859/859/859
f 712/712/712 831/831/831 792/792/792
f 704/704/704 831/831/831 712/712/712
f 954/954/954 636/636/636 788/788/788
f 712/712/712 521/521/521 704/704/704
f 202/202/202 1889/1889/1889 1851/1851/1851
f 2090/2090/2090 2207/2207/2207 2037/2037/2037
f 2647/2647/2647 2635/2635/2635 2687/2687/2687
f 1420/1420/1420 1630/1630/1630 1753/1753/1753
f 1704/1704/1704 1652/1652/1652 1505/1505/1505
f 1585/1585/1585 1627/1627/1627 1578/1578/1578
f 1539/1539/1539 1571/1571/1571 1637/1637/1637
f 1625/1625/1625 1422/1422/1422 1409/1409/1409
f 1570/1570/1570 1581/1581/1581 1578/1578/1578
f 1581/1581/1581 1585/1585/1585 1578/1578/1578
f 1587/1587/1587 1619/1619/1619 1415/1415/1415
f 1463/1463/1463 1550/1550/1550 1403/1403/1403
f 1207/1207/1207 1180/1180/1180 1219/1219/1219
f 1159/1159/1159 1136/1136/1136 1134/1134/1134
f 896/896/896 956/956/956 913/913/913
f 175/175/175 153/153/153 29/29/29
f 2002/2002/2002 2270/2270/2270 2090/2090/2090
f 2204/2204/2204 2261/2261/2261 2121/2121/2121
f 2323/2323/2323 2388/2388/2388 2359/2359/2359
f 2367/2367/2367 2448/2448/2448 2496/2496/2496
f 2496/2496/2496 2563/2563/2563 2537/2537/2537
f 2534/2534/2534 2591/2591/2591 2508/2508/2508
f 2533/2533/2533 2647/2647/2647 2540/2540/2540
f 2686/2686/2686 2655/2655/2655 2650/2650/2650
f 1728/1728/1728 1753/1753/1753 1676/1676/1676
f 1637/1637/1637 1648/1648/1648 1617/1617/1617
f 1647/1647/1647 1578/1578/1578 1627/1627/1627
f 1536/1536/1536 1579/1579/1579 1510/1510/1510
f 1506/1506/1506 1625/1625/1625 1705/1705/1705
f 1506/1506/1506 1422/1422/1422 1625/1625/1625
f 1542/1542/1542 1405/1405/1405 1549/1549/1549
f 1510/1510/1510 1579/1579/1579 1344/1344/1344
f 1579/1579/1579 1594/1594/1594 1344/1344/1344
f 1180/1180/1180 954/954/954 1219/1219/1219
f 896/896/896 914/914/914 956/956/956
f 754/754/754 594/594/594 553/553/553
f 516/516/516 271/271/271 203/203/203
f 352/352/352 175/175/175 521/521/521
f 271/271/271 1923/1923/1923 203/203/203
f 1978/1978/1978 2248/2248/2248 1983/1983/1983
f 1889/1889/1889 2305/2305/2305 1851/1851/1851
f 2540/2540/2540 2535/2535/2535 2533/2533/2533
f 2651/2651/2651 2646/2646/2646 2635/2635/2635
f 1733/1733/1733 1746/1746/1746 1580/1580/1580
f 1735/1735/1735 1752/1752/1752 1675/1675/1675
f 1676/1676/1676 1753/1753/1753 1693/1693/1693
f 1542/1542/1542 1625/1625/1625 1409/1409/1409
f 1549/1549/1549 1611/1611/1611 1542/1542/1542
f 1405/1405/1405 1542/1542/1542 1409/1409/1409
f 956/956/956 986/986/986 938/938/938
f 1978/1978/1978 1758/1758/1758 174/174/174
f 2448/2448/2448 2367/2367/2367 2270/2270/2270
f 2563/2563/2563 2573/2573/2573 2580/2580/2580
f 2595/2595/2595 2605/2605/2605 2671/2671/2671
f 1689/1689/1689 1690/1690/1690 1744/1744/1744
f 1637/1637/1637 1657/1657/1657 1648/1648/1648
f 1571/1571/1571 1580/1580/1580 1637/1637/1637
f 1241/1241/1241 1108/1108/1108 1052/1052/1052
f 1172/1172/1172 1241/1241/1241 1154/1154/1154
f 925/925/925 950/950/950 914/914/914
f 925/925/925 914/914/914 892/892/892
f 892/892/892 914/914/914 896/896/896
f 521/521/521 175/175/175 704/704/704
f 2389/2389/2389 2305/2305/2305 2197/2197/2197
f 2359/2359/2359 2351/2351/2351 2323/2323/2323
f 2367/2367/2367 2496/2496/2496 2497/2497/2497
f 2671/2671/2671 2605/2605/2605 2616/2616/2616
f 2698/2698/2698 2675/2675/2675 2684/2684/2684
f 1748/1748/1748 1675/1675/1675 1752/1752/1752
f 1745/1745/1745 1732/1732/1732 1613/1613/1613
f 1637/1637/1637 1580/1580/1580 1657/1657/1657
f 1647/1647/1647 1593/1593/1593 1578/1578/1578
f 1207/1207/1207 1243/1243/1243 1463/1463/1463
f 1174/1174/1174 1136/1136/1136 1159/1159/1159
f 950/950/950 976/976/976 956/956/956
f 976/976/976 986/986/986 956/956/956
f 950/950/950 956/956/956 914/914/914
f 594/594/594 724/724/724 554/554/554
f 153/153/153 175/175/175 352/352/352
f 2197/2197/2197 2305/2305/2305 1889/1889/1889
f 2432/2432/2432 2450/2450/2450 2442/2442/2442
f 2572/2572/2572 2595/2595/2595 2578/2578/2578
f 1749/1749/1749 1631/1631/1631 1747/1747/1747
f 1746/1746/1746 1657/1657/1657 1580/1580/1580
f 1742/1742/1742 1669/1669/1669 1676/1676/1676
f 1630/1630/1630 1693/1693/1693 1753/1753/1753
f 1689/1689/1689 1695/1695/1695 1690/1690/1690
f 1198/1198/1198 1408/1408/1408 1695/1695/1695
f 1198/1198/1198 1209/1209/1209 1408/1408/1408
f 1243/1243/1243 1207/1207/1207 1219/1219/1219
f 961/961/961 976/976/976 950/950/950
f 925/925/925 916/916/916 950/950/950
f 882/882/882 925/925/925 892/892/892
f 882/882/882 892/892/892 859/859/859
f 724/724/724 788/788/788 554/554/554
f 2037/2037/2037 2002/2002/2002 2090/2090/2090
f 2261/2261/2261 2383/2383/2383 2334/2334/2334
f 2196/2196/2196 2490/2490/2490 2390/2390/2390
f 2442/2442/2442 2450/2450/2450 2463/2463/2463
f 2440/2440/2440 2442/2442/2442 2463/2463/2463
f 2563/2563/2563 2580/2580/2580 2537/2537/2537
f 2648/2648/2648 2616/2616/2616 2655/2655/2655
f 1669/1669/1669 1743/1743/1743 1676/1676/1676
f 1693/1693/1693 1742/1742/1742 1676/1676/1676
f 1665/1665/1665 1613/1613/1613 1652/1652/1652
f 1593/1593/1593 1618/1618/1618 1586/1586/1586
f 1598/1598/1598 1526/1526/1526 1620/1620/1620
f 1463/1463/1463 1243/1243/1243 1452/1452/1452
f 1174/1174/1174 1172/1172/1172 1136/1136/1136
f 961/961/961 986/986/986 976/976/976
f 916/916/916 961/961/961 950/950/950
f 916/916/916 925/925/925 882/882/882
f 882/882/882 859/859/859 831/831/831
f 1758/1758/1758 1978/1978/1978 1983/1983/1983
f 2090/2090/2090 2270/2270/2270 2367/2367/2367
f 2508/2508/2508 2490/2490/2490 2534/2534/2534
f 2496/2496/2496 2537/2537/2537 2497/2497/2497
f 2655/2655/2655 2686/2686/2686 2648/2648/2648
f 2651/2651/2651 2693/2693/2693 2678/2678/2678
f 1241/1241/1241 1171/1171/1171 1108/1108/1108
f 1130/1130/1130 1076/1076/1076 1162/1162/1162
f 1170/1170/1170 889/889/889 819/819/819
f 961/961/961 962/962/962 986/986/986
f 882/882/882 831/831/831 862/862/862
f 2351/2351/2351 2359/2359/2359 2361/2361/2361
f 2371/2371/2371 2334/2334/2334 2383/2383/2383
f 2419/2419/2419 2333/2333/2333 2386/2386/2386
f 2419/2419/2419 2386/2386/2386 2446/2446/2446
f 2450/2450/2450 2432/2432/2432 2446/2446/2446
f 2635/2635/2635 2647/2647/2647 2533/2533/2533
f 2640/2640/2640 2651/2651/2651 2635/2635/2635
f 2679/2679/2679 2694/2694/2694 2684/2684/2684
f 1738/1738/1738 1750/1750/1750 1748/1748/1748
f 1704/1704/1704 1665/1665/1665 1652/1652/1652
f 1688/1688/1688 1600/1600/1600 1694/1694/1694
f 1655/1655/1655 1659/1659/1659 1647/1647/1647
f 1659/1659/1659 1593/1593/1593 1647/1647/1647
f 1130/1130/1130 1174/1174/1174 1159/1159/1159
f 1136/1136/1136 1172/1172/1172 1154/1154/1154
f 1219/1219/1219 954/954/954 788/788/788
f 983/983/983 986/986/986 962/962/962
f 926/926/926 962/962/962 961/961/961
f 916/916/916 926/926/926 961/961/961
f 882/882/882 901/901/901 916/916/916
f 889/889/889 754/754/754 819/819/819
f 175/175/175 1759/1759/1759 178/178/178
f 1922/1922/1922 1889/1889/1889 202/202/202
f 2301/2301/2301 2351/2351/2351 2361/2361/2361
f 2388/2388/2388 2463/2463/2463 2359/2359/2359
f 2595/2595/2595 2671/2671/2671 2578/2578/2578
f 1749/1749/1749 1687/1687/1687 1631/1631/1631
f 1665/1665/1665 1745/1745/1745 1613/1613/1613
f 1693/1693/1693 1630/1630/1630 1724/1724/1724
f 1700/1700/1700 1665/1665/1665 1704/1704/1704
f 1463/1463/1463 1612/1612/1612 1550/1550/1550
f 1611/1611/1611 1551/1551/1551 1542/1542/1542
f 1162/1162/1162 1174/1174/1174 1130/1130/1130
f 904/904/904 882/882/882 862/862/862
f 901/901/901 926/926/926 916/916/916
f 754/754/754 661/661/661 594/594/594
f 661/661/661 724/724/724 594/594/594
f 704/704/704 175/175/175 178/178/178
f 2197/2197/2197 1889/1889/1889 2171/2171/2171
f 2671/2671/2671 2616/2616/2616 2648/2648/2648
f 2650/2650/2650 2683/2683/2683 2686/2686/2686
f 1738/1738/1738 1748/1748/1748 1752/1752/1752
f 1742/1742/1742 1693/1693/1693 1724/1724/1724
f 1020/1020/1020 1208/1208/1208 1197/1197/1197
f 1076/1076/1076 986/986/986 983/983/983
f 836/836/836 753/753/753 888/888/888
f 516/516/516 623/623/623 271/271/271
f 2693/2693/2693 2651/2651/2651 2640/2640/2640
f 1724/1724/1724 1630/1630/1630 1685/1685/1685
f 1671/1671/1671 1689/1689/1689 1744/1744/1744
f 1542/1542/1542 1551/1551/1551 1625/1625/1625
f 1543/1543/1543 1611/1611/1611 1462/1462/1462
f 1600/1600/1600 1197/1197/1197 1694/1694/1694
f 1162/1162/1162 1076/1076/1076 1064/1064/1064
f 1064/1064/1064 1076/1076/1076 983/983/983
f 2206/2206/2206 2089/2089/2089 2039/2039/2039
f 2671/2671/2671 2648/2648/2648 2618/2618/2618
f 2686/2686/2686 2683/2683/2683 2661/2661/2661
f 2661/2661/2661 2683/2683/2683 2698/2698/2698
f 1739/1739/1739 1752/1752/1752 1735/1735/1735
f 1746/1746/1746 1699/1699/1699 1657/1657/1657
f 1705/1705/1705 1625/1625/1625 1701/1701/1701
f 1659/1659/1659 1589/1589/1589 1593/1593/1593
f 1551/1551/1551 1615/1615/1615 1625/1625/1625
f 1696/1696/1696 1567/1567/1567 1656/1656/1656
f 1453/1453/1453 1544/1544/1544 1464/1464/1464
f 1160/1160/1160 1165/1165/1165 1172/1172/1172
f 904/904/904 901/901/901 882/882/882
f 2360/2360/2360 2464/2464/2464 2393/2393/2393
f 2431/2431/2431 2447/2447/2447 2387/2387/2387
f 2436/2436/2436 2439/2439/2439 2422/2422/2422
f 2537/2537/2537 2580/2580/2580 2559/2559/2559
f 2558/2558/2558 2579/2579/2579 2586/2586/2586
f 2578/2578/2578 2671/2671/2671 2585/2585/2585
f 2649/2649/2649 2654/2654/2654 2619/2619/2619
f 1735/1735/1735 1526/1526/1526 1739/1739/1739
f 1589/1589/1589 1618/1618/1618 1593/1593/1593
f 1543/1543/1543 1551/1551/1551 1611/1611/1611
f 1162/1162/1162 1153/1153/1153 1174/1174/1174
f 1153/1153/1153 1160/1160/1160 1174/1174/1174
f 1160/1160/1160 1172/1172/1172 1174/1174/1174
f 941/941/941 978/978/978 962/962/962
f 978/978/978 983/983/983 962/962/962
f 941/941/941 962/962/962 926/926/926
f 941/941/941 926/926/926 901/901/901
f 723/723/723 631/631/631 787/787/787
f 2387/2387/2387 2437/2437/2437 2395/2395/2395
f 2648/2648/2648 2686/2686/2686 2653/2653/2653
f 1730/1730/1730 1745/1745/1745 1665/1665/1665
f 1742/1742/1742 1726/1726/1726 1669/1669/1669
f 1526/1526/1526 1598/1598/1598 1739/1739/1739
f 1700/1700/1700 1639/1639/1639 1665/1665/1665
f 1701/1701/1701 1625/1625/1625 1615/1615/1615
f 982/982/982 983/983/983 978/978/978
f 904/904/904 862/862/862 885/885/885
f 911/911/911 836/836/836 888/888/888
f 862/862/862 831/831/831 885/885/885
f 787/787/787 631/631/631 981/981/981
f 714/714/714 831/831/831 704/704/704
f 608/608/608 659/659/659 753/753/753
f 2249/2249/2249 1977/1977/1977 1984/1984/1984
f 2464/2464/2464 2451/2451/2451 2431/2431/2431
f 2497/2497/2497 2537/2537/2537 2493/2493/2493
f 2492/2492/2492 2536/2536/2536 2557/2557/2557
f 2635/2635/2635 2533/2533/2533 2642/2642/2642
f 2671/2671/2671 2607/2607/2607 2585/2585/2585
f 2685/2685/2685 2660/2660/2660 2652/2652/2652
f 1739/1739/1739 1738/1738/1738 1752/1752/1752
f 1661/1661/1661 1656/1656/1656 1567/1567/1567
f 1660/1660/1660 1603/1603/1603 1590/1590/1590
f 1589/1589/1589 1554/1554/1554 1618/1618/1618
f 1554/1554/1554 1574/1574/1574 1618/1618/1618
f 1113/1113/1113 1171/1171/1171 1241/1241/1241
f 911/911/911 888/888/888 1169/1169/1169
f 982/982/982 975/975/975 983/983/983
f 943/943/943 982/982/982 941/941/941
f 982/982/982 978/978/978 941/941/941
f 904/904/904 943/943/943 901/901/901
f 901/901/901 943/943/943 941/941/941
f 704/704/704 178/178/178 714/714/714
f 179/179/179 1760/1760/1760 1757/1757/1757
f 1760/1760/1760 1984/1984/1984 1977/1977/1977
f 2196/2196/2196 2511/2511/2511 2490/2490/2490
f 2372/2372/2372 2384/2384/2384 2322/2322/2322
f 2447/2447/2447 2431/2431/2431 2451/2451/2451
f 2490/2490/2490 2516/2516/2516 2534/2534/2534
f 1745/1745/1745 1730/1730/1730 1697/1697/1697
f 1702/1702/1702 1616/1616/1616 1559/1559/1559
f 1640/1640/1640 1553/1553/1553 1666/1666/1666
f 1438/1438/1438 1567/1567/1567 1696/1696/1696
f 1567/1567/1567 1590/1590/1590 1603/1603/1603
f 1574/1574/1574 1596/1596/1596 1618/1618/1618
f 1453/1453/1453 1402/1402/1402 1544/1544/1544
f 1567/1567/1567 1363/1363/1363 1590/1590/1590
f 1242/1242/1242 1202/1202/1202 1451/1451/1451
f 1242/1242/1242 1218/1218/1218 1202/1202/1202
f 1165/1165/1165 1241/1241/1241 1172/1172/1172
f 1165/1165/1165 1160/1160/1160 1138/1138/1138
f 943/943/943 946/946/946 982/982/982
f 946/946/946 975/975/975 982/982/982
f 887/887/887 943/943/943 904/904/904
f 943/943/943 887/887/887 946/946/946
f 885/885/885 887/887/887 904/904/904
f 1923/1923/1923 271/271/271 293/293/293
f 1760/1760/1760 1977/1977/1977 1757/1757/1757
f 2362/2362/2362 2360/2360/2360 2327/2327/2327
f 2431/2431/2431 2387/2387/2387 2338/2338/2338
f 2516/2516/2516 2588/2588/2588 2534/2534/2534
f 2558/2558/2558 2586/2586/2586 2566/2566/2566
f 1666/1666/1666 1553/1553/1553 1731/1731/1731
f 1739/1739/1739 1598/1598/1598 1525/1525/1525
f 1670/1670/1670 1328/1328/1328 1688/1688/1688
f 714/714/714 885/885/885 831/831/831
f 1012/1012/1012 622/622/622 1020/1020/1020
f 836/836/836 608/608/608 753/753/753
f 359/359/359 713/713/713 177/177/177
f 1922/1922/1922 2171/2171/2171 1889/1889/1889
f 2170/2170/2170 2511/2511/2511 2196/2196/2196
f 2322/2322/2322 2384/2384/2384 2262/2262/2262
f 2394/2394/2394 2436/2436/2436 2422/2422/2422
f 2539/2539/2539 2533/2533/2533 2535/2535/2535
f 2535/2535/2535 2590/2590/2590 2539/2539/2539
f 2672/2672/2672 2619/2619/2619 2609/2609/2609
f 1663/1663/1663 1645/1645/1645 1604/1604/1604
f 1636/1636/1636 1664/1664/1664 1566/1566/1566
f 1661/1661/1661 1567/1567/1567 1565/1565/1565
f 1425/1425/1425 1616/1616/1616 1552/1552/1552
f 1407/1407/1407 1425/1425/1425 1552/1552/1552
f 1153/1153/1153 1138/1138/1138 1160/1160/1160
f 1218/1218/1218 787/787/787 981/981/981
f 608/608/608 541/541/541 659/659/659
f 2039/2039/2039 2120/2120/2120 2206/2206/2206
f 2119/2119/2119 2262/2262/2262 2205/2205/2205
f 2367/2367/2367 2497/2497/2497 2493/2493/2493
f 1738/1738/1738 1686/1686/1686 1750/1750/1750
f 1731/1731/1731 1493/1493/1493 1698/1698/1698
f 1645/1645/1645 1556/1556/1556 1604/1604/1604
f 1328/1328/1328 1600/1600/1600 1688/1688/1688
f 1493/1493/1493 1439/1439/1439 1698/1698/1698
f 1565/1565/1565 1567/1567/1567 1603/1603/1603
f 1544/1544/1544 1407/1407/1407 1552/1552/1552
f 1439/1439/1439 1364/1364/1364 1568/1568/1568
f 723/723/723 545/545/545 631/631/631
f 545/545/545 723/723/723 660/660/660
f 179/179/179 1757/1757/1757 1861/1861/1861
f 2088/2088/2088 2366/2366/2366 2000/2000/2000
f 2300/2300/2300 2322/2322/2322 2262/2262/2262
f 2365/2365/2365 2285/2285/2285 1999/1999/1999
f 2372/2372/2372 2322/2322/2322 2439/2439/2439
f 2533/2533/2533 2539/2539/2539 2642/2642/2642
f 2693/2693/2693 2640/2640/2640 2644/2644/2644
f 1525/1525/1525 1738/1738/1738 1739/1739/1739
f 1525/1525/1525 1686/1686/1686 1738/1738/1738
f 1467/1467/1467 1493/1493/1493 1731/1731/1731
f 1642/1642/1642 1662/1662/1662 1634/1634/1634
f 1636/1636/1636 1566/1566/1566 1535/1535/1535
f 1726/1726/1726 1327/1327/1327 1669/1669/1669
f 1616/1616/1616 1424/1424/1424 1559/1559/1559
f 1646/1646/1646 1575/1575/1575 1557/1557/1557
f 1425/1425/1425 1424/1424/1424 1616/1616/1616
f 1555/1555/1555 1591/1591/1591 1399/1399/1399
f 1394/1394/1394 1425/1425/1425 1407/1407/1407
f 1349/1349/1349 1364/1364/1364 1439/1439/1439
f 1364/1364/1364 1399/1399/1399 1591/1591/1591
f 1202/1202/1202 1218/1218/1218 1177/1177/1177
f 1240/1240/1240 1050/1050/1050 1112/1112/1112
f 1177/1177/1177 1218/1218/1218 981/981/981
f 1020/1020/1020 1072/1072/1072 1012/1012/1012
f 983/983/983 975/975/975 1064/1064/1064
f 542/542/542 545/545/545 660/660/660
f 716/716/716 713/713/713 359/359/359
f 1861/1861/1861 1757/1757/1757 1977/1977/1977
f 2249/2249/2249 2141/2141/2141 1977/1977/1977
f 2097/2097/2097 2171/2171/2171 1922/1922/1922
f 2141/2141/2141 2249/2249/2249 2266/2266/2266
f 2640/2640/2640 2635/2635/2635 2644/2644/2644
f 2684/2684/2684 2694/2694/2694 2682/2682/2682
f 2698/2698/2698 2684/2684/2684 2677/2677/2677
f 1731/1731/1731 1553/1553/1553 1467/1467/1467
f 1643/1643/1643 1645/1645/1645 1663/1663/1663
f 1559/1559/1559 1641/1641/1641 1702/1702/1702
f 1566/1566/1566 1605/1605/1605 1643/1643/1643
f 1605/1605/1605 1558/1558/1558 1548/1548/1548
f 1546/1546/1546 1575/1575/1575 1646/1646/1646
f 1574/1574/1574 1455/1455/1455 1596/1596/1596
f 1555/1555/1555 1399/1399/1399 1547/1547/1547
f 886/886/886 934/934/934 945/945/945
f 694/694/694 623/623/623 1011/1011/1011
f 2249/2249/2249 2302/2302/2302 2266/2266/2266
f 2422/2422/2422 2439/2439/2439 2413/2413/2413
f 2516/2516/2516 2490/2490/2490 2511/2511/2511
f 2566/2566/2566 2586/2586/2586 2608/2608/2608
f 2698/2698/2698 2677/2677/2677 2661/2661/2661
f 1609/1609/1609 1643/1643/1643 1635/1635/1635
f 1605/1605/1605 1528/1528/1528 1643/1643/1643
f 1541/1541/1541 1636/1636/1636 1535/1535/1535
f 1563/1563/1563 1546/1546/1546 1646/1646/1646
f 1605/1605/1605 1548/1548/1548 1528/1528/1528
f 1546/1546/1546 1563/1563/1563 1575/1575/1575
f 1535/1535/1535 1566/1566/1566 1520/1520/1520
f 1443/1443/1443 1407/1407/1407 1544/1544/1544
f 1394/1394/1394 1424/1424/1424 1425/1425/1425
f 1164/1164/1164 1079/1079/1079 1240/1240/1240
f 1020/1020/1020 1197/1197/1197 1072/1072/1072
f 623/623/623 425/425/425 271/271/271
f 293/293/293 271/271/271 425/425/425
f 1861/1861/1861 130/130/130 179/179/179
f 2039/2039/2039 2089/2089/2089 2001/2001/2001
f 2642/2642/2642 2692/2692/2692 2635/2635/2635
f 2635/2635/2635 2692/2692/2692 2644/2644/2644
f 2680/2680/2680 2693/2693/2693 2644/2644/2644
f 1632/1632/1632 1645/1645/1645 1643/1643/1643
f 1643/1643/1643 1528/1528/1528 1632/1632/1632
f 1520/1520/1520 1566/1566/1566 1609/1609/1609
f 1609/1609/1609 1566/1566/1566 1643/1643/1643
f 1640/1640/1640 1500/1500/1500 1553/1553/1553
f 1457/1457/1457 1404/1404/1404 1597/1597/1597
f 1349/1349/1349 1381/1381/1381 1364/1364/1364
f 1401/1401/1401 1451/1451/1451 1202/1202/1202
f 1328/1328/1328 1197/1197/1197 1600/1600/1600
f 934/934/934 974/974/974 945/945/945
f 695/695/695 1012/1012/1012 1072/1072/1072
f 841/841/841 884/884/884 713/713/713
f 425/425/425 623/623/623 694/694/694
f 360/360/360 179/179/179 130/130/130
f 2188/2188/2188 2262/2262/2262 2119/2119/2119
f 2684/2684/2684 2682/2682/2682 2659/2659/2659
f 1547/1547/1547 1399/1399/1399 1527/1527/1527
f 1597/1597/1597 1404/1404/1404 1524/1524/1524
f 1373/1373/1373 1439/1439/1439 1493/1493/1493
f 1402/1402/1402 1443/1443/1443 1544/1544/1544
f 1443/1443/1443 1394/1394/1394 1407/1407/1407
f 1380/1380/1380 1349/1349/1349 1439/1439/1439
f 1380/1380/1380 1362/1362/1362 1349/1349/1349
f 1072/1072/1072 1197/1197/1197 1328/1328/1328
f 1079/1079/1079 1050/1050/1050 1240/1240/1240
f 1037/1037/1037 1169/1169/1169 1111/1111/1111
f 884/884/884 841/841/841 909/909/909
f 884/884/884 909/909/909 886/886/886
f 716/716/716 808/808/808 713/713/713
f 35/35/35 1923/1923/1923 293/293/293
f 2188/2188/2188 2300/2300/2300 2262/2262/2262
f 2285/2285/2285 2365/2365/2365 2491/2491/2491
f 2659/2659/2659 2677/2677/2677 2684/2684/2684
f 1692/1692/1692 1722/1722/1722 1684/1684/1684
f 1541/1541/1541 1610/1610/1610 1636/1636/1636
f 1559/1559/1559 1501/1501/1501 1641/1641/1641
f 1725/1725/1725 1595/1595/1595 1326/1326/1326
f 1541/1541/1541 1535/1535/1535 1520/1520/1520
f 1467/1467/1467 1373/1373/1373 1493/1493/1493
f 1381/1381/1381 1399/1399/1399 1364/1364/1364
f 1121/1121/1121 1137/1137/1137 1152/1152/1152
f 836/836/836 749/749/749 608/608/608
f 2010/2010/2010 1861/1861/1861 1977/1977/1977
f 34/34/34 2011/2011/2011 1921/1921/1921
f 2362/2362/2362 2327/2327/2327 2324/2324/2324
f 2449/2449/2449 2286/2286/2286 2492/2492/2492
f 2492/2492/2492 2557/2557/2557 2498/2498/2498
f 1524/1524/1524 1692/1692/1692 1684/1684/1684
f 1563/1563/1563 1458/1458/1458 1575/1575/1575
f 1553/1553/1553 1447/1447/1447 1467/1467/1467
f 1336/1336/1336 1424/1424/1424 1394/1394/1394
f 1349/1349/1349 1362/1362/1362 1392/1392/1392
f 1392/1392/1392 1381/1381/1381 1349/1349/1349
f 545/545/545 323/323/323 631/631/631
f 358/358/358 129/129/129 674/674/674
f 2011/2011/2011 2096/2096/2096 1921/1921/1921
f 2362/2362/2362 2324/2324/2324 2315/2315/2315
f 2538/2538/2538 2589/2589/2589 2457/2457/2457
f 2670/2670/2670 2691/2691/2691 2641/2641/2641
f 2658/2658/2658 2681/2681/2681 2669/2669/2669
f 2643/2643/2643 2691/2691/2691 2670/2670/2670
f 1692/1692/1692 1737/1737/1737 1722/1722/1722
f 1592/1592/1592 1607/1607/1607 1540/1540/1540
f 1424/1424/1424 1336/1336/1336 1559/1559/1559
f 1394/1394/1394 1339/1339/1339 1336/1336/1336
f 808/808/808 841/841/841 713/713/713
f 129/129/129 1887/1887/1887 59/59/59
f 2010/2010/2010 130/130/130 1861/1861/1861
f 129/129/129 2009/2009/2009 1887/1887/1887
f 2062/2062/2062 1977/1977/1977 2141/2141/2141
f 2302/2302/2302 2362/2362/2362 2266/2266/2266
f 2362/2362/2362 2315/2315/2315 2266/2266/2266
f 2300/2300/2300 2413/2413/2413 2439/2439/2439
f 2393/2393/2393 2464/2464/2464 2441/2441/2441
f 2652/2652/2652 2660/2660/2660 2666/2666/2666
f 2666/2666/2666 2660/2660/2660 2676/2676/2676
f 1529/1529/1529 1458/1458/1458 1563/1563/1563
f 1500/1500/1500 1447/1447/1447 1553/1553/1553
f 1443/1443/1443 1359/1359/1359 1394/1394/1394
f 1381/1381/1381 1385/1385/1385 1399/1399/1399
f 1402/1402/1402 1278/1278/1278 1443/1443/1443
f 1121/1121/1121 1083/1083/1083 1137/1137/1137
f 1083/1083/1083 1164/1164/1164 1137/1137/1137
f 2119/2119/2119 2029/2029/2029 2188/2188/2188
f 2464/2464/2464 2431/2431/2431 2441/2441/2441
f 2492/2492/2492 2498/2498/2498 2449/2449/2449
f 2456/2456/2456 2588/2588/2588 2516/2516/2516
f 2630/2630/2630 2532/2532/2532 2608/2608/2608
f 2641/2641/2641 2538/2538/2538 2499/2499/2499
f 2676/2676/2676 2658/2658/2658 2669/2669/2669
f 1278/1278/1278 1359/1359/1359 1443/1443/1443
f 1373/1373/1373 1380/1380/1380 1439/1439/1439
f 1401/1401/1401 1202/1202/1202 1177/1177/1177
f 981/981/981 631/631/631 858/858/858
f 224/224/224 674/674/674 129/129/129
f 224/224/224 129/129/129 59/59/59
f 2098/2098/2098 2378/2378/2378 2172/2172/2172
f 2670/2670/2670 2641/2641/2641 2499/2499/2499
f 2619/2619/2619 2654/2654/2654 2623/2623/2623
f 1736/1736/1736 1672/1672/1672 1721/1721/1721
f 1720/1720/1720 1595/1595/1595 1725/1725/1725
f 1516/1516/1516 1563/1563/1563 1646/1646/1646
f 1359/1359/1359 1339/1339/1339 1394/1394/1394
f 1063/1063/1063 974/974/974 934/934/934
f 909/909/909 934/934/934 886/886/886
f 542/542/542 232/232/232 545/545/545
f 246/246/246 34/34/34 292/292/292
f 1977/1977/1977 2062/2062/2062 2010/2010/2010
f 2439/2439/2439 2322/2322/2322 2300/2300/2300
f 2498/2498/2498 2557/2557/2557 2531/2531/2531
f 2557/2557/2557 2565/2565/2565 2531/2531/2531
f 2623/2623/2623 2631/2631/2631 2609/2609/2609
f 2643/2643/2643 2670/2670/2670 2624/2624/2624
f 2681/2681/2681 2645/2645/2645 2695/2695/2695
f 1540/1540/1540 1519/1519/1519 1478/1478/1478
f 1500/1500/1500 1329/1329/1329 1447/1447/1447
f 749/749/749 496/496/496 608/608/608
f 292/292/292 424/424/424 246/246/246
f 2430/2430/2430 2449/2449/2449 2498/2498/2498
f 2538/2538/2538 2457/2457/2457 2499/2499/2499
f 2532/2532/2532 2566/2566/2566 2608/2608/2608
f 2673/2673/2673 2622/2622/2622 2652/2652/2652
f 1592/1592/1592 1576/1576/1576 1607/1607/1607
f 1592/1592/1592 1540/1540/1540 1494/1494/1494
f 1577/1577/1577 1478/1478/1478 1608/1608/1608
f 1608/1608/1608 1478/1478/1478 1519/1519/1519
f 1530/1530/1530 1564/1564/1564 1633/1633/1633
f 1540/1540/1540 1478/1478/1478 1494/1494/1494
f 1354/1354/1354 1356/1356/1356 1500/1500/1500
f 1355/1355/1355 1501/1501/1501 1559/1559/1559
f 1500/1500/1500 1356/1356/1356 1329/1329/1329
f 1447/1447/1447 1373/1373/1373 1467/1467/1467
f 1559/1559/1559 1336/1336/1336 1355/1355/1355
f 1595/1595/1595 1306/1306/1306 1326/1326/1326
f 1309/1309/1309 1359/1359/1359 1278/1278/1278
f 1338/1338/1338 1392/1392/1392 1362/1362/1362
f 1161/1161/1161 1063/1063/1063 1046/1046/1046
f 922/922/922 952/952/952 1071/1071/1071
f 952/952/952 693/693/693 1071/1071/1071
f 911/911/911 749/749/749 836/836/836
f 675/675/675 716/716/716 359/359/359
f 692/692/692 711/711/711 424/424/424
f 235/235/235 323/323/323 545/545/545
f 1850/1850/1850 19/19/19 1820/1820/1820
f 1813/1813/1813 59/59/59 1887/1887/1887
f 1982/1982/1982 2120/2120/2120 2039/2039/2039
f 2327/2327/2327 2360/2360/2360 2441/2441/2441
f 2360/2360/2360 2393/2393/2393 2441/2441/2441
f 2377/2377/2377 2511/2511/2511 2170/2170/2170
f 2516/2516/2516 2511/2511/2511 2377/2377/2377
f 2625/2625/2625 2695/2695/2695 2645/2645/2645
f 1380/1380/1380 1338/1338/1338 1362/1362/1362
f 1348/1348/1348 1338/1338/1338 1380/1380/1380
f 1177/1177/1177 1277/1277/1277 1401/1401/1401
f 1177/1177/1177 1188/1188/1188 1277/1277/1277
f 1177/1177/1177 981/981/981 1188/1188/1188
f 1046/1046/1046 1152/1152/1152 1161/1161/1161
f 631/631/631 323/323/323 858/858/858
f 1850/1850/1850 1820/1820/1820 1905/1905/1905
f 1981/1981/1981 2029/2029/2029 2119/2119/2119
f 2378/2378/2378 2458/2458/2458 2517/2517/2517
f 2583/2583/2583 2670/2670/2670 2499/2499/2499
f 2609/2609/2609 2619/2619/2619 2623/2623/2623
f 1633/1633/1633 1516/1516/1516 1646/1646/1646
f 1633/1633/1633 1564/1564/1564 1561/1561/1561
f 1524/1524/1524 1404/1404/1404 1692/1692/1692
f 1338/1338/1338 1367/1367/1367 1392/1392/1392
f 1339/1339/1339 1309/1309/1309 1336/1336/1336
f 1306/1306/1306 1071/1071/1071 1326/1326/1326
f 541/541/541 608/608/608 230/230/230
f 131/131/131 347/347/347 224/224/224
f 131/131/131 224/224/224 59/59/59
f 1850/1850/1850 394/394/394 19/19/19
f 19/19/19 1813/1813/1813 1820/1820/1820
f 2039/2039/2039 2001/2001/2001 12/12/12
f 1813/1813/1813 1905/1905/1905 1820/1820/1820
f 1982/1982/1982 2039/2039/2039 1764/1764/1764
f 2431/2431/2431 2338/2338/2338 2398/2398/2398
f 2624/2624/2624 2670/2670/2670 2583/2583/2583
f 2673/2673/2673 2652/2652/2652 2666/2666/2666
f 2695/2695/2695 2669/2669/2669 2681/2681/2681
f 1723/1723/1723 1751/1751/1751 1741/1741/1741
f 1672/1672/1672 1736/1736/1736 1716/1716/1716
f 1390/1390/1390 1456/1456/1456 1527/1527/1527
f 1358/1358/1358 1385/1385/1385 1381/1381/1381
f 1358/1358/1358 1381/1381/1381 1392/1392/1392
f 1359/1359/1359 1309/1309/1309 1339/1339/1339
f 1152/1152/1152 1046/1046/1046 1121/1121/1121
f 502/502/502 674/674/674 224/224/224
f 324/324/324 230/230/230 608/608/608
f 235/235/235 12/12/12 323/323/323
f 1764/1764/1764 12/12/12 235/235/235
f 1813/1813/1813 19/19/19 131/131/131
f 131/131/131 59/59/59 1813/1813/1813
f 124/124/124 394/394/394 1850/1850/1850
f 2039/2039/2039 12/12/12 1764/1764/1764
f 1850/1850/1850 1905/1905/1905 2040/2040/2040
f 1887/1887/1887 2009/2009/2009 2156/2156/2156
f 2092/2092/2092 2378/2378/2378 2098/2098/2098
f 2188/2188/2188 2084/2084/2084 2300/2300/2300
f 2430/2430/2430 2286/2286/2286 2449/2449/2449
f 1751/1751/1751 1720/1720/1720 1725/1725/1725
f 1378/1378/1378 1404/1404/1404 1457/1457/1457
f 1277/1277/1277 1188/1188/1188 1308/1308/1308
f 545/545/545 232/232/232 235/235/235
f 357/357/357 131/131/131 19/19/19
f 1850/1850/1850 1842/1842/1842 124/124/124
f 1813/1813/1813 2022/2022/2022 1905/1905/1905
f 1904/1904/1904 1902/1902/1902 2015/2015/2015
f 1813/1813/1813 1887/1887/1887 2022/2022/2022
f 2022/2022/2022 2040/2040/2040 1905/1905/1905
f 2022/2022/2022 1887/1887/1887 2156/2156/2156
f 2009/2009/2009 2181/2181/2181 2156/2156/2156
f 1527/1527/1527 1399/1399/1399 1374/1374/1374
f 1367/1367/1367 1358/1358/1358 1392/1392/1392
f 1309/1309/1309 1355/1355/1355 1336/1336/1336
f 502/502/502 654/654/654 674/674/674
f 496/496/496 324/324/324 608/608/608
f 347/347/347 502/502/502 224/224/224
f 424/424/424 269/269/269 246/246/246
f 19/19/19 394/394/394 357/357/357
f 12/12/12 2001/2001/2001 1766/1766/1766
f 1825/1825/1825 1810/1810/1810 1902/1902/1902
f 1884/1884/1884 1825/1825/1825 1904/1904/1904
f 1904/1904/1904 1825/1825/1825 1902/1902/1902
f 1810/1810/1810 1771/1771/1771 1902/1902/1902
f 1902/1902/1902 1771/1771/1771 1924/1924/1924
f 1902/1902/1902 2031/2031/2031 2015/2015/2015
f 1924/1924/1924 2031/2031/2031 1902/1902/1902
f 1916/1916/1916 1850/1850/1850 2216/2216/2216
f 1850/1850/1850 2040/2040/2040 2173/2173/2173
f 2216/2216/2216 1850/1850/1850 2173/2173/2173
f 1980/1980/1980 2001/2001/2001 2286/2286/2286
f 2327/2327/2327 2441/2441/2441 2341/2341/2341
f 2387/2387/2387 2395/2395/2395 2338/2338/2338
f 2431/2431/2431 2398/2398/2398 2417/2417/2417
f 2422/2422/2422 2413/2413/2413 2394/2394/2394
f 2441/2441/2441 2431/2431/2431 2417/2417/2417
f 2531/2531/2531 2628/2628/2628 2513/2513/2513
f 1741/1741/1741 1751/1751/1751 1725/1725/1725
f 1633/1633/1633 1561/1561/1561 1516/1516/1516
f 1385/1385/1385 1374/1374/1374 1399/1399/1399
f 1329/1329/1329 1373/1373/1373 1447/1447/1447
f 1373/1373/1373 1348/1348/1348 1380/1380/1380
f 981/981/981 858/858/858 835/835/835
f 267/267/267 394/394/394 124/124/124
f 347/347/347 131/131/131 357/357/357
f 232/232/232 1791/1791/1791 235/235/235
f 235/235/235 1791/1791/1791 1764/1764/1764
f 1825/1825/1825 128/128/128 1810/1810/1810
f 1982/1982/1982 1764/1764/1764 1791/1791/1791
f 1771/1771/1771 1842/1842/1842 1924/1924/1924
f 1924/1924/1924 1842/1842/1842 1916/1916/1916
f 1904/1904/1904 2015/2015/2015 2099/2099/2099
f 2278/2278/2278 1904/1904/1904 2099/2099/2099
f 2029/2029/2029 2084/2084/2084 2188/2188/2188
f 2096/2096/2096 2011/2011/2011 2091/2091/2091
f 2022/2022/2022 2156/2156/2156 2040/2040/2040
f 2156/2156/2156 2173/2173/2173 2040/2040/2040
f 2324/2324/2324 2327/2327/2327 2341/2341/2341
f 2498/2498/2498 2531/2531/2531 2518/2518/2518
f 1751/1751/1751 1412/1412/1412 1720/1720/1720
f 1461/1461/1461 1411/1411/1411 1672/1672/1672
f 1391/1391/1391 1378/1378/1378 1457/1457/1457
f 1378/1378/1378 1377/1377/1377 1404/1404/1404
f 1354/1354/1354 1329/1329/1329 1356/1356/1356
f 1260/1260/1260 1373/1373/1373 1329/1329/1329
f 1307/1307/1307 1261/1261/1261 1354/1354/1354
f 1187/1187/1187 1261/1261/1261 1307/1307/1307
f 1188/1188/1188 981/981/981 835/835/835
f 951/951/951 711/711/711 692/692/692
f 1850/1850/1850 1916/1916/1916 1842/1842/1842
f 1884/1884/1884 1904/1904/1904 2278/2278/2278
f 2031/2031/2031 2099/2099/2099 2015/2015/2015
f 1924/1924/1924 2274/2274/2274 2108/2108/2108
f 1924/1924/1924 1916/1916/1916 2274/2274/2274
f 2300/2300/2300 2084/2084/2084 2247/2247/2247
f 2413/2413/2413 2300/2300/2300 2344/2344/2344
f 2331/2331/2331 2417/2417/2417 2398/2398/2398
f 2430/2430/2430 2498/2498/2498 2518/2518/2518
f 2625/2625/2625 2611/2611/2611 2695/2695/2695
f 1723/1723/1723 1673/1673/1673 1751/1751/1751
f 1673/1673/1673 1412/1412/1412 1751/1751/1751
f 1716/1716/1716 1461/1461/1461 1672/1672/1672
f 1404/1404/1404 1377/1377/1377 1623/1623/1623
f 1357/1357/1357 1374/1374/1374 1385/1385/1385
f 1303/1303/1303 1329/1329/1329 1354/1354/1354
f 1306/1306/1306 922/922/922 1071/1071/1071
f 1083/1083/1083 1044/1044/1044 1164/1164/1164
f 911/911/911 496/496/496 749/749/749
f 654/654/654 898/898/898 674/674/674
f 478/478/478 357/357/357 394/394/394
f 316/316/316 124/124/124 1771/1771/1771
f 1825/1825/1825 199/199/199 128/128/128
f 176/176/176 316/316/316 1771/1771/1771
f 176/176/176 1771/1771/1771 1810/1810/1810
f 176/176/176 1810/1810/1810 128/128/128
f 1771/1771/1771 124/124/124 1842/1842/1842
f 1790/1790/1790 2029/2029/2029 1981/1981/1981
f 2031/2031/2031 2108/2108/2108 2099/2099/2099
f 1924/1924/1924 2108/2108/2108 2031/2031/2031
f 2156/2156/2156 2254/2254/2254 2173/2173/2173
f 2173/2173/2173 2254/2254/2254 2216/2216/2216
f 2247/2247/2247 2344/2344/2344 2300/2300/2300
f 2380/2380/2380 2430/2430/2430 2518/2518/2518
f 2666/2666/2666 2676/2676/2676 2688/2688/2688
f 2676/2676/2676 2669/2669/2669 2688/2688/2688
f 1357/1357/1357 1385/1385/1385 1196/1196/1196
f 1303/1303/1303 1260/1260/1260 1329/1329/1329
f 1358/1358/1358 1196/1196/1196 1385/1385/1385
f 1354/1354/1354 1261/1261/1261 1303/1303/1303
f 394/394/394 267/267/267 369/369/369
f 478/478/478 347/347/347 357/357/357
f 124/124/124 316/316/316 267/267/267
f 496/496/496 230/230/230 324/324/324
f 209/209/209 304/304/304 128/128/128
f 304/304/304 176/176/176 128/128/128
f 209/209/209 128/128/128 199/199/199
f 199/199/199 1825/1825/1825 195/195/195
f 1825/1825/1825 1884/1884/1884 195/195/195
f 2099/2099/2099 2108/2108/2108 2296/2296/2296
f 2108/2108/2108 2280/2280/2280 2296/2296/2296
f 2291/2291/2291 2254/2254/2254 2156/2156/2156
f 2099/2099/2099 2296/2296/2296 2278/2278/2278
f 2141/2141/2141 2266/2266/2266 2264/2264/2264
f 2324/2324/2324 2341/2341/2341 2269/2269/2269
f 2669/2669/2669 2614/2614/2614 2632/2632/2632
f 2632/2632/2632 2688/2688/2688 2669/2669/2669
f 2695/2695/2695 2611/2611/2611 2669/2669/2669
f 1560/1560/1560 1562/1562/1562 1482/1482/1482
f 1563/1563/1563 1516/1516/1516 1484/1484/1484
f 1348/1348/1348 1288/1288/1288 1338/1338/1338
f 1053/1053/1053 1083/1083/1083 1121/1121/1121
f 1164/1164/1164 1044/1044/1044 1079/1079/1079
f 1063/1063/1063 934/934/934 935/935/935
f 1037/1037/1037 911/911/911 1169/1169/1169
f 921/921/921 711/711/711 951/951/951
f 474/474/474 502/502/502 347/347/347
f 471/471/471 347/347/347 478/478/478
f 471/471/471 474/474/474 347/347/347
f 668/668/668 304/304/304 209/209/209
f 231/231/231 1774/1774/1774 1790/1790/1790
f 1790/1790/1790 1881/1881/1881 2029/2029/2029
f 1881/1881/1881 2084/2084/2084 2029/2029/2029
f 1916/1916/1916 2201/2201/2201 2274/2274/2274
f 2280/2280/2280 2108/2108/2108 2274/2274/2274
f 2315/2315/2315 2324/2324/2324 2269/2269/2269
f 2269/2269/2269 2341/2341/2341 2311/2311/2311
f 2622/2622/2622 2575/2575/2575 2549/2549/2549
f 2629/2629/2629 2622/2622/2622 2549/2549/2549
f 2614/2614/2614 2669/2669/2669 2611/2611/2611
f 2673/2673/2673 2666/2666/2666 2613/2613/2613
f 1692/1692/1692 1404/1404/1404 1623/1623/1623
f 1374/1374/1374 1390/1390/1390 1527/1527/1527
f 1373/1373/1373 1275/1275/1275 1348/1348/1348
f 1275/1275/1275 1288/1288/1288 1348/1348/1348
f 1338/1338/1338 1288/1288/1288 1367/1367/1367
f 1261/1261/1261 1187/1187/1187 1254/1254/1254
f 1053/1053/1053 1044/1044/1044 1083/1083/1083
f 1063/1063/1063 935/935/935 1046/1046/1046
f 909/909/909 935/935/935 934/934/934
f 841/841/841 917/917/917 909/909/909
f 900/900/900 808/808/808 716/716/716
f 675/675/675 900/900/900 716/716/716
f 835/835/835 858/858/858 504/504/504
f 858/858/858 323/323/323 504/504/504
f 667/667/667 654/654/654 502/502/502
f 688/688/688 483/483/483 304/304/304
f 670/670/670 689/689/689 305/305/305
f 483/483/483 176/176/176 304/304/304
f 483/483/483 316/316/316 176/176/176
f 195/195/195 209/209/209 199/199/199
f 1774/1774/1774 1881/1881/1881 1790/1790/1790
f 1916/1916/1916 2216/2216/2216 2201/2201/2201
f 2141/2141/2141 2264/2264/2264 2062/2062/2062
f 2315/2315/2315 2269/2269/2269 2259/2259/2259
f 2279/2279/2279 2297/2297/2297 2343/2343/2343
f 2398/2398/2398 2338/2338/2338 2331/2331/2331
f 2417/2417/2417 2331/2331/2331 2441/2441/2441
f 2499/2499/2499 2457/2457/2457 2486/2486/2486
f 2513/2513/2513 2628/2628/2628 2548/2548/2548
f 2597/2597/2597 2622/2622/2622 2673/2673/2673
f 1517/1517/1517 1312/1312/1312 1411/1411/1411
f 1288/1288/1288 1358/1358/1358 1367/1367/1367
f 1046/1046/1046 1053/1053/1053 1121/1121/1121
f 759/759/759 369/369/369 316/316/316
f 719/719/719 759/759/759 316/316/316
f 598/598/598 478/478/478 394/394/394
f 316/316/316 369/369/369 267/267/267
f 160/160/160 210/210/210 196/196/196
f 497/497/497 1774/1774/1774 231/231/231
f 34/34/34 1925/1925/1925 2011/2011/2011
f 2001/2001/2001 1980/1980/1980 1766/1766/1766
f 2149/2149/2149 2247/2247/2247 2084/2084/2084
f 2195/2195/2195 2062/2062/2062 2264/2264/2264
f 2266/2266/2266 2315/2315/2315 2259/2259/2259
f 2259/2259/2259 2269/2269/2269 2283/2283/2283
f 2269/2269/2269 2311/2311/2311 2283/2283/2283
f 2208/2208/2208 2286/2286/2286 2430/2430/2430
f 2297/2297/2297 2281/2281/2281 2321/2321/2321
f 2310/2310/2310 2340/2340/2340 2289/2289/2289
f 2518/2518/2518 2531/2531/2531 2513/2513/2513
f 2663/2663/2663 2624/2624/2624 2583/2583/2583
f 2625/2625/2625 2665/2665/2665 2611/2611/2611
f 2666/2666/2666 2632/2632/2632 2613/2613/2613
f 2666/2666/2666 2688/2688/2688 2632/2632/2632
f 1461/1461/1461 1517/1517/1517 1411/1411/1411
f 1300/1300/1300 1377/1377/1377 1378/1378/1378
f 1237/1237/1237 1260/1260/1260 1303/1303/1303
f 1254/1254/1254 1237/1237/1237 1261/1261/1261
f 1261/1261/1261 1237/1237/1237 1303/1303/1303
f 1188/1188/1188 1002/1002/1002 1255/1255/1255
f 1050/1050/1050 1038/1038/1038 1112/1112/1112
f 808/808/808 917/917/917 841/841/841
f 1008/1008/1008 689/689/689 670/670/670
f 720/720/720 484/484/484 689/689/689
f 719/719/719 316/316/316 483/483/483
f 558/558/558 394/394/394 472/472/472
f 669/669/669 210/210/210 596/596/596
f 472/472/472 394/394/394 369/369/369
f 160/160/160 196/196/196 1885/1885/1885
f 2156/2156/2156 2181/2181/2181 2291/2291/2291
f 2275/2275/2275 2202/2202/2202 2346/2346/2346
f 2260/2260/2260 2251/2251/2251 2228/2228/2228
f 2260/2260/2260 2289/2289/2289 2251/2251/2251
f 2321/2321/2321 2343/2343/2343 2297/2297/2297
f 2321/2321/2321 2281/2281/2281 2275/2275/2275
f 2282/2282/2282 2310/2310/2310 2260/2260/2260
f 2290/2290/2290 2341/2341/2341 2441/2441/2441
f 2312/2312/2312 2394/2394/2394 2413/2413/2413
f 2518/2518/2518 2513/2513/2513 2429/2429/2429
f 2673/2673/2673 2613/2613/2613 2597/2597/2597
f 1494/1494/1494 1478/1478/1478 1454/1454/1454
f 1412/1412/1412 1313/1313/1313 1626/1626/1626
f 1300/1300/1300 1378/1378/1378 1391/1391/1391
f 1249/1249/1249 1008/1008/1008 670/670/670
f 1008/1008/1008 720/720/720 689/689/689
f 1037/1037/1037 496/496/496 911/911/911
f 369/369/369 797/797/797 472/472/472
f 269/269/269 1925/1925/1925 246/246/246
f 1926/1926/1926 2286/2286/2286 2208/2208/2208
f 2252/2252/2252 2290/2290/2290 2138/2138/2138
f 2337/2337/2337 2144/2144/2144 2071/2071/2071
f 2370/2370/2370 2378/2378/2378 2092/2092/2092
f 2310/2310/2310 2289/2289/2289 2260/2260/2260
f 2336/2336/2336 2394/2394/2394 2145/2145/2145
f 2138/2138/2138 2290/2290/2290 2441/2441/2441
f 1737/1737/1737 1692/1692/1692 1623/1623/1623
f 1626/1626/1626 1595/1595/1595 1720/1720/1720
f 1577/1577/1577 1454/1454/1454 1478/1478/1478
f 1592/1592/1592 1494/1494/1494 1454/1454/1454
f 1391/1391/1391 1290/1290/1290 1300/1300/1300
f 1300/1300/1300 1224/1224/1224 1377/1377/1377
f 1275/1275/1275 1373/1373/1373 1260/1260/1260
f 1196/1196/1196 1374/1374/1374 1357/1357/1357
f 1249/1249/1249 1238/1238/1238 1008/1008/1008
f 1249/1249/1249 670/670/670 1233/1233/1233
f 1008/1008/1008 1065/1065/1065 760/760/760
f 1050/1050/1050 650/650/650 1038/1038/1038
f 1233/1233/1233 670/670/670 870/870/870
f 835/835/835 1002/1002/1002 1188/1188/1188
f 1008/1008/1008 760/760/760 720/720/720
f 917/917/917 935/935/935 909/909/909
f 682/682/682 711/711/711 921/921/921
f 870/870/870 670/670/670 597/597/597
f 269/269/269 424/424/424 711/711/711
f 558/558/558 598/598/598 394/394/394
f 323/323/323 12/12/12 504/504/504
f 2195/2195/2195 2264/2264/2264 2061/2061/2061
f 2216/2216/2216 2254/2254/2254 2400/2400/2400
f 2430/2430/2430 2380/2380/2380 2208/2208/2208
f 2279/2279/2279 2343/2343/2343 2397/2397/2397
f 2344/2344/2344 2247/2247/2247 2287/2287/2287
f 2413/2413/2413 2344/2344/2344 2312/2312/2312
f 2378/2378/2378 2370/2370/2370 2458/2458/2458
f 2429/2429/2429 2380/2380/2380 2518/2518/2518
f 1623/1623/1623 1377/1377/1377 1224/1224/1224
f 1390/1390/1390 1374/1374/1374 1289/1289/1289
f 1304/1304/1304 1289/1289/1289 1374/1374/1374
f 1256/1256/1256 1288/1288/1288 1275/1275/1275
f 1358/1358/1358 1288/1288/1288 1196/1196/1196
f 1001/1001/1001 1156/1156/1156 1254/1254/1254
f 1254/1254/1254 1156/1156/1156 1237/1237/1237
f 1238/1238/1238 1226/1226/1226 1065/1065/1065
f 1238/1238/1238 1065/1065/1065 1008/1008/1008
f 917/917/917 808/808/808 900/900/900
f 899/899/899 900/900/900 675/675/675
f 444/444/444 496/496/496 1037/1037/1037
f 760/760/760 798/798/798 370/370/370
f 598/598/598 604/604/604 478/478/478
f 219/219/219 1774/1774/1774 497/497/497
f 12/12/12 1766/1766/1766 348/348/348
f 1926/1926/1926 1980/1980/1980 2286/2286/2286
f 2259/2259/2259 2082/2082/2082 2266/2266/2266
f 2291/2291/2291 2400/2400/2400 2254/2254/2254
f 2177/2177/2177 2331/2331/2331 2338/2338/2338
f 2622/2622/2622 2597/2597/2597 2575/2575/2575
f 1577/1577/1577 1509/1509/1509 1454/1454/1454
f 1412/1412/1412 1626/1626/1626 1720/1720/1720
f 760/760/760 1065/1065/1065 798/798/798
f 269/269/269 711/711/711 682/682/682
f 558/558/558 472/472/472 609/609/609
f 604/604/604 471/471/471 478/478/478
f 1925/1925/1925 34/34/34 246/246/246
f 2181/2181/2181 2009/2009/2009 2150/2150/2150
f 2010/2010/2010 2062/2062/2062 2153/2153/2153
f 1950/1950/1950 2370/2370/2370 2092/2092/2092
f 2264/2264/2264 2266/2266/2266 2061/2061/2061
f 2259/2259/2259 2283/2283/2283 2082/2082/2082
f 2611/2611/2611 2665/2665/2665 2601/2601/2601
f 1592/1592/1592 1454/1454/1454 1507/1507/1507
f 1592/1592/1592 1507/1507/1507 1576/1576/1576
f 1507/1507/1507 1508/1508/1508 1576/1576/1576
f 1483/1483/1483 1515/1515/1515 1429/1429/1429
f 1211/1211/1211 1288/1288/1288 1256/1256/1256
f 1211/1211/1211 1196/1196/1196 1288/1288/1288
f 1050/1050/1050 315/315/315 650/650/650
f 917/917/917 777/777/777 935/935/935
f 2062/2062/2062 2195/2195/2195 2153/2153/2153
f 2429/2429/2429 2513/2513/2513 2502/2502/2502
f 1249/1249/1249 1465/1465/1465 1238/1238/1238
f 1275/1275/1275 1298/1298/1298 1256/1256/1256
f 1196/1196/1196 1204/1204/1204 1374/1374/1374
f 1156/1156/1156 1070/1070/1070 1237/1237/1237
f 1237/1237/1237 1070/1070/1070 1260/1260/1260
f 1123/1123/1123 798/798/798 1065/1065/1065
f 1046/1046/1046 935/935/935 786/786/786
f 773/773/773 777/777/777 917/917/917
f 835/835/835 504/504/504 743/743/743
f 12/12/12 348/348/348 504/504/504
f 348/348/348 1766/1766/1766 242/242/242
f 2011/2011/2011 1925/1925/1925 2091/2091/2091
f 2082/2082/2082 2283/2283/2283 2095/2095/2095
f 2142/2142/2142 2260/2260/2260 2228/2228/2228
f 2123/2123/2123 2337/2337/2337 2071/2071/2071
f 2181/2181/2181 2150/2150/2150 2319/2319/2319
f 2142/2142/2142 2282/2282/2282 2260/2260/2260
f 2213/2213/2213 2247/2247/2247 2149/2149/2149
f 2312/2312/2312 2344/2344/2344 2287/2287/2287
f 2380/2380/2380 2429/2429/2429 2208/2208/2208
f 2514/2514/2514 2549/2549/2549 2521/2521/2521
f 2486/2486/2486 2567/2567/2567 2499/2499/2499
f 2567/2567/2567 2583/2583/2583 2499/2499/2499
f 2571/2571/2571 2632/2632/2632 2614/2614/2614
f 2614/2614/2614 2611/2611/2611 2601/2601/2601
f 1454/1454/1454 1509/1509/1509 1436/1436/1436
f 1413/1413/1413 1461/1461/1461 1716/1716/1716
f 1238/1238/1238 1414/1414/1414 1226/1226/1226
f 1289/1289/1289 1204/1204/1204 1299/1299/1299
f 1210/1210/1210 1120/1120/1120 1195/1195/1195
f 1226/1226/1226 1123/1123/1123 1065/1065/1065
f 786/786/786 933/933/933 1053/1053/1053
f 786/786/786 1053/1053/1053 1046/1046/1046
f 1053/1053/1053 933/933/933 1044/1044/1044
f 741/741/741 473/473/473 798/798/798
f 474/474/474 667/667/667 502/502/502
f 272/272/272 269/269/269 682/682/682
f 1885/1885/1885 2279/2279/2279 2397/2397/2397
f 2139/2139/2139 2084/2084/2084 1881/1881/1881
f 2048/2048/2048 2142/2142/2142 2228/2228/2228
f 2048/2048/2048 2228/2228/2228 2251/2251/2251
f 2149/2149/2149 2084/2084/2084 2139/2139/2139
f 2153/2153/2153 2195/2195/2195 2061/2061/2061
f 2282/2282/2282 2142/2142/2142 2094/2094/2094
f 2138/2138/2138 2441/2441/2441 2331/2331/2331
f 2291/2291/2291 2181/2181/2181 2400/2400/2400
f 2443/2443/2443 2216/2216/2216 2400/2400/2400
f 2381/2381/2381 2487/2487/2487 2471/2471/2471
f 2549/2549/2549 2575/2575/2575 2597/2597/2597
f 2597/2597/2597 2613/2613/2613 2587/2587/2587
f 1716/1716/1716 1736/1736/1736 1622/1622/1622
f 1485/1485/1485 1560/1560/1560 1482/1482/1482
f 1560/1560/1560 1485/1485/1485 1515/1515/1515
f 1509/1509/1509 1482/1482/1482 1436/1436/1436
f 1485/1485/1485 1429/1429/1429 1515/1515/1515
f 1304/1304/1304 1374/1374/1374 1204/1204/1204
f 683/683/683 922/922/922 1055/1055/1055
f 935/935/935 777/777/777 786/786/786
f 784/784/784 777/777/777 773/773/773
f 2061/2061/2061 2266/2266/2266 2082/2082/2082
f 2177/2177/2177 2338/2338/2338 2124/2124/2124
f 2213/2213/2213 2287/2287/2287 2247/2247/2247
f 2201/2201/2201 2216/2216/2216 2345/2345/2345
f 2208/2208/2208 2429/2429/2429 2335/2335/2335
f 2571/2571/2571 2614/2614/2614 2601/2601/2601
f 1507/1507/1507 1454/1454/1454 1436/1436/1436
f 1482/1482/1482 1428/1428/1428 1436/1436/1436
f 1626/1626/1626 1313/1313/1313 1055/1055/1055
f 1298/1298/1298 1211/1211/1211 1256/1256/1256
f 1260/1260/1260 1211/1211/1211 1275/1275/1275
f 1300/1300/1300 1179/1179/1179 1224/1224/1224
f 1033/1033/1033 1300/1300/1300 1205/1205/1205
f 784/784/784 739/739/739 777/777/777
f 666/666/666 777/777/777 739/739/739
f 733/733/733 558/558/558 609/609/609
f 472/472/472 740/740/740 609/609/609
f 471/471/471 604/604/604 474/474/474
f 504/504/504 348/348/348 340/340/340
f 596/596/596 210/210/210 345/345/345
f 160/160/160 91/91/91 210/210/210
f 2091/2091/2091 1925/1925/1925 1949/1949/1949
f 2321/2321/2321 2376/2376/2376 2343/2343/2343
f 2216/2216/2216 2443/2443/2443 2345/2345/2345
f 2486/2486/2486 2457/2457/2457 2470/2470/2470
f 2663/2663/2663 2583/2583/2583 2567/2567/2567
f 1507/1507/1507 1470/1470/1470 1508/1508/1508
f 1509/1509/1509 1471/1471/1471 1482/1482/1482
f 1482/1482/1482 1471/1471/1471 1485/1485/1485
f 1249/1249/1249 1487/1487/1487 1465/1465/1465
f 1623/1623/1623 1224/1224/1224 1246/1246/1246
f 1465/1465/1465 1414/1414/1414 1238/1238/1238
f 1249/1249/1249 1233/1233/1233 1434/1434/1434
f 1272/1272/1272 1413/1413/1413 1245/1245/1245
f 1211/1211/1211 1298/1298/1298 1275/1275/1275
f 1304/1304/1304 1204/1204/1204 1289/1289/1289
f 1195/1195/1195 1120/1120/1120 1203/1203/1203
f 1033/1033/1033 1179/1179/1179 1300/1300/1300
f 1155/1155/1155 995/995/995 1069/1069/1069
f 995/995/995 936/936/936 1069/1069/1069
f 936/936/936 1259/1259/1259 1069/1069/1069
f 743/743/743 1157/1157/1157 1002/1002/1002
f 933/933/933 626/626/626 1044/1044/1044
f 917/917/917 632/632/632 773/773/773
f 733/733/733 598/598/598 558/558/558
f 666/666/666 385/385/385 777/777/777
f 604/604/604 667/667/667 474/474/474
f 743/743/743 504/504/504 340/340/340
f 242/242/242 1766/1766/1766 173/173/173
f 269/269/269 14/14/14 1925/1925/1925
f 33/33/33 1766/1766/1766 1878/1878/1878
f 2213/2213/2213 2149/2149/2149 2139/2139/2139
f 2400/2400/2400 2181/2181/2181 2319/2319/2319
f 2343/2343/2343 2396/2396/2396 2397/2397/2397
f 2370/2370/2370 2471/2471/2471 2458/2458/2458
f 1507/1507/1507 1436/1436/1436 1470/1470/1470
f 1223/1223/1223 1229/1229/1229 1244/1244/1244
f 1120/1120/1120 1032/1032/1032 1203/1203/1203
f 626/626/626 1079/1079/1079 1044/1044/1044
f 835/835/835 743/743/743 1002/1002/1002
f 784/784/784 773/773/773 632/632/632
f 272/272/272 14/14/14 269/269/269
f 1766/1766/1766 1980/1980/1980 1878/1878/1878
f 2124/2124/2124 2331/2331/2331 2177/2177/2177
f 2138/2138/2138 2331/2331/2331 2124/2124/2124
f 2376/2376/2376 2396/2396/2396 2343/2343/2343
f 2321/2321/2321 2275/2275/2275 2376/2376/2376
f 2613/2613/2613 2632/2632/2632 2612/2612/2612
f 1413/1413/1413 1517/1517/1517 1461/1461/1461
f 1436/1436/1436 1428/1428/1428 1470/1470/1470
f 1434/1434/1434 1487/1487/1487 1249/1249/1249
f 1324/1324/1324 1055/1055/1055 1313/1313/1313
f 942/942/942 1210/1210/1210 1259/1259/1259
f 936/936/936 942/942/942 1259/1259/1259
f 742/742/742 995/995/995 1155/1155/1155
f 698/698/698 900/900/900 899/899/899
f 786/786/786 777/777/777 385/385/385
f 667/667/667 898/898/898 654/654/654
f 340/340/340 348/348/348 242/242/242
f 210/210/210 91/91/91 345/345/345
f 1766/1766/1766 33/33/33 173/173/173
f 219/219/219 1835/1835/1835 1774/1774/1774
f 2252/2252/2252 2138/2138/2138 1956/1956/1956
f 1961/1961/1961 2061/2061/2061 2082/2082/2082
f 2521/2521/2521 2549/2549/2549 2556/2556/2556
f 2549/2549/2549 2597/2597/2597 2556/2556/2556
f 2582/2582/2582 2664/2664/2664 2568/2568/2568
f 1626/1626/1626 1306/1306/1306 1595/1595/1595
f 1414/1414/1414 1265/1265/1265 1226/1226/1226
f 1229/1229/1229 1271/1271/1271 1244/1244/1244
f 1210/1210/1210 861/861/861 1120/1120/1120
f 861/861/861 1032/1032/1032 1120/1120/1120
f 1123/1123/1123 1026/1026/1026 798/798/798
f 936/936/936 768/768/768 942/942/942
f 1026/1026/1026 965/965/965 798/798/798
f 869/869/869 766/766/766 741/741/741
f 741/741/741 766/766/766 735/735/735
f 734/734/734 878/878/878 599/599/599
f 741/741/741 735/735/735 610/610/610
f 242/242/242 241/241/241 340/340/340
f 242/242/242 238/238/238 241/241/241
f 242/242/242 173/173/173 238/238/238
f 1926/1926/1926 1878/1878/1878 1980/1980/1980
f 1774/1774/1774 2139/2139/2139 1881/1881/1881
f 1967/1967/1967 2142/2142/2142 2048/2048/2048
f 2094/2094/2094 2142/2142/2142 1967/1967/1967
f 2394/2394/2394 2312/2312/2312 2145/2145/2145
f 2502/2502/2502 2355/2355/2355 2429/2429/2429
f 2502/2502/2502 2513/2513/2513 2520/2520/2520
f 2600/2600/2600 2582/2582/2582 2473/2473/2473
f 2587/2587/2587 2613/2613/2613 2612/2612/2612
f 1626/1626/1626 922/922/922 1306/1306/1306
f 1498/1498/1498 1485/1485/1485 1471/1471/1471
f 1245/1245/1245 1413/1413/1413 1622/1622/1622
f 1472/1472/1472 1430/1430/1430 959/959/959
f 1229/1229/1229 1223/1223/1223 1178/1178/1178
f 965/965/965 741/741/741 798/798/798
f 869/869/869 735/735/735 766/766/766
f 436/436/436 917/917/917 900/900/900
f 604/604/604 755/755/755 667/667/667
f 917/917/917 429/429/429 632/632/632
f 444/444/444 218/218/218 496/496/496
f 340/340/340 241/241/241 743/743/743
f 14/14/14 1949/1949/1949 1925/1925/1925
f 1879/1879/1879 2123/2123/2123 2071/2071/2071
f 2471/2471/2471 2370/2370/2370 1950/1950/1950
f 2287/2287/2287 2213/2213/2213 2312/2312/2312
f 2597/2597/2597 2587/2587/2587 2598/2598/2598
f 1622/1622/1622 1413/1413/1413 1716/1716/1716
f 1626/1626/1626 1055/1055/1055 922/922/922
f 1265/1265/1265 1123/1123/1123 1226/1226/1226
f 1472/1472/1472 959/959/959 1034/1034/1034
f 1178/1178/1178 1031/1031/1031 1229/1229/1229
f 1090/1090/1090 1010/1010/1010 1025/1025/1025
f 942/942/942 861/861/861 1210/1210/1210
f 1025/1025/1025 1010/1010/1010 964/964/964
f 741/741/741 965/965/965 834/834/834
f 869/869/869 741/741/741 834/834/834
f 995/995/995 742/742/742 936/936/936
f 598/598/598 774/774/774 604/604/604
f 586/586/586 739/739/739 784/784/784
f 456/456/456 1037/1037/1037 649/649/649
f 784/784/784 632/632/632 586/586/586
f 135/135/135 456/456/456 649/649/649
f 743/743/743 241/241/241 249/249/249
f 2251/2251/2251 1955/1955/1955 2048/2048/2048
f 2208/2208/2208 2335/2335/2335 1926/1926/1926
f 2487/2487/2487 2381/2381/2381 2481/2481/2481
f 2481/2481/2481 2568/2568/2568 2487/2487/2487
f 1517/1517/1517 1413/1413/1413 1272/1272/1272
f 1499/1499/1499 1013/1013/1013 1486/1486/1486
f 1499/1499/1499 1472/1472/1472 1013/1013/1013
f 1431/1431/1431 1486/1486/1486 960/960/960
f 1057/1057/1057 1090/1090/1090 1025/1025/1025
f 1057/1057/1057 1025/1025/1025 1122/1122/1122
f 860/860/860 879/879/879 1031/1031/1031
f 879/879/879 730/730/730 1031/1031/1031
f 936/936/936 615/615/615 768/768/768
f 756/756/756 605/605/605 775/775/775
f 698/698/698 436/436/436 900/900/900
f 626/626/626 933/933/933 430/430/430
f 586/586/586 560/560/560 739/739/739
f 739/739/739 560/560/560 666/666/666
f 51/51/51 91/91/91 160/160/160
f 160/160/160 1885/1885/1885 51/51/51
f 33/33/33 1878/1878/1878 1852/1852/1852
f 1926/1926/1926 1940/1940/1940 1878/1878/1878
f 2275/2275/2275 2346/2346/2346 2415/2415/2415
f 2376/2376/2376 2275/2275/2275 2415/2415/2415
f 1651/1651/1651 1414/1414/1414 1465/1465/1465
f 1264/1264/1264 1184/1184/1184 1122/1122/1122
f 1472/1472/1472 1034/1034/1034 1013/1013/1013
f 1122/1122/1122 1184/1184/1184 1057/1057/1057
f 1034/1034/1034 959/959/959 861/861/861
f 861/861/861 959/959/959 880/880/880
f 834/834/834 840/840/840 869/869/869
f 869/869/869 840/840/840 735/735/735
f 730/730/730 851/851/851 1031/1031/1031
f 878/878/878 775/775/775 599/599/599
f 742/742/742 615/615/615 936/936/936
f 786/786/786 430/430/430 933/933/933
f 617/617/617 942/942/942 768/768/768
f 1037/1037/1037 456/456/456 444/444/444
f 560/560/560 435/435/435 666/666/666
f 248/248/248 615/615/615 742/742/742
f 435/435/435 385/385/385 666/666/666
f 315/315/315 136/136/136 650/650/650
f 173/173/173 249/249/249 238/238/238
f 1879/1879/1879 2071/2071/2071 2/2/2
f 50/50/50 1949/1949/1949 14/14/14
f 2048/2048/2048 1955/1955/1955 1919/1919/1919
f 2082/2082/2082 2095/2095/2095 1961/1961/1961
f 1919/1919/1919 1967/1967/1967 2048/2048/2048
f 1970/1970/1970 2060/2060/2060 1960/1960/1960
f 2094/2094/2094 1967/1967/1967 1960/1960/1960
f 2152/2152/2152 2060/2060/2060 1992/1992/1992
f 1926/1926/1926 2335/2335/2335 2051/2051/2051
f 2401/2401/2401 2320/2320/2320 2229/2229/2229
f 2423/2423/2423 2396/2396/2396 2376/2376/2376
f 2568/2568/2568 2481/2481/2481 2582/2582/2582
f 2600/2600/2600 2664/2664/2664 2582/2582/2582
f 2612/2612/2612 2632/2632/2632 2639/2639/2639
f 1487/1487/1487 1434/1434/1434 1709/1709/1709
f 1414/1414/1414 1343/1343/1343 1265/1265/1265
f 1517/1517/1517 1272/1272/1272 1192/1192/1192
f 1280/1280/1280 1215/1215/1215 1264/1264/1264
f 1264/1264/1264 1215/1215/1215 1184/1184/1184
f 1090/1090/1090 1057/1057/1057 1073/1073/1073
f 1028/1028/1028 1010/1010/1010 1090/1090/1090
f 794/794/794 735/735/735 840/840/840
f 544/544/544 861/861/861 942/942/942
f 734/734/734 793/793/793 878/878/878
f 942/942/942 617/617/617 544/544/544
f 615/615/615 617/617/617 768/768/768
f 525/525/525 861/861/861 544/544/544
f 436/436/436 429/429/429 917/917/917
f 586/586/586 632/632/632 429/429/429
f 238/238/238 249/249/249 241/241/241
f 172/172/172 162/162/162 247/247/247
f 173/173/173 112/112/112 163/163/163
f 173/173/173 33/33/33 112/112/112
f 1852/1852/1852 1878/1878/1878 1940/1940/1940
f 1920/1920/1920 2123/2123/2123 1879/1879/1879
f 2229/2229/2229 2320/2320/2320 2151/2151/2151
f 2381/2381/2381 2471/2471/2471 2109/2109/2109
f 2312/2312/2312 2213/2213/2213 2139/2139/2139
f 2335/2335/2335 2241/2241/2241 2051/2051/2051
f 2335/2335/2335 2429/2429/2429 2355/2355/2355
f 2376/2376/2376 2415/2415/2415 2423/2423/2423
f 1651/1651/1651 1681/1681/1681 1414/1414/1414
f 1313/1313/1313 1193/1193/1193 1324/1324/1324
f 1090/1090/1090 1073/1073/1073 1087/1087/1087
f 1013/1013/1013 653/653/653 1486/1486/1486
f 1486/1486/1486 653/653/653 960/960/960
f 1028/1028/1028 971/971/971 1010/1010/1010
f 964/964/964 1010/1010/1010 971/971/971
f 1034/1034/1034 861/861/861 1013/1013/1013
f 964/964/964 953/953/953 833/833/833
f 960/960/960 653/653/653 881/881/881
f 881/881/881 653/653/653 731/731/731
f 821/821/821 839/839/839 833/833/833
f 898/898/898 667/667/667 421/421/421
f 755/755/755 526/526/526 667/667/667
f 397/397/397 1050/1050/1050 1079/1079/1079
f 615/615/615 555/555/555 617/617/617
f 617/617/617 555/555/555 544/544/544
f 1050/1050/1050 380/380/380 315/315/315
f 247/247/247 162/162/162 280/280/280
f 33/33/33 1852/1852/1852 112/112/112
f 1811/1811/1811 1919/1919/1919 1955/1955/1955
f 1955/1955/1955 2137/2137/2137 10/10/10
f 1926/1926/1926 2051/2051/2051 1940/1940/1940
f 2051/2051/2051 1933/1933/1933 1940/1940/1940
f 2241/2241/2241 2335/2335/2335 2355/2355/2355
f 2460/2460/2460 2481/2481/2481 2381/2381/2381
f 2466/2466/2466 2406/2406/2406 2519/2519/2519
f 2519/2519/2519 2506/2506/2506 2466/2466/2466
f 2570/2570/2570 2600/2600/2600 2473/2473/2473
f 2556/2556/2556 2597/2597/2597 2598/2598/2598
f 1681/1681/1681 1343/1343/1343 1414/1414/1414
f 1343/1343/1343 1295/1295/1295 1265/1265/1265
f 1264/1264/1264 1294/1294/1294 1280/1280/1280
f 1273/1273/1273 1116/1116/1116 1193/1193/1193
f 964/964/964 971/971/971 953/953/953
f 953/953/953 821/821/821 833/833/833
f 821/821/821 850/850/850 839/839/839
f 1013/1013/1013 861/861/861 567/567/567
f 626/626/626 397/397/397 1079/1079/1079
f 397/397/397 380/380/380 1050/1050/1050
f 615/615/615 396/396/396 555/555/555
f 544/544/544 555/555/555 525/525/525
f 615/615/615 248/248/248 396/396/396
f 280/280/280 395/395/395 247/247/247
f 162/162/162 92/92/92 280/280/280
f 1811/1811/1811 1955/1955/1955 49/49/49
f 1960/1960/1960 1919/1919/1919 1811/1811/1811
f 1919/1919/1919 1960/1960/1960 1967/1967/1967
f 1920/1920/1920 1896/1896/1896 2123/2123/2123
f 2152/2152/2152 1992/1992/1992 2230/2230/2230
f 2582/2582/2582 2481/2481/2481 2473/2473/2473
f 2632/2632/2632 2571/2571/2571 2639/2639/2639
f 1294/1294/1294 1225/1225/1225 1280/1280/1280
f 1225/1225/1225 1215/1215/1215 1280/1280/1280
f 1324/1324/1324 1173/1173/1173 1055/1055/1055
f 1087/1087/1087 1028/1028/1028 1090/1090/1090
f 1055/1055/1055 1173/1173/1173 683/683/683
f 1031/1031/1031 851/851/851 1017/1017/1017
f 850/850/850 793/793/793 839/839/839
f 793/793/793 725/725/725 878/878/878
f 567/567/567 653/653/653 1013/1013/1013
f 730/730/730 551/551/551 851/851/851
f 861/861/861 525/525/525 567/567/567
f 569/569/569 272/272/272 682/682/682
f 555/555/555 396/396/396 525/525/525
f 92/92/92 125/125/125 280/280/280
f 1970/1970/1970 1960/1960/1960 45/45/45
f 2137/2137/2137 2123/2123/2123 1896/1896/1896
f 2139/2139/2139 1774/1774/1774 1835/1835/1835
f 2051/2051/2051 2241/2241/2241 1933/1933/1933
f 2109/2109/2109 2471/2471/2471 1950/1950/1950
f 2401/2401/2401 2229/2229/2229 2325/2325/2325
f 2407/2407/2407 2502/2502/2502 2520/2520/2520
f 2507/2507/2507 2521/2521/2521 2556/2556/2556
f 1487/1487/1487 1651/1651/1651 1465/1465/1465
f 1176/1176/1176 1227/1227/1227 1273/1273/1273
f 1175/1175/1175 1271/1271/1271 1229/1229/1229
f 1184/1184/1184 1215/1215/1215 1129/1129/1129
f 1139/1139/1139 1057/1057/1057 1184/1184/1184
f 953/953/953 971/971/971 854/854/854
f 953/953/953 854/854/854 821/821/821
f 793/793/793 763/763/763 725/725/725
f 775/775/775 642/642/642 756/756/756
f 569/569/569 682/682/682 705/705/705
f 597/597/597 346/346/346 870/870/870
f 586/586/586 429/429/429 445/445/445
f 566/566/566 524/524/524 395/395/395
f 125/125/125 206/206/206 280/280/280
f 58/58/58 49/49/49 385/385/385
f 111/111/111 92/92/92 162/162/162
f 51/51/51 1885/1885/1885 2049/2049/2049
f 1811/1811/1811 49/49/49 58/58/58
f 1811/1811/1811 36/36/36 45/45/45
f 45/45/45 1960/1960/1960 1811/1811/1811
f 1846/1846/1846 1920/1920/1920 1879/1879/1879
f 2071/2071/2071 2144/2144/2144 2/2/2
f 10/10/10 2137/2137/2137 1896/1896/1896
f 2502/2502/2502 2407/2407/2407 2355/2355/2355
f 2543/2543/2543 2570/2570/2570 2473/2473/2473
f 1709/1709/1709 1651/1651/1651 1487/1487/1487
f 1517/1517/1517 1192/1192/1192 1312/1312/1312
f 1342/1342/1342 1315/1315/1315 1294/1294/1294
f 1227/1227/1227 1116/1116/1116 1273/1273/1273
f 1225/1225/1225 1129/1129/1129 1215/1215/1215
f 1193/1193/1193 1116/1116/1116 1199/1199/1199
f 1184/1184/1184 1129/1129/1129 1139/1139/1139
f 1057/1057/1057 1139/1139/1139 1073/1073/1073
f 1233/1233/1233 870/870/870 1005/1005/1005
f 899/899/899 511/511/511 698/698/698
f 445/445/445 560/560/560 586/586/586
f 445/445/445 435/435/435 560/560/560
f 329/329/329 566/566/566 395/395/395
f 187/187/187 385/385/385 435/435/435
f 395/395/395 280/280/280 301/301/301
f 2/2/2 315/315/315 380/380/380
f 2/2/2 1874/1874/1874 315/315/315
f 187/187/187 58/58/58 385/385/385
f 45/45/45 36/36/36 223/223/223
f 36/36/36 1811/1811/1811 63/63/63
f 1811/1811/1811 58/58/58 63/63/63
f 3/3/3 2145/2145/2145 1875/1875/1875
f 1846/1846/1846 1896/1896/1896 1920/1920/1920
f 1852/1852/1852 1940/1940/1940 1910/1910/1910
f 1867/1867/1867 2109/2109/2109 1950/1950/1950
f 1992/1992/1992 2060/2060/2060 1970/1970/1970
f 2369/2369/2369 2415/2415/2415 2346/2346/2346
f 2346/2346/2346 2444/2444/2444 2369/2369/2369
f 2397/2397/2397 2396/2396/2396 2426/2426/2426
f 2569/2569/2569 2542/2542/2542 2524/2524/2524
f 2612/2612/2612 2639/2639/2639 2587/2587/2587
f 2639/2639/2639 2571/2571/2571 2525/2525/2525
f 1709/1709/1709 1713/1713/1713 1651/1651/1651
f 1709/1709/1709 1434/1434/1434 1233/1233/1233
f 1193/1193/1193 1199/1199/1199 1324/1324/1324
f 1212/1212/1212 1225/1225/1225 1294/1294/1294
f 1017/1017/1017 1175/1175/1175 1229/1229/1229
f 1229/1229/1229 1031/1031/1031 1017/1017/1017
f 1028/1028/1028 1009/1009/1009 912/912/912
f 1028/1028/1028 912/912/912 971/971/971
f 973/973/973 683/683/683 1173/1173/1173
f 891/891/891 912/912/912 1009/1009/1009
f 775/775/775 538/538/538 642/642/642
f 422/422/422 511/511/511 899/899/899
f 642/642/642 527/527/527 756/756/756
f 565/565/565 551/551/551 652/652/652
f 569/569/569 408/408/408 272/272/272
f 430/430/430 397/397/397 626/626/626
f 45/45/45 223/223/223 429/429/429
f 385/385/385 49/49/49 417/417/417
f 280/280/280 206/206/206 301/301/301
f 223/223/223 63/63/63 270/270/270
f 125/125/125 100/100/100 206/206/206
f 223/223/223 36/36/36 63/63/63
f 1955/1955/1955 10/10/10 49/49/49
f 1846/1846/1846 1879/1879/1879 13/13/13
f 10/10/10 1896/1896/1896 1846/1846/1846
f 1932/1932/1932 2077/2077/2077 1939/1939/1939
f 2460/2460/2460 2381/2381/2381 2109/2109/2109
f 705/705/705 682/682/682 972/972/972
f 854/854/854 971/971/971 850/850/850
f 854/854/854 850/850/850 821/821/821
f 851/851/851 691/691/691 1017/1017/1017
f 725/725/725 644/644/644 878/878/878
f 627/627/627 775/775/775 878/878/878
f 627/627/627 538/538/538 775/775/775
f 730/730/730 652/652/652 551/551/551
f 329/329/329 550/550/550 566/566/566
f 786/786/786 385/385/385 417/417/417
f 417/417/417 430/430/430 786/786/786
f 429/429/429 223/223/223 445/445/445
f 223/223/223 270/270/270 445/445/445
f 435/435/435 445/445/445 187/187/187
f 270/270/270 187/187/187 445/445/445
f 301/301/301 206/206/206 204/204/204
f 63/63/63 187/187/187 270/270/270
f 206/206/206 100/100/100 204/204/204
f 272/272/272 50/50/50 14/14/14
f 187/187/187 63/63/63 58/58/58
f 1873/1873/1873 135/135/135 314/314/314
f 112/112/112 1838/1838/1838 93/93/93
f 13/13/13 2/2/2 380/380/380
f 112/112/112 1852/1852/1852 1838/1838/1838
f 1879/1879/1879 2/2/2 13/13/13
f 2049/2049/2049 1885/1885/1885 2397/2397/2397
f 1992/1992/1992 1970/1970/1970 45/45/45
f 2354/2354/2354 2406/2406/2406 2114/2114/2114
f 2355/2355/2355 2115/2115/2115 2273/2273/2273
f 2444/2444/2444 2401/2401/2401 2325/2325/2325
f 2426/2426/2426 2396/2396/2396 2423/2423/2423
f 2556/2556/2556 2598/2598/2598 2507/2507/2507
f 2507/2507/2507 2598/2598/2598 2587/2587/2587
f 1009/1009/1009 1028/1028/1028 1051/1051/1051
f 912/912/912 850/850/850 971/971/971
f 763/763/763 793/793/793 850/850/850
f 536/536/536 627/627/627 878/878/878
f 851/851/851 551/551/551 691/691/691
f 705/705/705 408/408/408 569/569/569
f 482/482/482 436/436/436 698/698/698
f 436/436/436 45/45/45 429/429/429
f 395/395/395 301/301/301 329/329/329
f 444/444/444 285/285/285 218/218/218
f 214/214/214 45/45/45 436/436/436
f 397/397/397 13/13/13 380/380/380
f 1866/1866/1866 1949/1949/1949 50/50/50
f 1992/1992/1992 45/45/45 71/71/71
f 1939/1939/1939 2077/2077/2077 1909/1909/1909
f 2211/2211/2211 2109/2109/2109 1867/1867/1867
f 2241/2241/2241 2355/2355/2355 2273/2273/2273
f 1398/1398/1398 1311/1311/1311 1342/1342/1342
f 1342/1342/1342 1311/1311/1311 1315/1315/1315
f 1114/1114/1114 1225/1225/1225 1212/1212/1212
f 1073/1073/1073 1101/1101/1101 1087/1087/1087
f 763/763/763 644/644/644 725/725/725
f 482/482/482 214/214/214 436/436/436
f 417/417/417 397/397/397 430/430/430
f 301/301/301 204/204/204 329/329/329
f 214/214/214 71/71/71 45/45/45
f 417/417/417 49/49/49 10/10/10
f 10/10/10 397/397/397 417/417/417
f 10/10/10 13/13/13 397/397/397
f 1843/1843/1843 125/125/125 92/92/92
f 13/13/13 10/10/10 1846/1846/1846
f 2406/2406/2406 2466/2466/2466 2424/2424/2424
f 2587/2587/2587 2501/2501/2501 2507/2507/2507
f 2500/2500/2500 2524/2524/2524 2483/2483/2483
f 2587/2587/2587 2639/2639/2639 2501/2501/2501
f 1680/1680/1680 1398/1398/1398 1342/1342/1342
f 1139/1139/1139 1129/1129/1129 1101/1101/1101
f 1139/1139/1139 1101/1101/1101 1073/1073/1073
f 1101/1101/1101 1098/1098/1098 1087/1087/1087
f 1098/1098/1098 1028/1028/1028 1087/1087/1087
f 1051/1051/1051 1028/1028/1028 1098/1098/1098
f 644/644/644 536/536/536 878/878/878
f 643/643/643 447/447/447 528/528/528
f 1843/1843/1843 100/100/100 125/125/125
f 1875/1875/1875 2145/2145/2145 2054/2054/2054
f 2229/2229/2229 1991/1991/1991 2107/2107/2107
f 2192/2192/2192 2369/2369/2369 2444/2444/2444
f 2420/2420/2420 2473/2473/2473 2481/2481/2481
f 2639/2639/2639 2525/2525/2525 2501/2501/2501
f 1199/1199/1199 1173/1173/1173 1324/1324/1324
f 1051/1051/1051 929/929/929 1009/1009/1009
f 929/929/929 891/891/891 1009/1009/1009
f 828/828/828 763/763/763 850/850/850
f 828/828/828 687/687/687 763/763/763
f 539/539/539 447/447/447 643/643/643
f 511/511/511 482/482/482 698/698/698
f 329/329/329 294/294/294 550/550/550
f 329/329/329 204/204/204 294/294/294
f 1866/1866/1866 50/50/50 116/116/116
f 2032/2032/2032 2077/2077/2077 2114/2114/2114
f 2272/2272/2272 2114/2114/2114 2077/2077/2077
f 2241/2241/2241 2273/2273/2273 1933/1933/1933
f 2114/2114/2114 2406/2406/2406 2424/2424/2424
f 2423/2423/2423 2415/2415/2415 2232/2232/2232
f 2466/2466/2466 2506/2506/2506 2424/2424/2424
f 1651/1651/1651 1713/1713/1713 1681/1681/1681
f 1315/1315/1315 1212/1212/1212 1294/1294/1294
f 1132/1132/1132 1129/1129/1129 1225/1225/1225
f 1114/1114/1114 1132/1132/1132 1225/1225/1225
f 1098/1098/1098 1101/1101/1101 1129/1129/1129
f 891/891/891 907/907/907 912/912/912
f 907/907/907 850/850/850 912/912/912
f 1017/1017/1017 691/691/691 746/746/746
f 855/855/855 518/518/518 707/707/707
f 511/511/511 214/214/214 482/482/482
f 71/71/71 214/214/214 511/511/511
f 101/101/101 1853/1853/1853 65/65/65
f 1852/1852/1852 1910/1910/1910 1838/1838/1838
f 1909/1909/1909 2077/2077/2077 2032/2032/2032
f 2114/2114/2114 2085/2085/2085 2032/2032/2032
f 2085/2085/2085 2114/2114/2114 2187/2187/2187
f 2178/2178/2178 2325/2325/2325 2107/2107/2107
f 2325/2325/2325 2229/2229/2229 2107/2107/2107
f 2424/2424/2424 2187/2187/2187 2114/2114/2114
f 2415/2415/2415 2369/2369/2369 2232/2232/2232
f 2506/2506/2506 2500/2500/2500 2467/2467/2467
f 1268/1268/1268 1233/1233/1233 1005/1005/1005
f 1023/1023/1023 1227/1227/1227 1176/1176/1176
f 1132/1132/1132 1098/1098/1098 1129/1129/1129
f 746/746/746 1022/1022/1022 1017/1017/1017
f 295/295/295 451/451/451 551/551/551
f 100/100/100 64/64/64 120/120/120
f 65/65/65 48/48/48 121/121/121
f 1844/1844/1844 1853/1853/1853 101/101/101
f 2107/2107/2107 1991/1991/1991 1974/1974/1974
f 1933/1933/1933 2273/2273/2273 2078/2078/2078
f 2178/2178/2178 2256/2256/2256 2325/2325/2325
f 1492/1492/1492 1644/1644/1644 1712/1712/1712
f 1709/1709/1709 1233/1233/1233 1268/1268/1268
f 1017/1017/1017 1022/1022/1022 1175/1175/1175
f 384/384/384 382/382/382 456/456/456
f 382/382/382 444/444/444 456/456/456
f 120/120/120 294/294/294 204/204/204
f 48/48/48 65/65/65 1853/1853/1853
f 1975/1975/1975 1992/1992/1992 71/71/71
f 1836/1836/1836 1843/1843/1843 92/92/92
f 1838/1838/1838 1910/1910/1910 2033/2033/2033
f 2065/2065/2065 2211/2211/2211 1867/1867/1867
f 2054/2054/2054 2145/2145/2145 2159/2159/2159
f 2312/2312/2312 2139/2139/2139 2245/2245/2245
f 2232/2232/2232 2369/2369/2369 2192/2192/2192
f 1708/1708/1708 1492/1492/1492 1712/1712/1712
f 1212/1212/1212 1131/1131/1131 1114/1114/1114
f 973/973/973 1199/1199/1199 707/707/707
f 907/907/907 828/828/828 850/850/850
f 855/855/855 707/707/707 1199/1199/1199
f 1005/1005/1005 870/870/870 510/510/510
f 701/701/701 687/687/687 828/828/828
f 691/691/691 551/551/551 515/515/515
f 746/746/746 515/515/515 639/639/639
f 535/535/535 644/644/644 763/763/763
f 447/447/447 255/255/255 528/528/528
f 255/255/255 423/423/423 528/528/528
f 135/135/135 384/384/384 456/456/456
f 16/16/16 71/71/71 511/511/511
f 204/204/204 100/100/100 120/120/120
f 1975/1975/1975 71/71/71 16/16/16
f 1875/1875/1875 2054/2054/2054 1930/1930/1930
f 1838/1838/1838 2033/2033/2033 1898/1898/1898
f 2325/2325/2325 2256/2256/2256 2444/2444/2444
f 2420/2420/2420 2481/2481/2481 2460/2460/2460
f 1227/1227/1227 1023/1023/1023 1024/1024/1024
f 1199/1199/1199 973/973/973 1173/1173/1173
f 518/518/518 855/855/855 932/932/932
f 687/687/687 535/535/535 763/763/763
f 644/644/644 535/535/535 536/536/536
f 572/572/572 518/518/518 932/932/932
f 386/386/386 447/447/447 539/539/539
f 250/250/250 517/517/517 400/400/400
f 122/122/122 451/451/451 295/295/295
f 116/116/116 50/50/50 408/408/408
f 1866/1866/1866 116/116/116 449/449/449
f 186/186/186 1835/1835/1835 219/219/219
f 1873/1873/1873 117/117/117 135/135/135
f 1897/1897/1897 1844/1844/1844 1837/1837/1837
f 2220/2220/2220 2444/2444/2444 2256/2256/2256
f 2397/2397/2397 2426/2426/2426 2231/2231/2231
f 2467/2467/2467 2500/2500/2500 2478/2478/2478
f 2524/2524/2524 2542/2542/2542 2428/2428/2428
f 1433/1433/1433 1680/1680/1680 1712/1712/1712
f 1680/1680/1680 1433/1433/1433 1398/1398/1398
f 828/828/828 871/871/871 814/814/814
f 814/814/814 701/701/701 828/828/828
f 687/687/687 532/532/532 535/535/535
f 571/571/571 400/400/400 517/517/517
f 537/537/537 386/386/386 539/539/539
f 421/421/421 667/667/667 526/526/526
f 515/515/515 290/290/290 639/639/639
f 16/16/16 511/511/511 422/422/422
f 407/407/407 451/451/451 122/122/122
f 408/408/408 50/50/50 272/272/272
f 51/51/51 1780/1780/1780 91/91/91
f 1844/1844/1844 1897/1897/1897 1853/1853/1853
f 1897/1897/1897 2014/2014/2014 1853/1853/1853
f 2032/2032/2032 2085/2085/2085 1897/1897/1897
f 2085/2085/2085 2014/2014/2014 1897/1897/1897
f 2145/2145/2145 2312/2312/2312 2159/2159/2159
f 2192/2192/2192 2444/2444/2444 2220/2220/2220
f 2316/2316/2316 2423/2423/2423 2232/2232/2232
f 2250/2250/2250 2423/2423/2423 2316/2316/2316
f 2506/2506/2506 2467/2467/2467 2476/2476/2476
f 2483/2483/2483 2524/2524/2524 2428/2428/2428
f 1315/1315/1315 1311/1311/1311 1257/1257/1257
f 1098/1098/1098 924/924/924 1051/1051/1051
f 1116/1116/1116 855/855/855 1199/1199/1199
f 701/701/701 645/645/645 687/687/687
f 515/515/515 746/746/746 691/691/691
f 536/536/536 538/538/538 627/627/627
f 122/122/122 244/244/244 407/407/407
f 217/217/217 290/290/290 407/407/407
f 384/384/384 135/135/135 117/117/117
f 121/121/121 48/48/48 243/243/243
f 48/48/48 216/216/216 243/243/243
f 2065/2065/2065 2460/2460/2460 2211/2211/2211
f 2426/2426/2426 2423/2423/2423 2250/2250/2250
f 2420/2420/2420 2460/2460/2460 2065/2065/2065
f 2478/2478/2478 2500/2500/2500 2483/2483/2483
f 1132/1132/1132 1114/1114/1114 1142/1142/1142
f 1131/1131/1131 1142/1142/1142 1114/1114/1114
f 1078/1078/1078 1006/1006/1006 1098/1098/1098
f 992/992/992 1006/1006/1006 1078/1078/1078
f 1051/1051/1051 924/924/924 929/929/929
f 907/907/907 871/871/871 828/828/828
f 816/816/816 673/673/673 814/814/814
f 814/814/814 673/673/673 701/701/701
f 551/551/551 451/451/451 515/515/515
f 451/451/451 407/407/407 515/515/515
f 290/290/290 399/399/399 639/639/639
f 217/217/217 407/407/407 244/244/244
f 88/88/88 1867/1867/1867 450/450/450
f 1809/1809/1809 1974/1974/1974 17/17/17
f 2074/2074/2074 1853/1853/1853 2014/2014/2014
f 2178/2178/2178 2107/2107/2107 1974/1974/1974
f 2178/2178/2178 2190/2190/2190 2256/2256/2256
f 2420/2420/2420 2553/2553/2553 2473/2473/2473
f 1644/1644/1644 1433/1433/1433 1712/1712/1712
f 1142/1142/1142 1098/1098/1098 1132/1132/1132
f 1006/1006/1006 924/924/924 1098/1098/1098
f 871/871/871 816/816/816 814/814/814
f 399/399/399 570/570/570 639/639/639
f 1873/1873/1873 1929/1929/1929 117/117/117
f 1853/1853/1853 1855/1855/1855 48/48/48
f 1853/1853/1853 2074/2074/2074 1855/1855/1855
f 2187/2187/2187 2304/2304/2304 2076/2076/2076
f 2316/2316/2316 2232/2232/2232 2250/2250/2250
f 932/932/932 855/855/855 1116/1116/1116
f 1023/1023/1023 747/747/747 1024/1024/1024
f 891/891/891 924/924/924 907/907/907
f 645/645/645 532/532/532 687/687/687
f 285/285/285 185/185/185 218/218/218
f 2014/2014/2014 2085/2085/2085 2074/2074/2074
f 2085/2085/2085 2187/2187/2187 2074/2074/2074
f 2232/2232/2232 2192/2192/2192 2027/2027/2027
f 2231/2231/2231 2426/2426/2426 2250/2250/2250
f 2304/2304/2304 2467/2467/2467 2478/2478/2478
f 2553/2553/2553 2420/2420/2420 2065/2065/2065
f 2428/2428/2428 2542/2542/2542 2552/2552/2552
f 2553/2553/2553 2543/2543/2543 2473/2473/2473
f 1491/1491/1491 1709/1709/1709 1440/1440/1440
f 1709/1709/1709 1268/1268/1268 1440/1440/1440
f 1315/1315/1315 1257/1257/1257 1212/1212/1212
f 929/929/929 924/924/924 891/891/891
f 645/645/645 583/583/583 532/532/532
f 532/532/532 452/452/452 535/535/535
f 535/535/535 452/452/452 536/536/536
f 407/407/407 290/290/290 515/515/515
f 2187/2187/2187 2076/2076/2076 1976/1976/1976
f 1963/1963/1963 2178/2178/2178 1974/1974/1974
f 2190/2190/2190 2178/2178/2178 1963/1963/1963
f 2232/2232/2232 2027/2027/2027 1979/1979/1979
f 2192/2192/2192 2220/2220/2220 2027/2027/2027
f 2245/2245/2245 2139/2139/2139 2117/2117/2117
f 2428/2428/2428 2012/2012/2012 1962/1962/1962
f 2190/2190/2190 2220/2220/2220 2256/2256/2256
f 2460/2460/2460 2109/2109/2109 2211/2211/2211
f 2476/2476/2476 2187/2187/2187 2424/2424/2424
f 1398/1398/1398 1257/1257/1257 1311/1311/1311
f 1142/1142/1142 1081/1081/1081 1098/1098/1098
f 1078/1078/1078 1098/1098/1098 1081/1081/1081
f 1024/1024/1024 1116/1116/1116 1227/1227/1227
f 924/924/924 871/871/871 907/907/907
f 1024/1024/1024 747/747/747 640/640/640
f 640/640/640 572/572/572 1024/1024/1024
f 701/701/701 583/583/583 645/645/645
f 386/386/386 255/255/255 447/447/447
f 88/88/88 450/450/450 250/250/250
f 423/423/423 1809/1809/1809 17/17/17
f 216/216/216 48/48/48 1927/1927/1927
f 51/51/51 2049/2049/2049 1801/1801/1801
f 1855/1855/1855 1976/1976/1976 48/48/48
f 1809/1809/1809 1963/1963/1963 1974/1974/1974
f 2065/2065/2065 1985/1985/1985 2013/2013/2013
f 2478/2478/2478 1962/1962/1962 2076/2076/2076
f 2553/2553/2553 2065/2065/2065 2013/2013/2013
f 2076/2076/2076 2304/2304/2304 2478/2478/2478
f 2049/2049/2049 2397/2397/2397 2231/2231/2231
f 2304/2304/2304 2476/2476/2476 2467/2467/2467
f 2424/2424/2424 2506/2506/2506 2476/2476/2476
f 1257/1257/1257 1131/1131/1131 1212/1212/1212
f 1024/1024/1024 932/932/932 1116/1116/1116
f 1024/1024/1024 572/572/572 932/932/932
f 621/621/621 673/673/673 816/816/816
f 621/621/621 701/701/701 673/673/673
f 382/382/382 285/285/285 444/444/444
f 255/255/255 386/386/386 283/283/283
f 1809/1809/1809 423/423/423 255/255/255
f 62/62/62 250/250/250 400/400/400
f 51/51/51 1801/1801/1801 1780/1780/1780
f 46/46/46 2065/2065/2065 1867/1867/1867
f 1976/1976/1976 1855/1855/1855 2074/2074/2074
f 1913/1913/1913 2190/2190/2190 1963/1963/1963
f 2250/2250/2250 2232/2232/2232 1979/1979/1979
f 2478/2478/2478 2428/2428/2428 1962/1962/1962
f 2476/2476/2476 2304/2304/2304 2187/2187/2187
f 583/583/583 603/603/603 532/532/532
f 543/543/543 452/452/452 532/532/532
f 250/250/250 450/450/450 517/517/517
f 510/510/510 870/870/870 346/346/346
f 449/449/449 116/116/116 408/408/408
f 234/234/234 91/91/91 1780/1780/1780
f 216/216/216 24/24/24 289/289/289
f 24/24/24 1962/1962/1962 31/31/31
f 1880/1880/1880 2027/2027/2027 1821/1821/1821
f 31/31/31 1962/1962/1962 2012/2012/2012
f 1913/1913/1913 2220/2220/2220 2190/2190/2190
f 2231/2231/2231 2250/2250/2250 2028/2028/2028
f 2159/2159/2159 2312/2312/2312 2245/2245/2245
f 1078/1078/1078 1043/1043/1043 992/992/992
f 1043/1043/1043 1078/1078/1078 1081/1081/1081
f 1006/1006/1006 939/939/939 924/924/924
f 1006/1006/1006 992/992/992 910/910/910
f 939/939/939 871/871/871 924/924/924
f 603/603/603 701/701/701 621/621/621
f 603/603/603 583/583/583 701/701/701
f 543/543/543 532/532/532 603/603/603
f 517/517/517 450/450/450 706/706/706
f 536/536/536 452/452/452 372/372/372
f 373/373/373 386/386/386 537/537/537
f 453/453/453 300/300/300 373/373/373
f 345/345/345 91/91/91 234/234/234
f 24/24/24 398/398/398 289/289/289
f 1831/1831/1831 2139/2139/2139 1835/1835/1835
f 1963/1963/1963 1809/1809/1809 1845/1845/1845
f 2027/2027/2027 2220/2220/2220 1821/1821/1821
f 2250/2250/2250 1979/1979/1979 1908/1908/1908
f 2028/2028/2028 2250/2250/2250 1908/1908/1908
f 2012/2012/2012 2428/2428/2428 2552/2552/2552
f 1131/1131/1131 1163/1163/1163 1142/1142/1142
f 621/621/621 543/543/543 603/603/603
f 506/506/506 452/452/452 543/543/543
f 449/449/449 408/408/408 705/705/705
f 299/299/299 452/452/452 506/506/506
f 283/283/283 82/82/82 255/255/255
f 255/255/255 82/82/82 99/99/99
f 99/99/99 1809/1809/1809 255/255/255
f 1845/1845/1845 1809/1809/1809 99/99/99
f 88/88/88 46/46/46 1867/1867/1867
f 1962/1962/1962 24/24/24 1927/1927/1927
f 48/48/48 1976/1976/1976 1927/1927/1927
f 1913/1913/1913 1963/1963/1963 1845/1845/1845
f 1979/1979/1979 2027/2027/2027 1880/1880/1880
f 1821/1821/1821 2220/2220/2220 1913/1913/1913
f 2187/2187/2187 1976/1976/1976 2074/2074/2074
f 1492/1492/1492 1469/1469/1469 1644/1644/1644
f 1257/1257/1257 1166/1166/1166 1131/1131/1131
f 1166/1166/1166 1163/1163/1163 1131/1131/1131
f 1163/1163/1163 1081/1081/1081 1142/1142/1142
f 958/958/958 910/910/910 992/992/992
f 939/939/939 852/852/852 871/871/871
f 816/816/816 871/871/871 852/852/852
f 816/816/816 690/690/690 621/621/621
f 373/373/373 283/283/283 386/386/386
f 373/373/373 1821/1821/1821 283/283/283
f 1821/1821/1821 82/82/82 283/283/283
f 82/82/82 1845/1845/1845 99/99/99
f 82/82/82 1839/1839/1839 1845/1845/1845
f 216/216/216 1927/1927/1927 24/24/24
f 1831/1831/1831 1835/1835/1835 186/186/186
f 1839/1839/1839 1913/1913/1913 1845/1845/1845
f 958/958/958 992/992/992 1043/1043/1043
f 910/910/910 852/852/852 939/939/939
f 816/816/816 852/852/852 910/910/910
f 690/690/690 543/543/543 621/621/621
f 510/510/510 346/346/346 233/233/233
f 1821/1821/1821 1839/1839/1839 82/82/82
f 1781/1781/1781 1821/1821/1821 140/140/140
f 1781/1781/1781 1880/1880/1880 1821/1821/1821
f 1985/1985/1985 46/46/46 62/62/62
f 2049/2049/2049 1823/1823/1823 1801/1801/1801
f 2231/2231/2231 1823/1823/1823 2049/2049/2049
f 2231/2231/2231 2028/2028/2028 1823/1823/1823
f 2483/2483/2483 2428/2428/2428 2478/2478/2478
f 1433/1433/1433 1230/1230/1230 1398/1398/1398
f 1006/1006/1006 910/910/910 939/939/939
f 690/690/690 506/506/506 543/543/543
f 361/361/361 382/382/382 384/384/384
f 398/398/398 24/24/24 31/31/31
f 1801/1801/1801 1823/1823/1823 1780/1780/1780
f 1979/1979/1979 1880/1880/1880 1781/1781/1781
f 1787/1787/1787 2028/2028/2028 9/9/9
f 1821/1821/1821 1913/1913/1913 1839/1839/1839
f 9/9/9 2028/2028/2028 1908/1908/1908
f 2139/2139/2139 1831/1831/1831 2117/2117/2117
f 1466/1466/1466 1433/1433/1433 1644/1644/1644
f 300/300/300 507/507/507 140/140/140
f 300/300/300 140/140/140 373/373/373
f 1763/1763/1763 140/140/140 159/159/159
f 1763/1763/1763 1781/1781/1781 140/140/140
f 1908/1908/1908 1763/1763/1763 9/9/9
f 1979/1979/1979 1781/1781/1781 1763/1763/1763
f 1823/1823/1823 1787/1787/1787 1780/1780/1780
f 1823/1823/1823 2028/2028/2028 1787/1787/1787
f 1908/1908/1908 1979/1979/1979 1763/1763/1763
f 2054/2054/2054 2159/2159/2159 1930/1930/1930
f 1469/1469/1469 1466/1466/1466 1644/1644/1644
f 1230/1230/1230 1257/1257/1257 1398/1398/1398
f 1257/1257/1257 1230/1230/1230 1166/1166/1166
f 140/140/140 1821/1821/1821 373/373/373
f 1985/1985/1985 2065/2065/2065 46/46/46
f 2076/2076/2076 1962/1962/1962 1927/1927/1927
f 1166/1166/1166 1081/1081/1081 1163/1163/1163
f 1166/1166/1166 958/958/958 1043/1043/1043
f 1043/1043/1043 1081/1081/1081 1166/1166/1166
f 468/468/468 139/139/139 506/506/506
f 469/469/469 159/159/159 140/140/140
f 117/117/117 361/361/361 384/384/384
f 32/32/32 62/62/62 400/400/400
f 46/46/46 250/250/250 62/62/62
f 1780/1780/1780 1787/1787/1787 234/234/234
f 1976/1976/1976 2076/2076/2076 1927/1927/1927
f 1166/1166/1166 1230/1230/1230 1040/1040/1040
f 958/958/958 1166/1166/1166 1040/1040/1040
f 690/690/690 910/910/910 958/958/958
f 468/468/468 506/506/506 690/690/690
f 32/32/32 1985/1985/1985 62/62/62
f 1492/1492/1492 1282/1282/1282 1469/1469/1469
f 690/690/690 816/816/816 910/910/910
f 350/350/350 382/382/382 361/361/361
f 9/9/9 1763/1763/1763 159/159/159
f 46/46/46 88/88/88 250/250/250
f 1469/1469/1469 1282/1282/1282 1466/1466/1466
f 1268/1268/1268 1491/1491/1491 1440/1440/1440
f 1262/1262/1262 1230/1230/1230 1433/1433/1433
f 804/804/804 958/958/958 1040/1040/1040
f 690/690/690 958/958/958 804/804/804
f 8/8/8 440/440/440 492/492/492
f 9/9/9 159/159/159 441/441/441
f 117/117/117 1929/1929/1929 106/106/106
f 1282/1282/1282 1270/1270/1270 1466/1466/1466
f 1466/1466/1466 1262/1262/1262 1433/1433/1433
f 468/468/468 690/690/690 531/531/531
f 382/382/382 185/185/185 285/285/285
f 457/457/457 8/8/8 492/492/492
f 1787/1787/1787 9/9/9 459/459/459
f 361/361/361 117/117/117 106/106/106
f 2013/2013/2013 1985/1985/1985 32/32/32
f 1268/1268/1268 1284/1284/1284 1491/1491/1491
f 804/804/804 531/531/531 690/690/690
f 531/531/531 158/158/158 468/468/468
f 233/233/233 1788/1788/1788 458/458/458
f 1466/1466/1466 1270/1270/1270 1262/1262/1262
f 233/233/233 458/458/458 510/510/510
f 440/440/440 158/158/158 531/531/531
f 350/350/350 368/368/368 382/382/382
f 368/368/368 185/185/185 382/382/382
f 106/106/106 350/350/350 361/361/361
f 106/106/106 1929/1929/1929 1937/1937/1937
f 1930/1930/1930 2159/2159/2159 2162/2162/2162
f 1285/1285/1285 1282/1282/1282 1492/1492/1492
f 1938/1938/1938 1930/1930/1930 2162/2162/2162
f 2159/2159/2159 2245/2245/2245 2162/2162/2162
f 1262/1262/1262 1040/1040/1040 1230/1230/1230
f 302/302/302 331/331/331 350/350/350
f 350/350/350 331/331/331 368/368/368
f 106/106/106 83/83/83 350/350/350
f 83/83/83 302/302/302 350/350/350
f 1789/1789/1789 185/185/185 141/141/141
f 1937/1937/1937 83/83/83 106/106/106
f 1789/1789/1789 1830/1830/1830 185/185/185
f 1937/1937/1937 1934/1934/1934 83/83/83
f 2044/2044/2044 1830/1830/1830 1789/1789/1789
f 1938/1938/1938 2162/2162/2162 1935/1935/1935
f 2117/2117/2117 1831/1831/1831 2045/2045/2045
f 1935/1935/1935 2162/2162/2162 2126/2126/2126
f 2162/2162/2162 2186/2186/2186 2126/2126/2126
f 2186/2186/2186 2117/2117/2117 2045/2045/2045
f 2162/2162/2162 2245/2245/2245 2186/2186/2186
f 2245/2245/2245 2117/2117/2117 2186/2186/2186
f 1004/1004/1004 1040/1040/1040 1262/1262/1262
f 368/368/368 331/331/331 185/185/185
f 331/331/331 141/141/141 185/185/185
f 492/492/492 440/440/440 625/625/625
f 440/440/440 531/531/531 625/625/625
f 236/236/236 113/113/113 141/141/141
f 113/113/113 1789/1789/1789 141/141/141
f 83/83/83 1934/1934/1934 38/38/38
f 2135/2135/2135 2186/2186/2186 2045/2045/2045
f 2126/2126/2126 2186/2186/2186 2106/2106/2106
f 2106/2106/2106 2186/2186/2186 2135/2135/2135
f 1004/1004/1004 804/804/804 1040/1040/1040
f 625/625/625 531/531/531 804/804/804
f 457/457/457 492/492/492 625/625/625
f 302/302/302 83/83/83 190/190/190
f 331/331/331 236/236/236 141/141/141
f 985/985/985 1262/1262/1262 1270/1270/1270
f 857/857/857 804/804/804 1004/1004/1004
f 510/510/510 970/970/970 1005/1005/1005
f 625/625/625 804/804/804 857/857/857
f 970/970/970 510/510/510 458/458/458
f 457/457/457 625/625/625 969/969/969
f 1284/1284/1284 1268/1268/1268 970/970/970
f 1285/1285/1285 969/969/969 1282/1282/1282
f 969/969/969 985/985/985 1282/1282/1282
f 1282/1282/1282 985/985/985 1270/1270/1270
f 1005/1005/1005 970/970/970 1268/1268/1268
f 857/857/857 1004/1004/1004 985/985/985
f 969/969/969 625/625/625 857/857/857
f 302/302/302 236/236/236 331/331/331
f 38/38/38 1934/1934/1934 1941/1941/1941
f 1935/1935/1935 2126/2126/2126 2106/2106/2106
f 985/985/985 1004/1004/1004 1262/1262/1262
f 2019/2019/2019 2044/2044/2044 1789/1789/1789
f 190/190/190 236/236/236 302/302/302
f 2045/2045/2045 2020/2020/2020 2135/2135/2135
f 969/969/969 857/857/857 985/985/985
f 83/83/83 38/38/38 190/190/190
f 1935/1935/1935 2106/2106/2106 1943/1943/1943
f 1806/1806/1806 1789/1789/1789 113/113/113
f 39/39/39 1942/1942/1942 2018/2018/2018
f 1806/1806/1806 2019/2019/2019 1789/1789/1789
f 236/236/236 148/148/148 113/113/113
f 148/148/148 1806/1806/1806 113/113/113
f 2105/2105/2105 2198/2198/2198 1942/1942/1942
f 2106/2106/2106 2135/2135/2135 2199/2199/2199
f 149/149/149 1805/1805/1805 1807/1807/1807
f 1804/1804/1804 2019/2019/2019 1806/1806/1806
f 1942/1942/1942 2198/2198/2198 2018/2018/2018
f 2224/2224/2224 2135/2135/2135 2020/2020/2020
f 308/308/308 236/236/236 190/190/190
f 2225/2225/2225 2021/2021/2021 2056/2056/2056
f 191/191/191 39/39/39 86/86/86
f 39/39/39 2018/2018/2018 86/86/86
f 2134/2134/2134 2223/2223/2223 2198/2198/2198
f 309/309/309 191/191/191 86/86/86
f 149/149/149 237/237/237 321/321/321
f 310/310/310 321/321/321 237/237/237
f 1805/1805/1805 2056/2056/2056 2021/2021/2021
f 2198/2198/2198 2223/2223/2223 2079/2079/2079
f 2225/2225/2225 2056/2056/2056 2080/2080/2080
f 310/310/310 198/198/198 321/321/321
f 103/103/103 149/149/149 321/321/321
f 86/86/86 2018/2018/2018 1964/1964/1964
f 2079/2079/2079 2018/2018/2018 2198/2198/2198
f 198/198/198 103/103/103 321/321/321
f 309/309/309 86/86/86 171/171/171
f 2018/2018/2018 2079/2079/2079 1964/1964/1964
f 171/171/171 197/197/197 309/309/309
f 2080/2080/2080 2056/2056/2056 1947/1947/1947
f 171/171/171 86/86/86 18/18/18
f 86/86/86 1964/1964/1964 18/18/18
f 1786/1786/1786 2056/2056/2056 1805/1805/1805
f 1947/1947/1947 2056/2056/2056 1786/1786/1786
f 1786/1786/1786 1805/1805/1805 149/149/149
f 103/103/103 1786/1786/1786 149/149/149
f 1947/1947/1947 1786/1786/1786 1995/1995/1995
f 2164/2164/2164 2080/2080/2080 1947/1947/1947
f 317/317/317 171/171/171 18/18/18
f 18/18/18 1964/1964/1964 1894/1894/1894
f 276/276/276 1786/1786/1786 103/103/103
f 317/317/317 197/197/197 171/171/171
f 317/317/317 18/18/18 1894/1894/1894
f 276/276/276 1770/1770/1770 1786/1786/1786
f 1995/1995/1995 1786/1786/1786 1770/1770/1770
f 197/197/197 317/317/317 462/462/462
f 276/276/276 103/103/103 198/198/198
f 317/317/317 1894/1894/1894 1854/1854/1854
f 1995/1995/1995 2164/2164/2164 1947/1947/1947
f 1964/1964/1964 2079/2079/2079 2236/2236/2236
f 1894/1894/1894 1964/1964/1964 2236/2236/2236
f 442/442/442 462/462/462 317/317/317
f 317/317/317 1854/1854/1854 97/97/97
f 2079/2079/2079 2163/2163/2163 2236/2236/2236
f 276/276/276 198/198/198 463/463/463
f 364/364/364 276/276/276 463/463/463
f 479/479/479 363/363/363 462/462/462
f 564/564/564 479/479/479 462/462/462
f 2236/2236/2236 2163/2163/2163 2184/2184/2184
f 265/265/265 276/276/276 364/364/364
f 1770/1770/1770 1792/1792/1792 1995/1995/1995
f 2236/2236/2236 2184/2184/2184 2237/2237/2237
f 317/317/317 97/97/97 344/344/344
f 317/317/317 344/344/344 442/442/442
f 276/276/276 1792/1792/1792 1770/1770/1770
f 344/344/344 264/264/264 363/363/363
f 1894/1894/1894 2236/2236/2236 2034/2034/2034
f 442/442/442 564/564/564 462/462/462
f 1894/1894/1894 2034/2034/2034 1854/1854/1854
f 97/97/97 264/264/264 344/344/344
f 344/344/344 363/363/363 479/479/479
f 442/442/442 479/479/479 564/564/564
f 265/265/265 245/245/245 276/276/276
f 1995/1995/1995 2185/2185/2185 2164/2164/2164
f 2034/2034/2034 2236/2236/2236 2237/2237/2237
f 344/344/344 479/479/479 442/442/442
f 264/264/264 97/97/97 150/150/150
f 245/245/245 1792/1792/1792 276/276/276
f 1792/1792/1792 2006/2006/2006 1995/1995/1995
f 151/151/151 245/245/245 265/265/265
f 1854/1854/1854 2034/2034/2034 1848/1848/1848
f 2237/2237/2237 2184/2184/2184 2034/2034/2034
f 150/150/150 97/97/97 1848/1848/1848
f 2006/2006/2006 2035/2035/2035 2185/2185/2185
f 245/245/245 157/157/157 1792/1792/1792
f 97/97/97 1854/1854/1854 1848/1848/1848
f 2006/2006/2006 2185/2185/2185 1995/1995/1995
f 151/151/151 157/157/157 245/245/245
f 2006/2006/2006 1792/1792/1792 1803/1803/1803
f 2035/2035/2035 2006/2006/2006 1803/1803/1803
f 157/157/157 1803/1803/1803 1792/1792/1792
f 1848/1848/1848 156/156/156 150/150/150
f 1848/1848/1848 1802/1802/1802 156/156/156
f 1848/1848/1848 2034/2034/2034 1802/1802/1802
